{
  "type": "FeatureCollection",
  "generated_utc": "2026-07-25",
  "source": "EAMENA Zenodo record 12801265 \u2014 Bani Walid, Libya",
  "source_url": "https://zenodo.org/records/12801265",
  "source_file": "mlacd_baniwalid.geojson",
  "license": "CC BY 4.0",
  "downloaded": "2026-07-25",
  "n_sites": 178,
  "distribution": "real_eamena_subset",
  "bbox": [
    13.871551,
    31.733971,
    14.152649,
    31.841298
  ],
  "features": [
    {
      "geometry": {
        "coordinates": [
          14.087918,
          31.821988
        ],
        "type": "Point"
      },
      "properties": {
        "AH Date From": null,
        "AH Date To": null,
        "Address": null,
        "Address Type": null,
        "Administrative Division ": null,
        "Administrative Division Type": null,
        "Archaeological From Date": null,
        "Archaeological To Date": null,
        "Assessment Activity Date": "2016-02-29",
        "Assessment Activity Type": "Desk-based",
        "Assessment Investigator - Actor": "Nichole Sheldrick",
        "BP Date From": null,
        "BP Date To": null,
        "Bedrock Geology Type": null,
        "Built Component": null,
        "Cadastral Reference": "None",
        "Construction Technique": null,
        "Country Type": "Libya",
        "Cultural Period Certainty": "Probable",
        "Cultural Period Type": "Classical/Protohistoric/Pre-Islamic (North Africa)",
        "Cultural Sub-period Certainty": "Probable",
        "Cultural Sub-period Type": "Roman Imperial (North Africa)",
        "Damage Extent Type": "Unknown",
        "Date Inference Making Actor Name": "None",
        "Datum Description/EPSG code": null,
        "Datum Type": null,
        "Depositional Process": null,
        "Designation": null,
        "Designation From Date": null,
        "Designation To Date": null,
        "Detailed Condition Assessments": null,
        "Dimension Type": null,
        "Disturbance Cause Assignment Assessor Name - Actor": "None",
        "Disturbance Cause Category Type": "Unknown",
        "Disturbance Cause Certainty ": "Not Applicable",
        "Disturbance Cause Type ": "Unknown",
        "Disturbance Date From": "None",
        "Disturbance Date Occurred Before": "None",
        "Disturbance Date Occurred On ": "None",
        "Disturbance Date To ": "None",
        "EAMENA ID": "EAMENA-0087482",
        "Effect Certainty": "Not Applicable",
        "Effect Type": "Unknown",
        "Fetch Type": null,
        "GE Imagery Acquisition Date": null,
        "General Description": null,
        "General Description Type": null,
        "Geometry Extent Certainty": "",
        "Geometry Qualifier": "",
        "Google Earth Assessment": "None",
        "Grid ID": "E14N31-33",
        "Heritage Place Function": "Domestic, Agricultural/Pastoral",
        "Heritage Place Function Certainty ": "High, High",
        "Heritage Place Resource Instance": null,
        "Heritage Place Type": null,
        "Imagery Acquisition Date": null,
        "Information Resource": null,
        "Information Resource Acquisition Date": null,
        "Intervention Activity Type": null,
        "Investigator Role Type": "",
        "Land Cover Assessment Date": null,
        "Land Cover Type": null,
        "Location Certainty": "Negligible",
        "Material Class": null,
        "Material Type": null,
        "Maximum Depth/Min Elevation": null,
        "Measurement Number": null,
        "Measurement Source Type ": null,
        "Measurement Unit": null,
        "Minimum Depth/Max Elevation": null,
        "Name Type": "Toponym, Alternative Reference, Designation",
        "Overall Archaeological Certainty Value ": "Definite",
        "Overall Condition State Type": "Unknown",
        "Overall Site Morphology Type": "Positive/Built Feature",
        "Overall Site Shape Type": "Unknown",
        "Priority Type": null,
        "Recommendation Type": null,
        "Related Geoarchaeology/Palaeolandscape": null,
        "Resource Name": "Budur Gediim, Md279-f, E14N31-33_000019",
        "Resource Orientation": "",
        "Restricted Access Record Designation": null,
        "SH Date From": null,
        "SH Date to": null,
        "Site Feature Arrangement Type": "Isolated",
        "Site Feature Form Type": "Structure",
        "Site Feature Form Type Certainty": "Definite",
        "Site Feature Interpretation Certainty": "High, High",
        "Site Feature Interpretation Number Type": "1, 1",
        "Site Feature Interpretation Type": "Farm Building, Settlement/Habitation Site",
        "Site Feature Number Type": "1",
        "Site Feature Shape Type": "Unknown",
        "Spatial Coordinates Ref System": "None",
        "Surficial Geology Type": null,
        "Threat Category": "Unknown",
        "Threat Cause Type": "Unknown",
        "Threat Inference Making Assessor Name - Actor": "None",
        "Threat Probability ": "Not Applicable",
        "Tidal Range": null,
        "Topography Type": null,
        "Wave Climate": null
      },
      "type": "Feature"
    },
    {
      "geometry": {
        "coordinates": [
          14.04713,
          31.764348
        ],
        "type": "Point"
      },
      "properties": {
        "AH Date From": null,
        "AH Date To": null,
        "Address": null,
        "Address Type": null,
        "Administrative Division ": null,
        "Administrative Division Type": null,
        "Archaeological From Date": null,
        "Archaeological To Date": null,
        "Assessment Activity Date": "2020-04-16, 2020-04-16",
        "Assessment Activity Type": "Archaeological Assessment (Image Interpretation), Archaeological Assessment (Image Interpretation)",
        "Assessment Investigator - Actor": "Martin Sterry, Louise Rayne",
        "BP Date From": null,
        "BP Date To": null,
        "Bedrock Geology Type": null,
        "Built Component": null,
        "Cadastral Reference": "None, None",
        "Construction Technique": null,
        "Country Type": "Libya, ",
        "Cultural Period Certainty": "Possible",
        "Cultural Period Type": "Contemporary Islamic (MENA)",
        "Cultural Sub-period Certainty": null,
        "Cultural Sub-period Type": null,
        "Damage Extent Type": "91-100%",
        "Date Inference Making Actor Name": "Louise Rayne",
        "Datum Description/EPSG code": null,
        "Datum Type": null,
        "Depositional Process": null,
        "Designation": null,
        "Designation From Date": null,
        "Designation To Date": null,
        "Detailed Condition Assessments": null,
        "Dimension Type": null,
        "Disturbance Cause Assignment Assessor Name - Actor": "Louise Rayne",
        "Disturbance Cause Category Type": "Unknown",
        "Disturbance Cause Certainty ": "Medium",
        "Disturbance Cause Type ": "Demolition/Destruction",
        "Disturbance Date From": "None",
        "Disturbance Date Occurred Before": "2013-07-30",
        "Disturbance Date Occurred On ": "None",
        "Disturbance Date To ": "None",
        "EAMENA ID": "EAMENA-0178879",
        "Effect Certainty": null,
        "Effect Type": null,
        "Fetch Type": null,
        "GE Imagery Acquisition Date": null,
        "General Description": null,
        "General Description Type": null,
        "Geometry Extent Certainty": "",
        "Geometry Qualifier": "",
        "Google Earth Assessment": "None, None",
        "Grid ID": "E14N31-33, ",
        "Heritage Place Function": "Funerary/Memorial",
        "Heritage Place Function Certainty ": "Medium",
        "Heritage Place Resource Instance": null,
        "Heritage Place Type": "Structural Heritage",
        "Imagery Acquisition Date": null,
        "Information Resource": null,
        "Information Resource Acquisition Date": null,
        "Intervention Activity Type": null,
        "Investigator Role Type": "EAMENA Project Staff, EAMENA Project Staff",
        "Land Cover Assessment Date": null,
        "Land Cover Type": null,
        "Location Certainty": "High",
        "Material Class": null,
        "Material Type": null,
        "Maximum Depth/Min Elevation": null,
        "Measurement Number": null,
        "Measurement Source Type ": null,
        "Measurement Unit": null,
        "Minimum Depth/Max Elevation": null,
        "Name Type": null,
        "Overall Archaeological Certainty Value ": "Medium",
        "Overall Condition State Type": "Destroyed",
        "Overall Site Morphology Type": "Positive/Built Feature",
        "Overall Site Shape Type": ", Rectangular/Square",
        "Priority Type": null,
        "Recommendation Type": null,
        "Related Geoarchaeology/Palaeolandscape": null,
        "Resource Name": null,
        "Resource Orientation": ", ",
        "Restricted Access Record Designation": null,
        "SH Date From": null,
        "SH Date to": null,
        "Site Feature Arrangement Type": "Discrete",
        "Site Feature Form Type": "Structure",
        "Site Feature Form Type Certainty": "High",
        "Site Feature Interpretation Certainty": "High",
        "Site Feature Interpretation Number Type": "1",
        "Site Feature Interpretation Type": "Mosque/Imam/Marabout",
        "Site Feature Number Type": "1",
        "Site Feature Shape Type": "Rectangular/Square",
        "Spatial Coordinates Ref System": "None",
        "Surficial Geology Type": null,
        "Threat Category": "",
        "Threat Cause Type": "",
        "Threat Inference Making Assessor Name - Actor": "Louise Rayne",
        "Threat Probability ": "",
        "Tidal Range": null,
        "Topography Type": null,
        "Wave Climate": null
      },
      "type": "Feature"
    },
    {
      "geometry": {
        "coordinates": [
          14.050464,
          31.764617
        ],
        "type": "Point"
      },
      "properties": {
        "AH Date From": null,
        "AH Date To": null,
        "Address": null,
        "Address Type": null,
        "Administrative Division ": null,
        "Administrative Division Type": null,
        "Archaeological From Date": null,
        "Archaeological To Date": null,
        "Assessment Activity Date": "2020-04-16, 2020-04-16",
        "Assessment Activity Type": "Archaeological Assessment (Image Interpretation), Archaeological Assessment (Image Interpretation)",
        "Assessment Investigator - Actor": "Martin Sterry, Louise Rayne",
        "BP Date From": null,
        "BP Date To": null,
        "Bedrock Geology Type": null,
        "Built Component": null,
        "Cadastral Reference": "None, None",
        "Construction Technique": null,
        "Country Type": "Libya, ",
        "Cultural Period Certainty": "Possible",
        "Cultural Period Type": "Contemporary Islamic (MENA)",
        "Cultural Sub-period Certainty": null,
        "Cultural Sub-period Type": null,
        "Damage Extent Type": "91-100%",
        "Date Inference Making Actor Name": "Louise Rayne",
        "Datum Description/EPSG code": null,
        "Datum Type": null,
        "Depositional Process": null,
        "Designation": null,
        "Designation From Date": null,
        "Designation To Date": null,
        "Detailed Condition Assessments": null,
        "Dimension Type": null,
        "Disturbance Cause Assignment Assessor Name - Actor": "Louise Rayne",
        "Disturbance Cause Category Type": "Unknown",
        "Disturbance Cause Certainty ": "Medium",
        "Disturbance Cause Type ": "Demolition/Destruction",
        "Disturbance Date From": "None",
        "Disturbance Date Occurred Before": "2013-07-30",
        "Disturbance Date Occurred On ": "None",
        "Disturbance Date To ": "None",
        "EAMENA ID": "EAMENA-0178882",
        "Effect Certainty": null,
        "Effect Type": null,
        "Fetch Type": null,
        "GE Imagery Acquisition Date": null,
        "General Description": null,
        "General Description Type": null,
        "Geometry Extent Certainty": "",
        "Geometry Qualifier": "",
        "Google Earth Assessment": "None, None",
        "Grid ID": "E14N31-33, ",
        "Heritage Place Function": "Funerary/Memorial",
        "Heritage Place Function Certainty ": "Medium",
        "Heritage Place Resource Instance": null,
        "Heritage Place Type": "Structural Heritage",
        "Imagery Acquisition Date": null,
        "Information Resource": null,
        "Information Resource Acquisition Date": null,
        "Intervention Activity Type": null,
        "Investigator Role Type": "EAMENA Project Staff, EAMENA Project Staff",
        "Land Cover Assessment Date": null,
        "Land Cover Type": null,
        "Location Certainty": "High",
        "Material Class": null,
        "Material Type": null,
        "Maximum Depth/Min Elevation": null,
        "Measurement Number": null,
        "Measurement Source Type ": null,
        "Measurement Unit": null,
        "Minimum Depth/Max Elevation": null,
        "Name Type": null,
        "Overall Archaeological Certainty Value ": "Medium",
        "Overall Condition State Type": "Destroyed",
        "Overall Site Morphology Type": "Positive/Built Feature",
        "Overall Site Shape Type": ", Rectangular/Square",
        "Priority Type": null,
        "Recommendation Type": null,
        "Related Geoarchaeology/Palaeolandscape": null,
        "Resource Name": null,
        "Resource Orientation": ", ",
        "Restricted Access Record Designation": null,
        "SH Date From": null,
        "SH Date to": null,
        "Site Feature Arrangement Type": "Discrete",
        "Site Feature Form Type": "Structure",
        "Site Feature Form Type Certainty": "High",
        "Site Feature Interpretation Certainty": "High",
        "Site Feature Interpretation Number Type": "1",
        "Site Feature Interpretation Type": "Mosque/Imam/Marabout",
        "Site Feature Number Type": "1",
        "Site Feature Shape Type": "Rectangular/Square",
        "Spatial Coordinates Ref System": "None",
        "Surficial Geology Type": null,
        "Threat Category": "",
        "Threat Cause Type": "",
        "Threat Inference Making Assessor Name - Actor": "Louise Rayne",
        "Threat Probability ": "",
        "Tidal Range": null,
        "Topography Type": null,
        "Wave Climate": null
      },
      "type": "Feature"
    },
    {
      "geometry": {
        "coordinates": [
          14.047812,
          31.764277
        ],
        "type": "Point"
      },
      "properties": {
        "AH Date From": null,
        "AH Date To": null,
        "Address": null,
        "Address Type": null,
        "Administrative Division ": null,
        "Administrative Division Type": null,
        "Archaeological From Date": null,
        "Archaeological To Date": null,
        "Assessment Activity Date": "2019-07-17",
        "Assessment Activity Type": "Literature Interpretation/Digitisation",
        "Assessment Investigator - Actor": "Nichole Sheldrick",
        "BP Date From": null,
        "BP Date To": null,
        "Bedrock Geology Type": null,
        "Built Component": null,
        "Cadastral Reference": "None",
        "Construction Technique": null,
        "Country Type": "Libya",
        "Cultural Period Certainty": "Possible, Possible",
        "Cultural Period Type": "Contemporary Islamic (MENA), Islamic (North Africa)",
        "Cultural Sub-period Certainty": "Possible, Possible",
        "Cultural Sub-period Type": "Unknown, Unknown",
        "Damage Extent Type": "Unknown",
        "Date Inference Making Actor Name": "UNESCO Libyan Valleys Survey Gazetteer, UNESCO Libyan Valleys Survey Gazetteer",
        "Datum Description/EPSG code": null,
        "Datum Type": null,
        "Depositional Process": null,
        "Designation": null,
        "Designation From Date": null,
        "Designation To Date": null,
        "Detailed Condition Assessments": null,
        "Dimension Type": null,
        "Disturbance Cause Assignment Assessor Name - Actor": "Nichole Sheldrick",
        "Disturbance Cause Category Type": "Unknown",
        "Disturbance Cause Certainty ": "Not Applicable",
        "Disturbance Cause Type ": "Unknown",
        "Disturbance Date From": "None",
        "Disturbance Date Occurred Before": "None",
        "Disturbance Date Occurred On ": "None",
        "Disturbance Date To ": "None",
        "EAMENA ID": "EAMENA-0189411",
        "Effect Certainty": "Not Applicable",
        "Effect Type": "Unknown",
        "Fetch Type": null,
        "GE Imagery Acquisition Date": null,
        "General Description": null,
        "General Description Type": null,
        "Geometry Extent Certainty": "Negligible",
        "Geometry Qualifier": "",
        "Google Earth Assessment": "None",
        "Grid ID": "E14N31-33",
        "Heritage Place Function": "Domestic",
        "Heritage Place Function Certainty ": "Definite",
        "Heritage Place Resource Instance": null,
        "Heritage Place Type": "Archaeological Site",
        "Imagery Acquisition Date": null,
        "Information Resource": null,
        "Information Resource Acquisition Date": null,
        "Intervention Activity Type": null,
        "Investigator Role Type": "EAMENA Project Staff",
        "Land Cover Assessment Date": null,
        "Land Cover Type": null,
        "Location Certainty": "Low",
        "Material Class": null,
        "Material Type": null,
        "Maximum Depth/Min Elevation": null,
        "Measurement Number": null,
        "Measurement Source Type ": null,
        "Measurement Unit": null,
        "Minimum Depth/Max Elevation": null,
        "Name Type": "Alternative Reference, Alternative Reference, Toponym",
        "Overall Archaeological Certainty Value ": "High",
        "Overall Condition State Type": "Unknown",
        "Overall Site Morphology Type": "Positive/Built Feature",
        "Overall Site Shape Type": "",
        "Priority Type": null,
        "Recommendation Type": null,
        "Related Geoarchaeology/Palaeolandscape": null,
        "Resource Name": "Md217, Md 00217, Ifana",
        "Resource Orientation": "",
        "Restricted Access Record Designation": null,
        "SH Date From": null,
        "SH Date to": null,
        "Site Feature Arrangement Type": null,
        "Site Feature Form Type": null,
        "Site Feature Form Type Certainty": null,
        "Site Feature Interpretation Certainty": "Definite",
        "Site Feature Interpretation Number Type": "1",
        "Site Feature Interpretation Type": "Settlement/Habitation Site",
        "Site Feature Number Type": null,
        "Site Feature Shape Type": null,
        "Spatial Coordinates Ref System": "None",
        "Surficial Geology Type": null,
        "Threat Category": "Unknown",
        "Threat Cause Type": "Unknown",
        "Threat Inference Making Assessor Name - Actor": "Nichole Sheldrick",
        "Threat Probability ": "Not Applicable",
        "Tidal Range": null,
        "Topography Type": "Unknown",
        "Wave Climate": null
      },
      "type": "Feature"
    },
    {
      "geometry": {
        "coordinates": [
          14.061516,
          31.82307
        ],
        "type": "Point"
      },
      "properties": {
        "AH Date From": null,
        "AH Date To": null,
        "Address": null,
        "Address Type": null,
        "Administrative Division ": null,
        "Administrative Division Type": null,
        "Archaeological From Date": null,
        "Archaeological To Date": null,
        "Assessment Activity Date": "2021-08-25, 2021-08-25",
        "Assessment Activity Type": "Archaeological Assessment (Image Interpretation), Condition Assessment (Image Interpretation)",
        "Assessment Investigator - Actor": "Thomas Millington, Thomas Millington",
        "BP Date From": null,
        "BP Date To": null,
        "Bedrock Geology Type": null,
        "Built Component": null,
        "Cadastral Reference": "None",
        "Construction Technique": null,
        "Country Type": "Libya",
        "Cultural Period Certainty": "Not Applicable",
        "Cultural Period Type": "Unknown",
        "Cultural Sub-period Certainty": null,
        "Cultural Sub-period Type": null,
        "Damage Extent Type": "91-100%",
        "Date Inference Making Actor Name": "Thomas Millington",
        "Datum Description/EPSG code": null,
        "Datum Type": null,
        "Depositional Process": null,
        "Designation": null,
        "Designation From Date": null,
        "Designation To Date": null,
        "Detailed Condition Assessments": null,
        "Dimension Type": null,
        "Disturbance Cause Assignment Assessor Name - Actor": "Thomas Millington",
        "Disturbance Cause Category Type": "Building and Development",
        "Disturbance Cause Certainty ": "High",
        "Disturbance Cause Type ": "Clearance (Bulldozing/Levelling)",
        "Disturbance Date From": "2016-01-30",
        "Disturbance Date Occurred Before": "None",
        "Disturbance Date Occurred On ": "None",
        "Disturbance Date To ": "None",
        "EAMENA ID": "EAMENA-0190463",
        "Effect Certainty": "Not Applicable",
        "Effect Type": "Not Applicable",
        "Fetch Type": null,
        "GE Imagery Acquisition Date": "2009-09-05, 2021-06-15",
        "General Description": null,
        "General Description Type": null,
        "Geometry Extent Certainty": "Negligible",
        "Geometry Qualifier": "Vicinity Point",
        "Google Earth Assessment": "True, True",
        "Grid ID": "E14N31-33",
        "Heritage Place Function": "Funerary/Memorial",
        "Heritage Place Function Certainty ": "Low",
        "Heritage Place Resource Instance": null,
        "Heritage Place Type": "Archaeological Site",
        "Imagery Acquisition Date": null,
        "Information Resource": null,
        "Information Resource Acquisition Date": null,
        "Intervention Activity Type": null,
        "Investigator Role Type": "Volunteer/Independent Researcher, Volunteer/Independent Researcher",
        "Land Cover Assessment Date": "2009-09-05",
        "Land Cover Type": "Lichen & Mosses/Sparse Vegetation",
        "Location Certainty": "Medium",
        "Material Class": null,
        "Material Type": null,
        "Maximum Depth/Min Elevation": null,
        "Measurement Number": null,
        "Measurement Source Type ": null,
        "Measurement Unit": null,
        "Minimum Depth/Max Elevation": null,
        "Name Type": "Alternative Reference",
        "Overall Archaeological Certainty Value ": "Medium",
        "Overall Condition State Type": "Destroyed",
        "Overall Site Morphology Type": "Surface Feature",
        "Overall Site Shape Type": "Irregular",
        "Priority Type": null,
        "Recommendation Type": null,
        "Related Geoarchaeology/Palaeolandscape": null,
        "Resource Name": "TM E14N31-33_502",
        "Resource Orientation": "",
        "Restricted Access Record Designation": null,
        "SH Date From": null,
        "SH Date to": null,
        "Site Feature Arrangement Type": "Discrete",
        "Site Feature Form Type": "Small Mound/Cairn",
        "Site Feature Form Type Certainty": "Medium",
        "Site Feature Interpretation Certainty": "Low",
        "Site Feature Interpretation Number Type": "1",
        "Site Feature Interpretation Type": "Tomb/Grave/Burial",
        "Site Feature Number Type": "1",
        "Site Feature Shape Type": "Sub-circular",
        "Spatial Coordinates Ref System": "None",
        "Surficial Geology Type": null,
        "Threat Category": "Not Applicable",
        "Threat Cause Type": "Unknown",
        "Threat Inference Making Assessor Name - Actor": "Thomas Millington",
        "Threat Probability ": "Not Applicable",
        "Tidal Range": null,
        "Topography Type": "Precipice/Edge",
        "Wave Climate": null
      },
      "type": "Feature"
    },
    {
      "geometry": {
        "coordinates": [
          14.059301,
          31.832858
        ],
        "type": "Point"
      },
      "properties": {
        "AH Date From": null,
        "AH Date To": null,
        "Address": null,
        "Address Type": null,
        "Administrative Division ": null,
        "Administrative Division Type": null,
        "Archaeological From Date": null,
        "Archaeological To Date": null,
        "Assessment Activity Date": "2021-11-01, 2021-11-01",
        "Assessment Activity Type": "Archaeological Assessment (Image Interpretation), Condition Assessment (Image Interpretation)",
        "Assessment Investigator - Actor": "Thomas Millington, Thomas Millington",
        "BP Date From": null,
        "BP Date To": null,
        "Bedrock Geology Type": null,
        "Built Component": null,
        "Cadastral Reference": "None",
        "Construction Technique": null,
        "Country Type": "Libya",
        "Cultural Period Certainty": "Not Applicable",
        "Cultural Period Type": "Unknown",
        "Cultural Sub-period Certainty": null,
        "Cultural Sub-period Type": null,
        "Damage Extent Type": "No Visible/Known",
        "Date Inference Making Actor Name": "Thomas Millington",
        "Datum Description/EPSG code": null,
        "Datum Type": null,
        "Depositional Process": null,
        "Designation": null,
        "Designation From Date": null,
        "Designation To Date": null,
        "Detailed Condition Assessments": null,
        "Dimension Type": null,
        "Disturbance Cause Assignment Assessor Name - Actor": "Thomas Millington",
        "Disturbance Cause Category Type": "Not Applicable",
        "Disturbance Cause Certainty ": "Not Applicable",
        "Disturbance Cause Type ": "No Visible/Known",
        "Disturbance Date From": "None",
        "Disturbance Date Occurred Before": "None",
        "Disturbance Date Occurred On ": "None",
        "Disturbance Date To ": "2021-06-15",
        "EAMENA ID": "EAMENA-0191069",
        "Effect Certainty": "Not Applicable",
        "Effect Type": "Not Applicable",
        "Fetch Type": null,
        "GE Imagery Acquisition Date": "2009-10-16, 2021-06-15",
        "General Description": null,
        "General Description Type": null,
        "Geometry Extent Certainty": "Negligible",
        "Geometry Qualifier": "Center Point",
        "Google Earth Assessment": "True, True",
        "Grid ID": "E14N31-33",
        "Heritage Place Function": "Funerary/Memorial",
        "Heritage Place Function Certainty ": "Medium",
        "Heritage Place Resource Instance": null,
        "Heritage Place Type": "Archaeological Site",
        "Imagery Acquisition Date": null,
        "Information Resource": null,
        "Information Resource Acquisition Date": null,
        "Intervention Activity Type": null,
        "Investigator Role Type": "Volunteer/Independent Researcher, Volunteer/Independent Researcher",
        "Land Cover Assessment Date": "2021-06-15",
        "Land Cover Type": "Lichen & Mosses/Sparse Vegetation",
        "Location Certainty": "Medium",
        "Material Class": null,
        "Material Type": null,
        "Maximum Depth/Min Elevation": null,
        "Measurement Number": null,
        "Measurement Source Type ": null,
        "Measurement Unit": null,
        "Minimum Depth/Max Elevation": null,
        "Name Type": "Alternative Reference",
        "Overall Archaeological Certainty Value ": "Medium",
        "Overall Condition State Type": "Good",
        "Overall Site Morphology Type": "Positive/Built Feature",
        "Overall Site Shape Type": "Sub-circular",
        "Priority Type": null,
        "Recommendation Type": null,
        "Related Geoarchaeology/Palaeolandscape": null,
        "Resource Name": "TM E14N31-33_499",
        "Resource Orientation": "",
        "Restricted Access Record Designation": null,
        "SH Date From": null,
        "SH Date to": null,
        "Site Feature Arrangement Type": "Isolated",
        "Site Feature Form Type": "Small Mound/Cairn",
        "Site Feature Form Type Certainty": "Medium",
        "Site Feature Interpretation Certainty": "Medium",
        "Site Feature Interpretation Number Type": "1",
        "Site Feature Interpretation Type": "Tomb/Grave/Burial",
        "Site Feature Number Type": "1",
        "Site Feature Shape Type": "Sub-circular",
        "Spatial Coordinates Ref System": "None",
        "Surficial Geology Type": null,
        "Threat Category": "Not Applicable",
        "Threat Cause Type": "No Visible/Known",
        "Threat Inference Making Assessor Name - Actor": "Thomas Millington",
        "Threat Probability ": "Not Applicable",
        "Tidal Range": null,
        "Topography Type": "Slopes",
        "Wave Climate": null
      },
      "type": "Feature"
    },
    {
      "geometry": {
        "coordinates": [
          14.059841,
          31.818845
        ],
        "type": "Point"
      },
      "properties": {
        "AH Date From": null,
        "AH Date To": null,
        "Address": null,
        "Address Type": null,
        "Administrative Division ": null,
        "Administrative Division Type": null,
        "Archaeological From Date": null,
        "Archaeological To Date": null,
        "Assessment Activity Date": "2021-08-29, 2021-08-29",
        "Assessment Activity Type": "Archaeological Assessment (Image Interpretation), Condition Assessment (Image Interpretation)",
        "Assessment Investigator - Actor": "Thomas Millington, Thomas Millington",
        "BP Date From": null,
        "BP Date To": null,
        "Bedrock Geology Type": null,
        "Built Component": null,
        "Cadastral Reference": null,
        "Construction Technique": null,
        "Country Type": null,
        "Cultural Period Certainty": "Not Applicable",
        "Cultural Period Type": "Unknown",
        "Cultural Sub-period Certainty": null,
        "Cultural Sub-period Type": null,
        "Damage Extent Type": "91-100%",
        "Date Inference Making Actor Name": "Thomas Millington",
        "Datum Description/EPSG code": null,
        "Datum Type": null,
        "Depositional Process": null,
        "Designation": null,
        "Designation From Date": null,
        "Designation To Date": null,
        "Detailed Condition Assessments": null,
        "Dimension Type": null,
        "Disturbance Cause Assignment Assessor Name - Actor": "Thomas Millington",
        "Disturbance Cause Category Type": "Building and Development",
        "Disturbance Cause Certainty ": "High",
        "Disturbance Cause Type ": "Construction",
        "Disturbance Date From": "2017-10-01",
        "Disturbance Date Occurred Before": "None",
        "Disturbance Date Occurred On ": "None",
        "Disturbance Date To ": "None",
        "EAMENA ID": "EAMENA-0190465",
        "Effect Certainty": "High",
        "Effect Type": "Surface Loss",
        "Fetch Type": null,
        "GE Imagery Acquisition Date": "2009-09-05, 2021-06-15",
        "General Description": null,
        "General Description Type": null,
        "Geometry Extent Certainty": "Negligible",
        "Geometry Qualifier": "Vicinity Point",
        "Google Earth Assessment": "True, True",
        "Grid ID": null,
        "Heritage Place Function": "Unknown",
        "Heritage Place Function Certainty ": "Not Applicable",
        "Heritage Place Resource Instance": null,
        "Heritage Place Type": "Archaeological Site",
        "Imagery Acquisition Date": null,
        "Information Resource": null,
        "Information Resource Acquisition Date": null,
        "Intervention Activity Type": null,
        "Investigator Role Type": "Volunteer/Independent Researcher, Volunteer/Independent Researcher",
        "Land Cover Assessment Date": "2009-09-05",
        "Land Cover Type": "Lichen & Mosses/Sparse Vegetation",
        "Location Certainty": "Medium",
        "Material Class": null,
        "Material Type": null,
        "Maximum Depth/Min Elevation": null,
        "Measurement Number": null,
        "Measurement Source Type ": null,
        "Measurement Unit": null,
        "Minimum Depth/Max Elevation": null,
        "Name Type": "Alternative Reference",
        "Overall Archaeological Certainty Value ": "Low",
        "Overall Condition State Type": "Destroyed",
        "Overall Site Morphology Type": "Negative/Cut/Dug Feature",
        "Overall Site Shape Type": null,
        "Priority Type": null,
        "Recommendation Type": null,
        "Related Geoarchaeology/Palaeolandscape": null,
        "Resource Name": "TM E14N31-33_505",
        "Resource Orientation": null,
        "Restricted Access Record Designation": null,
        "SH Date From": null,
        "SH Date to": null,
        "Site Feature Arrangement Type": "Discrete",
        "Site Feature Form Type": "Pit/Shaft/Tunnel",
        "Site Feature Form Type Certainty": "Medium",
        "Site Feature Interpretation Certainty": "Not Applicable",
        "Site Feature Interpretation Number Type": "1",
        "Site Feature Interpretation Type": "Unknown",
        "Site Feature Number Type": "1",
        "Site Feature Shape Type": "Sub-circular",
        "Spatial Coordinates Ref System": "None",
        "Surficial Geology Type": null,
        "Threat Category": "Not Applicable",
        "Threat Cause Type": "Unknown",
        "Threat Inference Making Assessor Name - Actor": "Thomas Millington",
        "Threat Probability ": "Not Applicable",
        "Tidal Range": null,
        "Topography Type": "Precipice/Edge",
        "Wave Climate": null
      },
      "type": "Feature"
    },
    {
      "geometry": {
        "coordinates": [
          14.059995,
          31.831503
        ],
        "type": "Point"
      },
      "properties": {
        "AH Date From": null,
        "AH Date To": null,
        "Address": null,
        "Address Type": null,
        "Administrative Division ": null,
        "Administrative Division Type": null,
        "Archaeological From Date": null,
        "Archaeological To Date": null,
        "Assessment Activity Date": "2021-11-01, 2021-11-01",
        "Assessment Activity Type": "Archaeological Assessment (Image Interpretation), Condition Assessment (Image Interpretation)",
        "Assessment Investigator - Actor": "Thomas Millington, Thomas Millington",
        "BP Date From": null,
        "BP Date To": null,
        "Bedrock Geology Type": null,
        "Built Component": null,
        "Cadastral Reference": "None",
        "Construction Technique": null,
        "Country Type": "Libya",
        "Cultural Period Certainty": "Possible",
        "Cultural Period Type": "Classical/Protohistoric/Pre-Islamic (North Africa)",
        "Cultural Sub-period Certainty": "Possible",
        "Cultural Sub-period Type": "Roman/Late Antique (North Africa)",
        "Damage Extent Type": "Unknown",
        "Date Inference Making Actor Name": "Thomas Millington",
        "Datum Description/EPSG code": null,
        "Datum Type": null,
        "Depositional Process": null,
        "Designation": null,
        "Designation From Date": null,
        "Designation To Date": null,
        "Detailed Condition Assessments": null,
        "Dimension Type": null,
        "Disturbance Cause Assignment Assessor Name - Actor": "Thomas Millington",
        "Disturbance Cause Category Type": "Hydraulic Use",
        "Disturbance Cause Certainty ": "High",
        "Disturbance Cause Type ": "Occupation/Continued Use",
        "Disturbance Date From": "None",
        "Disturbance Date Occurred Before": "2009-10-19",
        "Disturbance Date Occurred On ": "None",
        "Disturbance Date To ": "None",
        "EAMENA ID": "EAMENA-0191068",
        "Effect Certainty": "High",
        "Effect Type": "Unknown",
        "Fetch Type": null,
        "GE Imagery Acquisition Date": "2009-10-19, 2021-06-15",
        "General Description": null,
        "General Description Type": null,
        "Geometry Extent Certainty": "Negligible",
        "Geometry Qualifier": "Center Point",
        "Google Earth Assessment": "True, True",
        "Grid ID": "E14N31-33",
        "Heritage Place Function": "Hydrological",
        "Heritage Place Function Certainty ": "High",
        "Heritage Place Resource Instance": null,
        "Heritage Place Type": "Archaeological Site",
        "Imagery Acquisition Date": null,
        "Information Resource": null,
        "Information Resource Acquisition Date": null,
        "Intervention Activity Type": null,
        "Investigator Role Type": "Volunteer/Independent Researcher, Volunteer/Independent Researcher",
        "Land Cover Assessment Date": "2021-06-15",
        "Land Cover Type": "Lichen & Mosses/Sparse Vegetation",
        "Location Certainty": "High",
        "Material Class": null,
        "Material Type": null,
        "Maximum Depth/Min Elevation": null,
        "Measurement Number": null,
        "Measurement Source Type ": null,
        "Measurement Unit": null,
        "Minimum Depth/Max Elevation": null,
        "Name Type": "Alternative Reference",
        "Overall Archaeological Certainty Value ": "Medium",
        "Overall Condition State Type": "Fair",
        "Overall Site Morphology Type": "Negative/Cut/Dug Feature",
        "Overall Site Shape Type": "Rectangular/Square",
        "Priority Type": null,
        "Recommendation Type": null,
        "Related Geoarchaeology/Palaeolandscape": null,
        "Resource Name": "TM E14N31-33_501",
        "Resource Orientation": "",
        "Restricted Access Record Designation": null,
        "SH Date From": null,
        "SH Date to": null,
        "Site Feature Arrangement Type": "Discrete",
        "Site Feature Form Type": "Pit/Shaft/Tunnel",
        "Site Feature Form Type Certainty": "High",
        "Site Feature Interpretation Certainty": "High",
        "Site Feature Interpretation Number Type": "1",
        "Site Feature Interpretation Type": "Cistern",
        "Site Feature Number Type": "1",
        "Site Feature Shape Type": "Rectangular/Square",
        "Spatial Coordinates Ref System": "None",
        "Surficial Geology Type": null,
        "Threat Category": "Hydraulic Use",
        "Threat Cause Type": "Occupation/Continued Use",
        "Threat Inference Making Assessor Name - Actor": "Thomas Millington",
        "Threat Probability ": "Probable",
        "Tidal Range": null,
        "Topography Type": "Valley Bed",
        "Wave Climate": null
      },
      "type": "Feature"
    },
    {
      "geometry": {
        "coordinates": [
          13.872484,
          31.773329
        ],
        "type": "Point"
      },
      "properties": {
        "AH Date From": null,
        "AH Date To": null,
        "Address": null,
        "Address Type": null,
        "Administrative Division ": null,
        "Administrative Division Type": null,
        "Archaeological From Date": null,
        "Archaeological To Date": null,
        "Assessment Activity Date": "2019-07-17",
        "Assessment Activity Type": "Literature Interpretation/Digitisation",
        "Assessment Investigator - Actor": "Nichole Sheldrick",
        "BP Date From": null,
        "BP Date To": null,
        "Bedrock Geology Type": null,
        "Built Component": null,
        "Cadastral Reference": "None",
        "Construction Technique": null,
        "Country Type": "Libya",
        "Cultural Period Certainty": "Possible",
        "Cultural Period Type": "Classical/Protohistoric/Pre-Islamic (North Africa)",
        "Cultural Sub-period Certainty": "Possible",
        "Cultural Sub-period Type": "Roman/Late Antique (North Africa)",
        "Damage Extent Type": "Unknown",
        "Date Inference Making Actor Name": "UNESCO Libyan Valleys Survey Gazetteer",
        "Datum Description/EPSG code": null,
        "Datum Type": null,
        "Depositional Process": null,
        "Designation": null,
        "Designation From Date": null,
        "Designation To Date": null,
        "Detailed Condition Assessments": null,
        "Dimension Type": "Diameter",
        "Disturbance Cause Assignment Assessor Name - Actor": "Nichole Sheldrick",
        "Disturbance Cause Category Type": "Unknown",
        "Disturbance Cause Certainty ": "Not Applicable",
        "Disturbance Cause Type ": "Unknown",
        "Disturbance Date From": "None",
        "Disturbance Date Occurred Before": "None",
        "Disturbance Date Occurred On ": "None",
        "Disturbance Date To ": "None",
        "EAMENA ID": "EAMENA-0188121",
        "Effect Certainty": "Not Applicable",
        "Effect Type": "Unknown",
        "Fetch Type": null,
        "GE Imagery Acquisition Date": null,
        "General Description": null,
        "General Description Type": null,
        "Geometry Extent Certainty": "Negligible",
        "Geometry Qualifier": "",
        "Google Earth Assessment": "None",
        "Grid ID": "E13N31-44",
        "Heritage Place Function": "Agricultural/Pastoral, Defensive/Fortification",
        "Heritage Place Function Certainty ": "Medium, Medium",
        "Heritage Place Resource Instance": null,
        "Heritage Place Type": "Archaeological Site",
        "Imagery Acquisition Date": null,
        "Information Resource": null,
        "Information Resource Acquisition Date": null,
        "Intervention Activity Type": null,
        "Investigator Role Type": "EAMENA Project Staff",
        "Land Cover Assessment Date": null,
        "Land Cover Type": null,
        "Location Certainty": "Medium",
        "Material Class": null,
        "Material Type": null,
        "Maximum Depth/Min Elevation": null,
        "Measurement Number": "5",
        "Measurement Source Type ": "Estimated/Paced",
        "Measurement Unit": "metres (m)",
        "Minimum Depth/Max Elevation": null,
        "Name Type": "Alternative Reference, Alternative Reference, Alternative Reference",
        "Overall Archaeological Certainty Value ": "High",
        "Overall Condition State Type": "Unknown",
        "Overall Site Morphology Type": "Positive/Built Feature",
        "Overall Site Shape Type": "Sub-circular",
        "Priority Type": null,
        "Recommendation Type": null,
        "Related Geoarchaeology/Palaeolandscape": null,
        "Resource Name": "Gj005, Gj 00005, Gj5",
        "Resource Orientation": "",
        "Restricted Access Record Designation": null,
        "SH Date From": null,
        "SH Date to": null,
        "Site Feature Arrangement Type": "Isolated",
        "Site Feature Form Type": "Small Mound/Cairn",
        "Site Feature Form Type Certainty": "Definite",
        "Site Feature Interpretation Certainty": "Medium",
        "Site Feature Interpretation Number Type": "1",
        "Site Feature Interpretation Type": "Farm Building",
        "Site Feature Number Type": "1",
        "Site Feature Shape Type": "Sub-circular",
        "Spatial Coordinates Ref System": "None",
        "Surficial Geology Type": null,
        "Threat Category": "Unknown",
        "Threat Cause Type": "Unknown",
        "Threat Inference Making Assessor Name - Actor": "Nichole Sheldrick",
        "Threat Probability ": "Not Applicable",
        "Tidal Range": null,
        "Topography Type": "Plain/Plateau, Precipice/Edge",
        "Wave Climate": null
      },
      "type": "Feature"
    },
    {
      "geometry": {
        "coordinates": [
          13.874145,
          31.774178
        ],
        "type": "Point"
      },
      "properties": {
        "AH Date From": null,
        "AH Date To": null,
        "Address": null,
        "Address Type": null,
        "Administrative Division ": null,
        "Administrative Division Type": null,
        "Archaeological From Date": null,
        "Archaeological To Date": null,
        "Assessment Activity Date": "2019-07-17",
        "Assessment Activity Type": "Literature Interpretation/Digitisation",
        "Assessment Investigator - Actor": "Nichole Sheldrick",
        "BP Date From": null,
        "BP Date To": null,
        "Bedrock Geology Type": null,
        "Built Component": null,
        "Cadastral Reference": "None",
        "Construction Technique": null,
        "Country Type": "Libya",
        "Cultural Period Certainty": "Not Applicable",
        "Cultural Period Type": "Unknown",
        "Cultural Sub-period Certainty": "Not Applicable",
        "Cultural Sub-period Type": "Unknown",
        "Damage Extent Type": "Unknown",
        "Date Inference Making Actor Name": "UNESCO Libyan Valleys Survey Gazetteer",
        "Datum Description/EPSG code": null,
        "Datum Type": null,
        "Depositional Process": null,
        "Designation": null,
        "Designation From Date": null,
        "Designation To Date": null,
        "Detailed Condition Assessments": null,
        "Dimension Type": null,
        "Disturbance Cause Assignment Assessor Name - Actor": "Nichole Sheldrick",
        "Disturbance Cause Category Type": "Unknown",
        "Disturbance Cause Certainty ": "Not Applicable",
        "Disturbance Cause Type ": "Unknown",
        "Disturbance Date From": "None",
        "Disturbance Date Occurred Before": "None",
        "Disturbance Date Occurred On ": "None",
        "Disturbance Date To ": "None",
        "EAMENA ID": "EAMENA-0188077",
        "Effect Certainty": "Not Applicable",
        "Effect Type": "Unknown",
        "Fetch Type": null,
        "GE Imagery Acquisition Date": null,
        "General Description": null,
        "General Description Type": null,
        "Geometry Extent Certainty": "Negligible",
        "Geometry Qualifier": "",
        "Google Earth Assessment": "None",
        "Grid ID": "E13N31-44",
        "Heritage Place Function": "Agricultural/Pastoral",
        "Heritage Place Function Certainty ": "Low",
        "Heritage Place Resource Instance": null,
        "Heritage Place Type": "Archaeological Site",
        "Imagery Acquisition Date": null,
        "Information Resource": null,
        "Information Resource Acquisition Date": null,
        "Intervention Activity Type": null,
        "Investigator Role Type": "EAMENA Project Staff",
        "Land Cover Assessment Date": null,
        "Land Cover Type": null,
        "Location Certainty": "Low",
        "Material Class": null,
        "Material Type": null,
        "Maximum Depth/Min Elevation": null,
        "Measurement Number": null,
        "Measurement Source Type ": null,
        "Measurement Unit": null,
        "Minimum Depth/Max Elevation": null,
        "Name Type": "Alternative Reference, Alternative Reference, Alternative Reference",
        "Overall Archaeological Certainty Value ": "Medium",
        "Overall Condition State Type": "Unknown",
        "Overall Site Morphology Type": "Positive/Built Feature",
        "Overall Site Shape Type": "Unknown",
        "Priority Type": null,
        "Recommendation Type": null,
        "Related Geoarchaeology/Palaeolandscape": null,
        "Resource Name": "BUW023, BUW 00023, BUW23",
        "Resource Orientation": "",
        "Restricted Access Record Designation": null,
        "SH Date From": null,
        "SH Date to": null,
        "Site Feature Arrangement Type": "Unknown",
        "Site Feature Form Type": "Structure",
        "Site Feature Form Type Certainty": "Definite",
        "Site Feature Interpretation Certainty": "Definite",
        "Site Feature Interpretation Number Type": "Unknown",
        "Site Feature Interpretation Type": "Building/Enclosure",
        "Site Feature Number Type": "Unknown",
        "Site Feature Shape Type": "Unknown",
        "Spatial Coordinates Ref System": "None",
        "Surficial Geology Type": null,
        "Threat Category": "Unknown",
        "Threat Cause Type": "Unknown",
        "Threat Inference Making Assessor Name - Actor": "Nichole Sheldrick",
        "Threat Probability ": "Not Applicable",
        "Tidal Range": null,
        "Topography Type": "Unknown",
        "Wave Climate": null
      },
      "type": "Feature"
    },
    {
      "geometry": {
        "coordinates": [
          13.872321,
          31.772894
        ],
        "type": "Point"
      },
      "properties": {
        "AH Date From": null,
        "AH Date To": null,
        "Address": null,
        "Address Type": null,
        "Administrative Division ": null,
        "Administrative Division Type": null,
        "Archaeological From Date": null,
        "Archaeological To Date": null,
        "Assessment Activity Date": "2019-07-17",
        "Assessment Activity Type": "Literature Interpretation/Digitisation",
        "Assessment Investigator - Actor": "Nichole Sheldrick",
        "BP Date From": null,
        "BP Date To": null,
        "Bedrock Geology Type": null,
        "Built Component": null,
        "Cadastral Reference": "None",
        "Construction Technique": null,
        "Country Type": "Libya",
        "Cultural Period Certainty": "Not Applicable",
        "Cultural Period Type": "Unknown",
        "Cultural Sub-period Certainty": "Not Applicable",
        "Cultural Sub-period Type": "Unknown",
        "Damage Extent Type": "Unknown",
        "Date Inference Making Actor Name": "UNESCO Libyan Valleys Survey Gazetteer",
        "Datum Description/EPSG code": null,
        "Datum Type": null,
        "Depositional Process": null,
        "Designation": null,
        "Designation From Date": null,
        "Designation To Date": null,
        "Detailed Condition Assessments": null,
        "Dimension Type": "Length, Breadth/Width",
        "Disturbance Cause Assignment Assessor Name - Actor": "Nichole Sheldrick",
        "Disturbance Cause Category Type": "Unknown",
        "Disturbance Cause Certainty ": "Not Applicable",
        "Disturbance Cause Type ": "Unknown",
        "Disturbance Date From": "None",
        "Disturbance Date Occurred Before": "None",
        "Disturbance Date Occurred On ": "None",
        "Disturbance Date To ": "None",
        "EAMENA ID": "EAMENA-0188155",
        "Effect Certainty": "Not Applicable",
        "Effect Type": "Unknown",
        "Fetch Type": null,
        "GE Imagery Acquisition Date": null,
        "General Description": null,
        "General Description Type": null,
        "Geometry Extent Certainty": "Negligible",
        "Geometry Qualifier": "",
        "Google Earth Assessment": "None",
        "Grid ID": "E13N31-44",
        "Heritage Place Function": "Unknown",
        "Heritage Place Function Certainty ": "Not Applicable",
        "Heritage Place Resource Instance": null,
        "Heritage Place Type": "Archaeological Site",
        "Imagery Acquisition Date": null,
        "Information Resource": null,
        "Information Resource Acquisition Date": null,
        "Intervention Activity Type": null,
        "Investigator Role Type": "EAMENA Project Staff",
        "Land Cover Assessment Date": null,
        "Land Cover Type": null,
        "Location Certainty": "Low",
        "Material Class": null,
        "Material Type": null,
        "Maximum Depth/Min Elevation": null,
        "Measurement Number": "100, 20",
        "Measurement Source Type ": "Estimated/Paced, Estimated/Paced",
        "Measurement Unit": "metres (m), metres (m)",
        "Minimum Depth/Max Elevation": null,
        "Name Type": "Alternative Reference, Alternative Reference, Alternative Reference",
        "Overall Archaeological Certainty Value ": "Definite",
        "Overall Condition State Type": "Unknown",
        "Overall Site Morphology Type": "Surface Feature",
        "Overall Site Shape Type": "Unknown",
        "Priority Type": null,
        "Recommendation Type": null,
        "Related Geoarchaeology/Palaeolandscape": null,
        "Resource Name": "Gj013, Gj 00013, Gj13",
        "Resource Orientation": "",
        "Restricted Access Record Designation": null,
        "SH Date From": null,
        "SH Date to": null,
        "Site Feature Arrangement Type": "Unknown",
        "Site Feature Form Type": "Scatter",
        "Site Feature Form Type Certainty": "Definite",
        "Site Feature Interpretation Certainty": "Low",
        "Site Feature Interpretation Number Type": "Unknown",
        "Site Feature Interpretation Type": "Production/Processing (Knapping Floor/Stone Processing)",
        "Site Feature Number Type": "Unknown",
        "Site Feature Shape Type": "Unknown",
        "Spatial Coordinates Ref System": "None",
        "Surficial Geology Type": null,
        "Threat Category": "Unknown",
        "Threat Cause Type": "Unknown",
        "Threat Inference Making Assessor Name - Actor": "Nichole Sheldrick",
        "Threat Probability ": "Not Applicable",
        "Tidal Range": null,
        "Topography Type": "Plain/Plateau, Precipice/Edge",
        "Wave Climate": null
      },
      "type": "Feature"
    },
    {
      "geometry": {
        "coordinates": [
          14.095609,
          31.83933
        ],
        "type": "Point"
      },
      "properties": {
        "AH Date From": null,
        "AH Date To": null,
        "Address": null,
        "Address Type": null,
        "Administrative Division ": null,
        "Administrative Division Type": null,
        "Archaeological From Date": null,
        "Archaeological To Date": null,
        "Assessment Activity Date": "None",
        "Assessment Activity Type": "Archaeological Assessment (Image Interpretation)",
        "Assessment Investigator - Actor": "Asherf Zurgani",
        "BP Date From": null,
        "BP Date To": null,
        "Bedrock Geology Type": null,
        "Built Component": null,
        "Cadastral Reference": "None, None",
        "Construction Technique": null,
        "Country Type": "Libya, ",
        "Cultural Period Certainty": "Probable",
        "Cultural Period Type": "Classical/Protohistoric/Pre-Islamic (North Africa)",
        "Cultural Sub-period Certainty": null,
        "Cultural Sub-period Type": null,
        "Damage Extent Type": "1-10%",
        "Date Inference Making Actor Name": "None",
        "Datum Description/EPSG code": null,
        "Datum Type": null,
        "Depositional Process": null,
        "Designation": null,
        "Designation From Date": null,
        "Designation To Date": null,
        "Detailed Condition Assessments": null,
        "Dimension Type": null,
        "Disturbance Cause Assignment Assessor Name - Actor": "None, None",
        "Disturbance Cause Category Type": "Funerary/Memorial, Funerary/Memorial",
        "Disturbance Cause Certainty ": "Definite, Definite",
        "Disturbance Cause Type ": "Water Action, Construction",
        "Disturbance Date From": "None, None",
        "Disturbance Date Occurred Before": "None, None",
        "Disturbance Date Occurred On ": "None, None",
        "Disturbance Date To ": "None, None",
        "EAMENA ID": "EAMENA-0161663",
        "Effect Certainty": null,
        "Effect Type": null,
        "Fetch Type": null,
        "GE Imagery Acquisition Date": null,
        "General Description": null,
        "General Description Type": null,
        "Geometry Extent Certainty": "",
        "Geometry Qualifier": "",
        "Google Earth Assessment": "None",
        "Grid ID": "E14N31-33, ",
        "Heritage Place Function": null,
        "Heritage Place Function Certainty ": null,
        "Heritage Place Resource Instance": null,
        "Heritage Place Type": "Archaeological Site",
        "Imagery Acquisition Date": null,
        "Information Resource": null,
        "Information Resource Acquisition Date": null,
        "Intervention Activity Type": null,
        "Investigator Role Type": "Academic Researcher",
        "Land Cover Assessment Date": null,
        "Land Cover Type": null,
        "Location Certainty": "Definite",
        "Material Class": null,
        "Material Type": null,
        "Maximum Depth/Min Elevation": null,
        "Measurement Number": null,
        "Measurement Source Type ": null,
        "Measurement Unit": null,
        "Minimum Depth/Max Elevation": null,
        "Name Type": "Alternative Reference, Alternative Reference",
        "Overall Archaeological Certainty Value ": null,
        "Overall Condition State Type": "Good",
        "Overall Site Morphology Type": null,
        "Overall Site Shape Type": ", Rectangular/Square",
        "Priority Type": "Within 1 to 2 years (High)",
        "Recommendation Type": null,
        "Related Geoarchaeology/Palaeolandscape": null,
        "Resource Name": "E14N31-33_00076AS, CPF data 2019",
        "Resource Orientation": ", ",
        "Restricted Access Record Designation": null,
        "SH Date From": null,
        "SH Date to": null,
        "Site Feature Arrangement Type": "Clustered, Clustered",
        "Site Feature Form Type": "Structure, Structure",
        "Site Feature Form Type Certainty": "Definite, Definite",
        "Site Feature Interpretation Certainty": "High",
        "Site Feature Interpretation Number Type": "2 to 5",
        "Site Feature Interpretation Type": "Cemetery",
        "Site Feature Number Type": "2 to 5, 2 to 5",
        "Site Feature Shape Type": "Rectangular/Square, Polygonal",
        "Spatial Coordinates Ref System": "None",
        "Surficial Geology Type": null,
        "Threat Category": "Funerary/Memorial, Funerary/Memorial",
        "Threat Cause Type": "Construction, Water Action",
        "Threat Inference Making Assessor Name - Actor": "None, None",
        "Threat Probability ": "Planned, Planned",
        "Tidal Range": null,
        "Topography Type": "Plain/Plateau",
        "Wave Climate": null
      },
      "type": "Feature"
    },
    {
      "geometry": {
        "coordinates": [
          14.094581,
          31.838257
        ],
        "type": "Point"
      },
      "properties": {
        "AH Date From": null,
        "AH Date To": null,
        "Address": null,
        "Address Type": null,
        "Administrative Division ": null,
        "Administrative Division Type": null,
        "Archaeological From Date": null,
        "Archaeological To Date": null,
        "Assessment Activity Date": "None",
        "Assessment Activity Type": "Archaeological Assessment (Image Interpretation)",
        "Assessment Investigator - Actor": "Asherf Zurgani",
        "BP Date From": null,
        "BP Date To": null,
        "Bedrock Geology Type": null,
        "Built Component": null,
        "Cadastral Reference": "None, None",
        "Construction Technique": null,
        "Country Type": "Libya, ",
        "Cultural Period Certainty": "Probable",
        "Cultural Period Type": "Classical/Protohistoric/Pre-Islamic (North Africa)",
        "Cultural Sub-period Certainty": null,
        "Cultural Sub-period Type": null,
        "Damage Extent Type": "91-100%",
        "Date Inference Making Actor Name": "None",
        "Datum Description/EPSG code": null,
        "Datum Type": null,
        "Depositional Process": null,
        "Designation": null,
        "Designation From Date": null,
        "Designation To Date": null,
        "Detailed Condition Assessments": null,
        "Dimension Type": null,
        "Disturbance Cause Assignment Assessor Name - Actor": "None, None",
        "Disturbance Cause Category Type": "Funerary/Memorial, Funerary/Memorial",
        "Disturbance Cause Certainty ": "Definite, Definite",
        "Disturbance Cause Type ": "Water Action, Construction",
        "Disturbance Date From": "None, None",
        "Disturbance Date Occurred Before": "None, None",
        "Disturbance Date Occurred On ": "None, None",
        "Disturbance Date To ": "None, None",
        "EAMENA ID": "EAMENA-0161669",
        "Effect Certainty": null,
        "Effect Type": null,
        "Fetch Type": null,
        "GE Imagery Acquisition Date": null,
        "General Description": null,
        "General Description Type": null,
        "Geometry Extent Certainty": "",
        "Geometry Qualifier": "",
        "Google Earth Assessment": "None",
        "Grid ID": "E14N31-33, ",
        "Heritage Place Function": null,
        "Heritage Place Function Certainty ": null,
        "Heritage Place Resource Instance": null,
        "Heritage Place Type": "Archaeological Site",
        "Imagery Acquisition Date": null,
        "Information Resource": null,
        "Information Resource Acquisition Date": null,
        "Intervention Activity Type": null,
        "Investigator Role Type": "Academic Researcher",
        "Land Cover Assessment Date": null,
        "Land Cover Type": null,
        "Location Certainty": "Definite",
        "Material Class": null,
        "Material Type": null,
        "Maximum Depth/Min Elevation": null,
        "Measurement Number": null,
        "Measurement Source Type ": null,
        "Measurement Unit": null,
        "Minimum Depth/Max Elevation": null,
        "Name Type": "Alternative Reference, Alternative Reference",
        "Overall Archaeological Certainty Value ": null,
        "Overall Condition State Type": "Very Bad",
        "Overall Site Morphology Type": null,
        "Overall Site Shape Type": ", Rectangular/Square",
        "Priority Type": "Within 6 months to 1 year (Urgent)",
        "Recommendation Type": null,
        "Related Geoarchaeology/Palaeolandscape": null,
        "Resource Name": "E14N31-33_00077AS, CPF data 2019",
        "Resource Orientation": ", ",
        "Restricted Access Record Designation": null,
        "SH Date From": null,
        "SH Date to": null,
        "Site Feature Arrangement Type": "Discrete, Clustered",
        "Site Feature Form Type": "Structure, Structure",
        "Site Feature Form Type Certainty": "Definite, Definite",
        "Site Feature Interpretation Certainty": "High",
        "Site Feature Interpretation Number Type": "2 to 5",
        "Site Feature Interpretation Type": "Cemetery",
        "Site Feature Number Type": "2 to 5, 2 to 5",
        "Site Feature Shape Type": "Rectangular/Square, Irregular",
        "Spatial Coordinates Ref System": "None",
        "Surficial Geology Type": null,
        "Threat Category": "Funerary/Memorial, Funerary/Memorial",
        "Threat Cause Type": "Construction, Water Action",
        "Threat Inference Making Assessor Name - Actor": "None, None",
        "Threat Probability ": "Planned, Planned",
        "Tidal Range": null,
        "Topography Type": "Plain/Plateau",
        "Wave Climate": null
      },
      "type": "Feature"
    },
    {
      "geometry": {
        "coordinates": [
          14.040259,
          31.81498
        ],
        "type": "Point"
      },
      "properties": {
        "AH Date From": null,
        "AH Date To": null,
        "Address": null,
        "Address Type": null,
        "Administrative Division ": null,
        "Administrative Division Type": null,
        "Archaeological From Date": null,
        "Archaeological To Date": null,
        "Assessment Activity Date": "None",
        "Assessment Activity Type": "Archaeological Assessment (Image Interpretation)",
        "Assessment Investigator - Actor": "Asherf Zurgani",
        "BP Date From": null,
        "BP Date To": null,
        "Bedrock Geology Type": null,
        "Built Component": null,
        "Cadastral Reference": "None, None",
        "Construction Technique": null,
        "Country Type": ", Libya",
        "Cultural Period Certainty": "Probable, Probable",
        "Cultural Period Type": "Classical/Protohistoric/Pre-Islamic (North Africa), Classical/Protohistoric/Pre-Islamic (North Africa)",
        "Cultural Sub-period Certainty": null,
        "Cultural Sub-period Type": null,
        "Damage Extent Type": "1-10%",
        "Date Inference Making Actor Name": "None, None",
        "Datum Description/EPSG code": null,
        "Datum Type": null,
        "Depositional Process": null,
        "Designation": null,
        "Designation From Date": null,
        "Designation To Date": null,
        "Detailed Condition Assessments": null,
        "Dimension Type": null,
        "Disturbance Cause Assignment Assessor Name - Actor": "None, None",
        "Disturbance Cause Category Type": "Funerary/Memorial, Funerary/Memorial",
        "Disturbance Cause Certainty ": "Definite, Definite",
        "Disturbance Cause Type ": "Water Action, Reconstruction",
        "Disturbance Date From": "None, None",
        "Disturbance Date Occurred Before": "None, None",
        "Disturbance Date Occurred On ": "None, None",
        "Disturbance Date To ": "None, None",
        "EAMENA ID": "EAMENA-0161761",
        "Effect Certainty": null,
        "Effect Type": null,
        "Fetch Type": null,
        "GE Imagery Acquisition Date": null,
        "General Description": null,
        "General Description Type": null,
        "Geometry Extent Certainty": "",
        "Geometry Qualifier": "",
        "Google Earth Assessment": "None",
        "Grid ID": ", E14N31-33",
        "Heritage Place Function": null,
        "Heritage Place Function Certainty ": null,
        "Heritage Place Resource Instance": null,
        "Heritage Place Type": "Archaeological Site",
        "Imagery Acquisition Date": null,
        "Information Resource": null,
        "Information Resource Acquisition Date": null,
        "Intervention Activity Type": null,
        "Investigator Role Type": "Academic Researcher",
        "Land Cover Assessment Date": null,
        "Land Cover Type": null,
        "Location Certainty": "Definite",
        "Material Class": null,
        "Material Type": null,
        "Maximum Depth/Min Elevation": null,
        "Measurement Number": null,
        "Measurement Source Type ": null,
        "Measurement Unit": null,
        "Minimum Depth/Max Elevation": null,
        "Name Type": "Alternative Reference, Toponym, Alternative Reference",
        "Overall Archaeological Certainty Value ": null,
        "Overall Condition State Type": "Good",
        "Overall Site Morphology Type": null,
        "Overall Site Shape Type": "Rectangular/Square, ",
        "Priority Type": null,
        "Recommendation Type": null,
        "Related Geoarchaeology/Palaeolandscape": null,
        "Resource Name": "E14N31-33_000103AS, \u0645\u0642\u0628\u0631\u0629, CPF data 2019",
        "Resource Orientation": ", ",
        "Restricted Access Record Designation": null,
        "SH Date From": null,
        "SH Date to": null,
        "Site Feature Arrangement Type": "Clustered",
        "Site Feature Form Type": "Structure",
        "Site Feature Form Type Certainty": "Definite",
        "Site Feature Interpretation Certainty": "High",
        "Site Feature Interpretation Number Type": "2 to 5",
        "Site Feature Interpretation Type": "Tomb/Grave/Burial",
        "Site Feature Number Type": "2 to 5",
        "Site Feature Shape Type": "Rectangular/Square",
        "Spatial Coordinates Ref System": "None",
        "Surficial Geology Type": null,
        "Threat Category": "Funerary/Memorial, Funerary/Memorial",
        "Threat Cause Type": "Reconstruction, Water Action",
        "Threat Inference Making Assessor Name - Actor": "None, None",
        "Threat Probability ": "Planned, Planned",
        "Tidal Range": null,
        "Topography Type": "Plain/Plateau",
        "Wave Climate": null
      },
      "type": "Feature"
    },
    {
      "geometry": {
        "coordinates": [
          14.084177,
          31.792795
        ],
        "type": "Point"
      },
      "properties": {
        "AH Date From": null,
        "AH Date To": null,
        "Address": null,
        "Address Type": null,
        "Administrative Division ": null,
        "Administrative Division Type": null,
        "Archaeological From Date": null,
        "Archaeological To Date": null,
        "Assessment Activity Date": "2020-04-16, 2020-04-16",
        "Assessment Activity Type": "Archaeological Assessment (Image Interpretation), Archaeological Assessment (Image Interpretation)",
        "Assessment Investigator - Actor": "Martin Sterry, Louise Rayne",
        "BP Date From": null,
        "BP Date To": null,
        "Bedrock Geology Type": null,
        "Built Component": null,
        "Cadastral Reference": "None, None",
        "Construction Technique": null,
        "Country Type": "Libya, ",
        "Cultural Period Certainty": "Possible",
        "Cultural Period Type": "Contemporary Islamic (MENA)",
        "Cultural Sub-period Certainty": null,
        "Cultural Sub-period Type": null,
        "Damage Extent Type": "91-100%",
        "Date Inference Making Actor Name": "Louise Rayne",
        "Datum Description/EPSG code": null,
        "Datum Type": null,
        "Depositional Process": null,
        "Designation": null,
        "Designation From Date": null,
        "Designation To Date": null,
        "Detailed Condition Assessments": null,
        "Dimension Type": null,
        "Disturbance Cause Assignment Assessor Name - Actor": "Louise Rayne",
        "Disturbance Cause Category Type": "Unknown",
        "Disturbance Cause Certainty ": "Medium",
        "Disturbance Cause Type ": "Demolition/Destruction",
        "Disturbance Date From": "None",
        "Disturbance Date Occurred Before": "2013-07-30",
        "Disturbance Date Occurred On ": "None",
        "Disturbance Date To ": "None",
        "EAMENA ID": "EAMENA-0178885",
        "Effect Certainty": null,
        "Effect Type": null,
        "Fetch Type": null,
        "GE Imagery Acquisition Date": null,
        "General Description": null,
        "General Description Type": null,
        "Geometry Extent Certainty": "",
        "Geometry Qualifier": "",
        "Google Earth Assessment": "None, None",
        "Grid ID": "E14N31-33, ",
        "Heritage Place Function": "Funerary/Memorial",
        "Heritage Place Function Certainty ": "Medium",
        "Heritage Place Resource Instance": null,
        "Heritage Place Type": "Structural Heritage",
        "Imagery Acquisition Date": null,
        "Information Resource": null,
        "Information Resource Acquisition Date": null,
        "Intervention Activity Type": null,
        "Investigator Role Type": "EAMENA Project Staff, EAMENA Project Staff",
        "Land Cover Assessment Date": null,
        "Land Cover Type": null,
        "Location Certainty": "High",
        "Material Class": null,
        "Material Type": null,
        "Maximum Depth/Min Elevation": null,
        "Measurement Number": null,
        "Measurement Source Type ": null,
        "Measurement Unit": null,
        "Minimum Depth/Max Elevation": null,
        "Name Type": null,
        "Overall Archaeological Certainty Value ": "Medium",
        "Overall Condition State Type": "Destroyed",
        "Overall Site Morphology Type": "Positive/Built Feature",
        "Overall Site Shape Type": ", Rectangular/Square",
        "Priority Type": null,
        "Recommendation Type": null,
        "Related Geoarchaeology/Palaeolandscape": null,
        "Resource Name": null,
        "Resource Orientation": ", ",
        "Restricted Access Record Designation": null,
        "SH Date From": null,
        "SH Date to": null,
        "Site Feature Arrangement Type": "Discrete",
        "Site Feature Form Type": "Structure",
        "Site Feature Form Type Certainty": "High",
        "Site Feature Interpretation Certainty": "High",
        "Site Feature Interpretation Number Type": "1",
        "Site Feature Interpretation Type": "Mosque/Imam/Marabout",
        "Site Feature Number Type": "1",
        "Site Feature Shape Type": "Rectangular/Square",
        "Spatial Coordinates Ref System": "None",
        "Surficial Geology Type": null,
        "Threat Category": "",
        "Threat Cause Type": "",
        "Threat Inference Making Assessor Name - Actor": "Louise Rayne",
        "Threat Probability ": "",
        "Tidal Range": null,
        "Topography Type": null,
        "Wave Climate": null
      },
      "type": "Feature"
    },
    {
      "geometry": {
        "coordinates": [
          14.038262,
          31.763073
        ],
        "type": "Point"
      },
      "properties": {
        "AH Date From": null,
        "AH Date To": null,
        "Address": null,
        "Address Type": null,
        "Administrative Division ": null,
        "Administrative Division Type": null,
        "Archaeological From Date": null,
        "Archaeological To Date": null,
        "Assessment Activity Date": "2020-04-16, 2020-04-16",
        "Assessment Activity Type": "Archaeological Assessment (Image Interpretation), Archaeological Assessment (Image Interpretation)",
        "Assessment Investigator - Actor": "Louise Rayne, Martin Sterry",
        "BP Date From": null,
        "BP Date To": null,
        "Bedrock Geology Type": null,
        "Built Component": null,
        "Cadastral Reference": "None, None",
        "Construction Technique": null,
        "Country Type": "Libya, ",
        "Cultural Period Certainty": "Possible",
        "Cultural Period Type": "Contemporary Islamic (MENA)",
        "Cultural Sub-period Certainty": null,
        "Cultural Sub-period Type": null,
        "Damage Extent Type": "91-100%",
        "Date Inference Making Actor Name": "Louise Rayne",
        "Datum Description/EPSG code": null,
        "Datum Type": null,
        "Depositional Process": null,
        "Designation": null,
        "Designation From Date": null,
        "Designation To Date": null,
        "Detailed Condition Assessments": null,
        "Dimension Type": null,
        "Disturbance Cause Assignment Assessor Name - Actor": "Louise Rayne",
        "Disturbance Cause Category Type": "Unknown",
        "Disturbance Cause Certainty ": "Medium",
        "Disturbance Cause Type ": "Demolition/Destruction",
        "Disturbance Date From": "None",
        "Disturbance Date Occurred Before": "2013-07-30",
        "Disturbance Date Occurred On ": "None",
        "Disturbance Date To ": "None",
        "EAMENA ID": "EAMENA-0178884",
        "Effect Certainty": null,
        "Effect Type": null,
        "Fetch Type": null,
        "GE Imagery Acquisition Date": null,
        "General Description": null,
        "General Description Type": null,
        "Geometry Extent Certainty": "",
        "Geometry Qualifier": "",
        "Google Earth Assessment": "None, None",
        "Grid ID": "E14N31-33, ",
        "Heritage Place Function": "Funerary/Memorial",
        "Heritage Place Function Certainty ": "Medium",
        "Heritage Place Resource Instance": null,
        "Heritage Place Type": "Structural Heritage",
        "Imagery Acquisition Date": null,
        "Information Resource": null,
        "Information Resource Acquisition Date": null,
        "Intervention Activity Type": null,
        "Investigator Role Type": "EAMENA Project Staff, EAMENA Project Staff",
        "Land Cover Assessment Date": null,
        "Land Cover Type": null,
        "Location Certainty": "High",
        "Material Class": null,
        "Material Type": null,
        "Maximum Depth/Min Elevation": null,
        "Measurement Number": null,
        "Measurement Source Type ": null,
        "Measurement Unit": null,
        "Minimum Depth/Max Elevation": null,
        "Name Type": null,
        "Overall Archaeological Certainty Value ": "Medium",
        "Overall Condition State Type": "Destroyed",
        "Overall Site Morphology Type": "Positive/Built Feature",
        "Overall Site Shape Type": ", Rectangular/Square",
        "Priority Type": null,
        "Recommendation Type": null,
        "Related Geoarchaeology/Palaeolandscape": null,
        "Resource Name": null,
        "Resource Orientation": ", ",
        "Restricted Access Record Designation": null,
        "SH Date From": null,
        "SH Date to": null,
        "Site Feature Arrangement Type": "Discrete",
        "Site Feature Form Type": "Structure",
        "Site Feature Form Type Certainty": "High",
        "Site Feature Interpretation Certainty": "High",
        "Site Feature Interpretation Number Type": "1",
        "Site Feature Interpretation Type": "Mosque/Imam/Marabout",
        "Site Feature Number Type": "1",
        "Site Feature Shape Type": "Rectangular/Square",
        "Spatial Coordinates Ref System": "None",
        "Surficial Geology Type": null,
        "Threat Category": "",
        "Threat Cause Type": "",
        "Threat Inference Making Assessor Name - Actor": "Louise Rayne",
        "Threat Probability ": "",
        "Tidal Range": null,
        "Topography Type": null,
        "Wave Climate": null
      },
      "type": "Feature"
    },
    {
      "geometry": {
        "coordinates": [
          14.085239,
          31.793914
        ],
        "type": "Point"
      },
      "properties": {
        "AH Date From": null,
        "AH Date To": null,
        "Address": null,
        "Address Type": null,
        "Administrative Division ": null,
        "Administrative Division Type": null,
        "Archaeological From Date": null,
        "Archaeological To Date": null,
        "Assessment Activity Date": "2019-07-17, 2020-05-01",
        "Assessment Activity Type": "Literature Interpretation/Digitisation, Condition Assessment (Image Interpretation)",
        "Assessment Investigator - Actor": "Nichole Sheldrick, Nichole Sheldrick",
        "BP Date From": null,
        "BP Date To": null,
        "Bedrock Geology Type": null,
        "Built Component": null,
        "Cadastral Reference": "None",
        "Construction Technique": null,
        "Country Type": "Libya",
        "Cultural Period Certainty": "Possible",
        "Cultural Period Type": "Classical/Protohistoric/Pre-Islamic (North Africa)",
        "Cultural Sub-period Certainty": "Possible",
        "Cultural Sub-period Type": "Roman/Late Antique (North Africa)",
        "Damage Extent Type": "Unknown",
        "Date Inference Making Actor Name": "UNESCO Libyan Valleys Survey Gazetteer",
        "Datum Description/EPSG code": null,
        "Datum Type": null,
        "Depositional Process": null,
        "Designation": null,
        "Designation From Date": null,
        "Designation To Date": null,
        "Detailed Condition Assessments": null,
        "Dimension Type": null,
        "Disturbance Cause Assignment Assessor Name - Actor": "Nichole Sheldrick",
        "Disturbance Cause Category Type": "Agricultural/Pastoral",
        "Disturbance Cause Certainty ": "High",
        "Disturbance Cause Type ": "Occupation/Continued Use",
        "Disturbance Date From": "2009-10-19",
        "Disturbance Date Occurred Before": "None",
        "Disturbance Date Occurred On ": "None",
        "Disturbance Date To ": "2020-02-14",
        "EAMENA ID": "EAMENA-0189435",
        "Effect Certainty": "Not Applicable",
        "Effect Type": "Unknown",
        "Fetch Type": null,
        "GE Imagery Acquisition Date": null,
        "General Description": null,
        "General Description Type": null,
        "Geometry Extent Certainty": "Negligible",
        "Geometry Qualifier": "",
        "Google Earth Assessment": "None, None",
        "Grid ID": "E14N31-33",
        "Heritage Place Function": "Hydrological",
        "Heritage Place Function Certainty ": "Definite",
        "Heritage Place Resource Instance": null,
        "Heritage Place Type": "Archaeological Site",
        "Imagery Acquisition Date": null,
        "Information Resource": null,
        "Information Resource Acquisition Date": null,
        "Intervention Activity Type": null,
        "Investigator Role Type": "EAMENA Project Staff, EAMENA Project Staff",
        "Land Cover Assessment Date": null,
        "Land Cover Type": null,
        "Location Certainty": "Definite",
        "Material Class": null,
        "Material Type": null,
        "Maximum Depth/Min Elevation": null,
        "Measurement Number": null,
        "Measurement Source Type ": null,
        "Measurement Unit": null,
        "Minimum Depth/Max Elevation": null,
        "Name Type": "Alternative Reference, Alternative Reference",
        "Overall Archaeological Certainty Value ": "High",
        "Overall Condition State Type": "Good",
        "Overall Site Morphology Type": "Positive/Built Feature",
        "Overall Site Shape Type": "",
        "Priority Type": null,
        "Recommendation Type": null,
        "Related Geoarchaeology/Palaeolandscape": null,
        "Resource Name": "Md268, Md 00268",
        "Resource Orientation": "",
        "Restricted Access Record Designation": null,
        "SH Date From": null,
        "SH Date to": null,
        "Site Feature Arrangement Type": null,
        "Site Feature Form Type": null,
        "Site Feature Form Type Certainty": null,
        "Site Feature Interpretation Certainty": "Definite",
        "Site Feature Interpretation Number Type": "Unknown",
        "Site Feature Interpretation Type": "Wadi Wall",
        "Site Feature Number Type": null,
        "Site Feature Shape Type": null,
        "Spatial Coordinates Ref System": "None",
        "Surficial Geology Type": null,
        "Threat Category": "Agricultural/Pastoral",
        "Threat Cause Type": "Occupation/Continued Use",
        "Threat Inference Making Assessor Name - Actor": "Nichole Sheldrick",
        "Threat Probability ": "Probable",
        "Tidal Range": null,
        "Topography Type": "Watercourse Bed",
        "Wave Climate": null
      },
      "type": "Feature"
    },
    {
      "geometry": {
        "coordinates": [
          14.058632,
          31.829894
        ],
        "type": "Point"
      },
      "properties": {
        "AH Date From": null,
        "AH Date To": null,
        "Address": null,
        "Address Type": null,
        "Administrative Division ": null,
        "Administrative Division Type": null,
        "Archaeological From Date": null,
        "Archaeological To Date": null,
        "Assessment Activity Date": "2021-11-01, 2021-11-01",
        "Assessment Activity Type": "Archaeological Assessment (Image Interpretation), Condition Assessment (Image Interpretation)",
        "Assessment Investigator - Actor": "Thomas Millington, Thomas Millington",
        "BP Date From": null,
        "BP Date To": null,
        "Bedrock Geology Type": null,
        "Built Component": null,
        "Cadastral Reference": "None",
        "Construction Technique": null,
        "Country Type": "Libya",
        "Cultural Period Certainty": "Not Applicable",
        "Cultural Period Type": "Unknown",
        "Cultural Sub-period Certainty": null,
        "Cultural Sub-period Type": null,
        "Damage Extent Type": "No Visible/Known",
        "Date Inference Making Actor Name": "Thomas Millington",
        "Datum Description/EPSG code": null,
        "Datum Type": null,
        "Depositional Process": null,
        "Designation": null,
        "Designation From Date": null,
        "Designation To Date": null,
        "Detailed Condition Assessments": null,
        "Dimension Type": null,
        "Disturbance Cause Assignment Assessor Name - Actor": "Thomas Millington",
        "Disturbance Cause Category Type": "Unknown",
        "Disturbance Cause Certainty ": "Not Applicable",
        "Disturbance Cause Type ": "No Visible/Known",
        "Disturbance Date From": "None",
        "Disturbance Date Occurred Before": "None",
        "Disturbance Date Occurred On ": "None",
        "Disturbance Date To ": "2021-06-15",
        "EAMENA ID": "EAMENA-0191067",
        "Effect Certainty": "Not Applicable",
        "Effect Type": "Not Applicable",
        "Fetch Type": null,
        "GE Imagery Acquisition Date": "2009-10-19, 2021-06-15",
        "General Description": null,
        "General Description Type": null,
        "Geometry Extent Certainty": "Negligible",
        "Geometry Qualifier": "Center Point",
        "Google Earth Assessment": "True, True",
        "Grid ID": "E14N31-33",
        "Heritage Place Function": "Funerary/Memorial",
        "Heritage Place Function Certainty ": "Low",
        "Heritage Place Resource Instance": null,
        "Heritage Place Type": "Archaeological Site",
        "Imagery Acquisition Date": null,
        "Information Resource": null,
        "Information Resource Acquisition Date": null,
        "Intervention Activity Type": null,
        "Investigator Role Type": "Volunteer/Independent Researcher, Volunteer/Independent Researcher",
        "Land Cover Assessment Date": "2021-06-15",
        "Land Cover Type": "Lichen & Mosses/Sparse Vegetation",
        "Location Certainty": "Medium",
        "Material Class": null,
        "Material Type": null,
        "Maximum Depth/Min Elevation": null,
        "Measurement Number": null,
        "Measurement Source Type ": null,
        "Measurement Unit": null,
        "Minimum Depth/Max Elevation": null,
        "Name Type": "Alternative Reference",
        "Overall Archaeological Certainty Value ": "Medium",
        "Overall Condition State Type": null,
        "Overall Site Morphology Type": "Positive/Built Feature",
        "Overall Site Shape Type": "Circular",
        "Priority Type": null,
        "Recommendation Type": null,
        "Related Geoarchaeology/Palaeolandscape": null,
        "Resource Name": "TM E14N31-33_500",
        "Resource Orientation": "",
        "Restricted Access Record Designation": null,
        "SH Date From": null,
        "SH Date to": null,
        "Site Feature Arrangement Type": "Isolated",
        "Site Feature Form Type": "Small Mound/Cairn",
        "Site Feature Form Type Certainty": "Medium",
        "Site Feature Interpretation Certainty": "Medium",
        "Site Feature Interpretation Number Type": "1",
        "Site Feature Interpretation Type": "Tomb/Grave/Burial",
        "Site Feature Number Type": "1",
        "Site Feature Shape Type": "Sub-circular",
        "Spatial Coordinates Ref System": "None",
        "Surficial Geology Type": null,
        "Threat Category": "Agricultural/Pastoral",
        "Threat Cause Type": "Clearance (Unclassified)",
        "Threat Inference Making Assessor Name - Actor": "Thomas Millington",
        "Threat Probability ": "Possible",
        "Tidal Range": null,
        "Topography Type": "Slopes",
        "Wave Climate": null
      },
      "type": "Feature"
    },
    {
      "geometry": {
        "coordinates": [
          14.036598,
          31.767462
        ],
        "type": "Point"
      },
      "properties": {
        "AH Date From": null,
        "AH Date To": null,
        "Address": null,
        "Address Type": null,
        "Administrative Division ": null,
        "Administrative Division Type": null,
        "Archaeological From Date": null,
        "Archaeological To Date": null,
        "Assessment Activity Date": "2019-07-17",
        "Assessment Activity Type": "Literature Interpretation/Digitisation",
        "Assessment Investigator - Actor": "Nichole Sheldrick",
        "BP Date From": null,
        "BP Date To": null,
        "Bedrock Geology Type": null,
        "Built Component": null,
        "Cadastral Reference": "None",
        "Construction Technique": null,
        "Country Type": "Libya",
        "Cultural Period Certainty": "Not Applicable",
        "Cultural Period Type": "Unknown",
        "Cultural Sub-period Certainty": "Not Applicable",
        "Cultural Sub-period Type": "Unknown",
        "Damage Extent Type": "Unknown",
        "Date Inference Making Actor Name": "UNESCO Libyan Valleys Survey Gazetteer",
        "Datum Description/EPSG code": null,
        "Datum Type": null,
        "Depositional Process": null,
        "Designation": null,
        "Designation From Date": null,
        "Designation To Date": null,
        "Detailed Condition Assessments": null,
        "Dimension Type": null,
        "Disturbance Cause Assignment Assessor Name - Actor": "Nichole Sheldrick",
        "Disturbance Cause Category Type": "Unknown",
        "Disturbance Cause Certainty ": "Not Applicable",
        "Disturbance Cause Type ": "Unknown",
        "Disturbance Date From": "None",
        "Disturbance Date Occurred Before": "None",
        "Disturbance Date Occurred On ": "None",
        "Disturbance Date To ": "None",
        "EAMENA ID": "EAMENA-0189409",
        "Effect Certainty": "Not Applicable",
        "Effect Type": "Unknown",
        "Fetch Type": null,
        "GE Imagery Acquisition Date": null,
        "General Description": null,
        "General Description Type": null,
        "Geometry Extent Certainty": "Negligible",
        "Geometry Qualifier": "",
        "Google Earth Assessment": "None",
        "Grid ID": "E14N31-33",
        "Heritage Place Function": "Hydrological",
        "Heritage Place Function Certainty ": "Definite",
        "Heritage Place Resource Instance": null,
        "Heritage Place Type": "Archaeological Site",
        "Imagery Acquisition Date": null,
        "Information Resource": null,
        "Information Resource Acquisition Date": null,
        "Intervention Activity Type": null,
        "Investigator Role Type": "EAMENA Project Staff",
        "Land Cover Assessment Date": null,
        "Land Cover Type": null,
        "Location Certainty": "Low",
        "Material Class": null,
        "Material Type": null,
        "Maximum Depth/Min Elevation": null,
        "Measurement Number": null,
        "Measurement Source Type ": null,
        "Measurement Unit": null,
        "Minimum Depth/Max Elevation": null,
        "Name Type": "Alternative Reference, Alternative Reference",
        "Overall Archaeological Certainty Value ": "High",
        "Overall Condition State Type": "Unknown",
        "Overall Site Morphology Type": null,
        "Overall Site Shape Type": "",
        "Priority Type": null,
        "Recommendation Type": null,
        "Related Geoarchaeology/Palaeolandscape": null,
        "Resource Name": "Md209, Md 00209",
        "Resource Orientation": "",
        "Restricted Access Record Designation": null,
        "SH Date From": null,
        "SH Date to": null,
        "Site Feature Arrangement Type": null,
        "Site Feature Form Type": null,
        "Site Feature Form Type Certainty": null,
        "Site Feature Interpretation Certainty": "Definite",
        "Site Feature Interpretation Number Type": "1",
        "Site Feature Interpretation Type": "Cistern",
        "Site Feature Number Type": null,
        "Site Feature Shape Type": null,
        "Spatial Coordinates Ref System": "None",
        "Surficial Geology Type": null,
        "Threat Category": "Unknown",
        "Threat Cause Type": "Unknown",
        "Threat Inference Making Assessor Name - Actor": "Nichole Sheldrick",
        "Threat Probability ": "Not Applicable",
        "Tidal Range": null,
        "Topography Type": "Unknown",
        "Wave Climate": null
      },
      "type": "Feature"
    },
    {
      "geometry": {
        "coordinates": [
          14.057996,
          31.820714
        ],
        "type": "Point"
      },
      "properties": {
        "AH Date From": null,
        "AH Date To": null,
        "Address": null,
        "Address Type": null,
        "Administrative Division ": null,
        "Administrative Division Type": null,
        "Archaeological From Date": null,
        "Archaeological To Date": null,
        "Assessment Activity Date": "None",
        "Assessment Activity Type": "Archaeological Assessment (Image Interpretation)",
        "Assessment Investigator - Actor": "Asherf Zurgani",
        "BP Date From": null,
        "BP Date To": null,
        "Bedrock Geology Type": null,
        "Built Component": null,
        "Cadastral Reference": "None, None",
        "Construction Technique": null,
        "Country Type": "Libya, ",
        "Cultural Period Certainty": "Probable",
        "Cultural Period Type": "Classical/Protohistoric/Pre-Islamic (North Africa)",
        "Cultural Sub-period Certainty": null,
        "Cultural Sub-period Type": null,
        "Damage Extent Type": "1-10%",
        "Date Inference Making Actor Name": "None",
        "Datum Description/EPSG code": null,
        "Datum Type": null,
        "Depositional Process": null,
        "Designation": null,
        "Designation From Date": null,
        "Designation To Date": null,
        "Detailed Condition Assessments": null,
        "Dimension Type": null,
        "Disturbance Cause Assignment Assessor Name - Actor": "None, None",
        "Disturbance Cause Category Type": "Funerary/Memorial, Funerary/Memorial",
        "Disturbance Cause Certainty ": "Definite, Definite",
        "Disturbance Cause Type ": "Water Action, Construction",
        "Disturbance Date From": "None, None",
        "Disturbance Date Occurred Before": "None, None",
        "Disturbance Date Occurred On ": "None, None",
        "Disturbance Date To ": "None, None",
        "EAMENA ID": "EAMENA-0161760",
        "Effect Certainty": null,
        "Effect Type": null,
        "Fetch Type": null,
        "GE Imagery Acquisition Date": null,
        "General Description": null,
        "General Description Type": null,
        "Geometry Extent Certainty": "",
        "Geometry Qualifier": "",
        "Google Earth Assessment": "None",
        "Grid ID": "E14N31-33, ",
        "Heritage Place Function": null,
        "Heritage Place Function Certainty ": null,
        "Heritage Place Resource Instance": null,
        "Heritage Place Type": "Archaeological Site",
        "Imagery Acquisition Date": null,
        "Information Resource": null,
        "Information Resource Acquisition Date": null,
        "Intervention Activity Type": null,
        "Investigator Role Type": "Academic Researcher",
        "Land Cover Assessment Date": null,
        "Land Cover Type": null,
        "Location Certainty": "Definite",
        "Material Class": null,
        "Material Type": null,
        "Maximum Depth/Min Elevation": null,
        "Measurement Number": null,
        "Measurement Source Type ": null,
        "Measurement Unit": null,
        "Minimum Depth/Max Elevation": null,
        "Name Type": "Alternative Reference, Toponym, Alternative Reference",
        "Overall Archaeological Certainty Value ": null,
        "Overall Condition State Type": "Good",
        "Overall Site Morphology Type": null,
        "Overall Site Shape Type": ", Rectangular/Square",
        "Priority Type": "Within 2 to 5 years (Medium)",
        "Recommendation Type": null,
        "Related Geoarchaeology/Palaeolandscape": null,
        "Resource Name": "E14N31-33_000102AS, \u0645\u0642\u0628\u0631\u0629, CPF data 2019",
        "Resource Orientation": ", ",
        "Restricted Access Record Designation": null,
        "SH Date From": null,
        "SH Date to": null,
        "Site Feature Arrangement Type": "Clustered",
        "Site Feature Form Type": "Structure",
        "Site Feature Form Type Certainty": "Definite",
        "Site Feature Interpretation Certainty": "High",
        "Site Feature Interpretation Number Type": "1",
        "Site Feature Interpretation Type": "Tomb/Grave/Burial",
        "Site Feature Number Type": "1",
        "Site Feature Shape Type": "Rectangular/Square",
        "Spatial Coordinates Ref System": "None",
        "Surficial Geology Type": null,
        "Threat Category": "Funerary/Memorial, Funerary/Memorial",
        "Threat Cause Type": "Construction, Water Action",
        "Threat Inference Making Assessor Name - Actor": "None, None",
        "Threat Probability ": "Planned, Planned",
        "Tidal Range": null,
        "Topography Type": "Plain/Plateau",
        "Wave Climate": null
      },
      "type": "Feature"
    },
    {
      "geometry": {
        "coordinates": [
          14.049201,
          31.764147
        ],
        "type": "Point"
      },
      "properties": {
        "AH Date From": null,
        "AH Date To": null,
        "Address": null,
        "Address Type": null,
        "Administrative Division ": null,
        "Administrative Division Type": null,
        "Archaeological From Date": null,
        "Archaeological To Date": null,
        "Assessment Activity Date": "2020-04-16, 2020-04-16",
        "Assessment Activity Type": "Archaeological Assessment (Image Interpretation), Archaeological Assessment (Image Interpretation)",
        "Assessment Investigator - Actor": "Martin Sterry, Louise Rayne",
        "BP Date From": null,
        "BP Date To": null,
        "Bedrock Geology Type": null,
        "Built Component": null,
        "Cadastral Reference": "None, None",
        "Construction Technique": null,
        "Country Type": ", Libya",
        "Cultural Period Certainty": "Possible",
        "Cultural Period Type": "Contemporary Islamic (MENA)",
        "Cultural Sub-period Certainty": null,
        "Cultural Sub-period Type": null,
        "Damage Extent Type": "91-100%",
        "Date Inference Making Actor Name": "Louise Rayne",
        "Datum Description/EPSG code": null,
        "Datum Type": null,
        "Depositional Process": null,
        "Designation": null,
        "Designation From Date": null,
        "Designation To Date": null,
        "Detailed Condition Assessments": null,
        "Dimension Type": null,
        "Disturbance Cause Assignment Assessor Name - Actor": "Louise Rayne",
        "Disturbance Cause Category Type": "Unknown",
        "Disturbance Cause Certainty ": "Medium",
        "Disturbance Cause Type ": "Demolition/Destruction",
        "Disturbance Date From": "None",
        "Disturbance Date Occurred Before": "2013-07-30",
        "Disturbance Date Occurred On ": "None",
        "Disturbance Date To ": "None",
        "EAMENA ID": "EAMENA-0178881",
        "Effect Certainty": null,
        "Effect Type": null,
        "Fetch Type": null,
        "GE Imagery Acquisition Date": null,
        "General Description": null,
        "General Description Type": null,
        "Geometry Extent Certainty": "",
        "Geometry Qualifier": "",
        "Google Earth Assessment": "None, None",
        "Grid ID": ", E14N31-33",
        "Heritage Place Function": "Funerary/Memorial",
        "Heritage Place Function Certainty ": "Medium",
        "Heritage Place Resource Instance": null,
        "Heritage Place Type": "Structural Heritage",
        "Imagery Acquisition Date": null,
        "Information Resource": null,
        "Information Resource Acquisition Date": null,
        "Intervention Activity Type": null,
        "Investigator Role Type": "EAMENA Project Staff, EAMENA Project Staff",
        "Land Cover Assessment Date": null,
        "Land Cover Type": null,
        "Location Certainty": "High",
        "Material Class": null,
        "Material Type": null,
        "Maximum Depth/Min Elevation": null,
        "Measurement Number": null,
        "Measurement Source Type ": null,
        "Measurement Unit": null,
        "Minimum Depth/Max Elevation": null,
        "Name Type": null,
        "Overall Archaeological Certainty Value ": "Medium",
        "Overall Condition State Type": "Destroyed",
        "Overall Site Morphology Type": "Positive/Built Feature",
        "Overall Site Shape Type": "Rectangular/Square, ",
        "Priority Type": null,
        "Recommendation Type": null,
        "Related Geoarchaeology/Palaeolandscape": null,
        "Resource Name": null,
        "Resource Orientation": ", ",
        "Restricted Access Record Designation": null,
        "SH Date From": null,
        "SH Date to": null,
        "Site Feature Arrangement Type": "Discrete",
        "Site Feature Form Type": "Structure",
        "Site Feature Form Type Certainty": "High",
        "Site Feature Interpretation Certainty": "High",
        "Site Feature Interpretation Number Type": "1",
        "Site Feature Interpretation Type": "Mosque/Imam/Marabout",
        "Site Feature Number Type": "1",
        "Site Feature Shape Type": "Rectangular/Square",
        "Spatial Coordinates Ref System": "None",
        "Surficial Geology Type": null,
        "Threat Category": "",
        "Threat Cause Type": "",
        "Threat Inference Making Assessor Name - Actor": "Louise Rayne",
        "Threat Probability ": "",
        "Tidal Range": null,
        "Topography Type": null,
        "Wave Climate": null
      },
      "type": "Feature"
    },
    {
      "geometry": {
        "coordinates": [
          14.065219,
          31.803743
        ],
        "type": "Point"
      },
      "properties": {
        "AH Date From": null,
        "AH Date To": null,
        "Address": null,
        "Address Type": null,
        "Administrative Division ": null,
        "Administrative Division Type": null,
        "Archaeological From Date": null,
        "Archaeological To Date": null,
        "Assessment Activity Date": "2021-11-30, 2021-11-30",
        "Assessment Activity Type": "Archaeological Assessment (Image Interpretation), Condition Assessment (Image Interpretation)",
        "Assessment Investigator - Actor": "Thomas Millington, Thomas Millington",
        "BP Date From": null,
        "BP Date To": null,
        "Bedrock Geology Type": null,
        "Built Component": null,
        "Cadastral Reference": "None",
        "Construction Technique": null,
        "Country Type": "Libya",
        "Cultural Period Certainty": "Not Applicable",
        "Cultural Period Type": "Unknown",
        "Cultural Sub-period Certainty": null,
        "Cultural Sub-period Type": null,
        "Damage Extent Type": "No Visible/Known",
        "Date Inference Making Actor Name": "Thomas Millington",
        "Datum Description/EPSG code": null,
        "Datum Type": null,
        "Depositional Process": null,
        "Designation": null,
        "Designation From Date": null,
        "Designation To Date": null,
        "Detailed Condition Assessments": null,
        "Dimension Type": null,
        "Disturbance Cause Assignment Assessor Name - Actor": "Thomas Millington",
        "Disturbance Cause Category Type": "Not Applicable",
        "Disturbance Cause Certainty ": "Not Applicable",
        "Disturbance Cause Type ": "No Visible/Known",
        "Disturbance Date From": "None",
        "Disturbance Date Occurred Before": "None",
        "Disturbance Date Occurred On ": "None",
        "Disturbance Date To ": "2021-09-22",
        "EAMENA ID": "EAMENA-0193952",
        "Effect Certainty": "Not Applicable",
        "Effect Type": "Not Applicable",
        "Fetch Type": null,
        "GE Imagery Acquisition Date": "2009-10-19, 2021-09-22",
        "General Description": null,
        "General Description Type": null,
        "Geometry Extent Certainty": "Negligible",
        "Geometry Qualifier": "Center Point",
        "Google Earth Assessment": "True, True",
        "Grid ID": "E14N31-33",
        "Heritage Place Function": "Funerary/Memorial",
        "Heritage Place Function Certainty ": "Medium",
        "Heritage Place Resource Instance": null,
        "Heritage Place Type": "Archaeological Site",
        "Imagery Acquisition Date": null,
        "Information Resource": null,
        "Information Resource Acquisition Date": null,
        "Intervention Activity Type": null,
        "Investigator Role Type": "Volunteer/Independent Researcher, Volunteer/Independent Researcher",
        "Land Cover Assessment Date": "2021-09-22",
        "Land Cover Type": "Lichen & Mosses/Sparse Vegetation",
        "Location Certainty": "Medium",
        "Material Class": null,
        "Material Type": null,
        "Maximum Depth/Min Elevation": null,
        "Measurement Number": null,
        "Measurement Source Type ": null,
        "Measurement Unit": null,
        "Minimum Depth/Max Elevation": null,
        "Name Type": "Alternative Reference",
        "Overall Archaeological Certainty Value ": "Medium",
        "Overall Condition State Type": "Good",
        "Overall Site Morphology Type": "Positive/Built Feature",
        "Overall Site Shape Type": "Sub-circular",
        "Priority Type": null,
        "Recommendation Type": null,
        "Related Geoarchaeology/Palaeolandscape": null,
        "Resource Name": "TM E14N31-33_520",
        "Resource Orientation": "",
        "Restricted Access Record Designation": null,
        "SH Date From": null,
        "SH Date to": null,
        "Site Feature Arrangement Type": "Isolated",
        "Site Feature Form Type": "Small Mound/Cairn",
        "Site Feature Form Type Certainty": "Medium",
        "Site Feature Interpretation Certainty": "Medium",
        "Site Feature Interpretation Number Type": "1",
        "Site Feature Interpretation Type": "Tomb/Grave/Burial",
        "Site Feature Number Type": "1",
        "Site Feature Shape Type": "Sub-circular",
        "Spatial Coordinates Ref System": "None",
        "Surficial Geology Type": null,
        "Threat Category": "Not Applicable",
        "Threat Cause Type": "No Visible/Known",
        "Threat Inference Making Assessor Name - Actor": "Thomas Millington",
        "Threat Probability ": "Not Applicable",
        "Tidal Range": null,
        "Topography Type": "Slopes",
        "Wave Climate": null
      },
      "type": "Feature"
    },
    {
      "geometry": {
        "coordinates": [
          14.097404,
          31.837486
        ],
        "type": "Point"
      },
      "properties": {
        "AH Date From": null,
        "AH Date To": null,
        "Address": null,
        "Address Type": null,
        "Administrative Division ": null,
        "Administrative Division Type": null,
        "Archaeological From Date": null,
        "Archaeological To Date": null,
        "Assessment Activity Date": "None",
        "Assessment Activity Type": "Archaeological Assessment (Image Interpretation)",
        "Assessment Investigator - Actor": "Asherf Zurgani",
        "BP Date From": null,
        "BP Date To": null,
        "Bedrock Geology Type": null,
        "Built Component": null,
        "Cadastral Reference": "None, None",
        "Construction Technique": null,
        "Country Type": ", Libya",
        "Cultural Period Certainty": "Probable",
        "Cultural Period Type": "Classical/Protohistoric/Pre-Islamic (North Africa)",
        "Cultural Sub-period Certainty": null,
        "Cultural Sub-period Type": null,
        "Damage Extent Type": "11-30%",
        "Date Inference Making Actor Name": "None",
        "Datum Description/EPSG code": null,
        "Datum Type": null,
        "Depositional Process": null,
        "Designation": null,
        "Designation From Date": null,
        "Designation To Date": null,
        "Detailed Condition Assessments": null,
        "Dimension Type": null,
        "Disturbance Cause Assignment Assessor Name - Actor": "None, None",
        "Disturbance Cause Category Type": "Funerary/Memorial, Funerary/Memorial",
        "Disturbance Cause Certainty ": "Definite, Definite",
        "Disturbance Cause Type ": "Water Action, Construction",
        "Disturbance Date From": "None, None",
        "Disturbance Date Occurred Before": "None, None",
        "Disturbance Date Occurred On ": "None, None",
        "Disturbance Date To ": "None, None",
        "EAMENA ID": "EAMENA-0161656",
        "Effect Certainty": null,
        "Effect Type": null,
        "Fetch Type": null,
        "GE Imagery Acquisition Date": null,
        "General Description": null,
        "General Description Type": null,
        "Geometry Extent Certainty": "",
        "Geometry Qualifier": "",
        "Google Earth Assessment": "None",
        "Grid ID": ", E14N31-33",
        "Heritage Place Function": null,
        "Heritage Place Function Certainty ": null,
        "Heritage Place Resource Instance": null,
        "Heritage Place Type": "Archaeological Site",
        "Imagery Acquisition Date": null,
        "Information Resource": null,
        "Information Resource Acquisition Date": null,
        "Intervention Activity Type": null,
        "Investigator Role Type": "Academic Researcher",
        "Land Cover Assessment Date": null,
        "Land Cover Type": null,
        "Location Certainty": "Definite",
        "Material Class": null,
        "Material Type": null,
        "Maximum Depth/Min Elevation": null,
        "Measurement Number": null,
        "Measurement Source Type ": null,
        "Measurement Unit": null,
        "Minimum Depth/Max Elevation": null,
        "Name Type": "Alternative Reference, Alternative Reference",
        "Overall Archaeological Certainty Value ": null,
        "Overall Condition State Type": "Good",
        "Overall Site Morphology Type": null,
        "Overall Site Shape Type": "Sub-circular, ",
        "Priority Type": "Within 2 to 5 years (Medium)",
        "Recommendation Type": null,
        "Related Geoarchaeology/Palaeolandscape": null,
        "Resource Name": "E14N31-33_00075AS, CPF data 2019",
        "Resource Orientation": ", ",
        "Restricted Access Record Designation": null,
        "SH Date From": null,
        "SH Date to": null,
        "Site Feature Arrangement Type": "Clustered, Clustered, Adjoining",
        "Site Feature Form Type": "Structure, Structure, Structure",
        "Site Feature Form Type Certainty": "Definite, Definite, Definite",
        "Site Feature Interpretation Certainty": "High",
        "Site Feature Interpretation Number Type": "2 to 5",
        "Site Feature Interpretation Type": "Cemetery",
        "Site Feature Number Type": "2 to 5, 2 to 5, 2 to 5",
        "Site Feature Shape Type": "Straight, Semi-circular, Rectangular/Square",
        "Spatial Coordinates Ref System": "None",
        "Surficial Geology Type": null,
        "Threat Category": "Funerary/Memorial, Funerary/Memorial",
        "Threat Cause Type": "Construction, Water Action",
        "Threat Inference Making Assessor Name - Actor": "None, None",
        "Threat Probability ": "Planned, Planned",
        "Tidal Range": null,
        "Topography Type": "Plain/Plateau",
        "Wave Climate": null
      },
      "type": "Feature"
    },
    {
      "geometry": {
        "coordinates": [
          14.094053,
          31.839313
        ],
        "type": "Point"
      },
      "properties": {
        "AH Date From": null,
        "AH Date To": null,
        "Address": null,
        "Address Type": null,
        "Administrative Division ": null,
        "Administrative Division Type": null,
        "Archaeological From Date": null,
        "Archaeological To Date": null,
        "Assessment Activity Date": "None",
        "Assessment Activity Type": "Archaeological Assessment (Image Interpretation)",
        "Assessment Investigator - Actor": "Asherf Zurgani",
        "BP Date From": null,
        "BP Date To": null,
        "Bedrock Geology Type": null,
        "Built Component": null,
        "Cadastral Reference": "None, None",
        "Construction Technique": null,
        "Country Type": "Libya, ",
        "Cultural Period Certainty": "Probable",
        "Cultural Period Type": "Classical/Protohistoric/Pre-Islamic (North Africa)",
        "Cultural Sub-period Certainty": null,
        "Cultural Sub-period Type": null,
        "Damage Extent Type": "61-90%",
        "Date Inference Making Actor Name": "None",
        "Datum Description/EPSG code": null,
        "Datum Type": null,
        "Depositional Process": null,
        "Designation": null,
        "Designation From Date": null,
        "Designation To Date": null,
        "Detailed Condition Assessments": null,
        "Dimension Type": null,
        "Disturbance Cause Assignment Assessor Name - Actor": "None, None",
        "Disturbance Cause Category Type": "Funerary/Memorial, Funerary/Memorial",
        "Disturbance Cause Certainty ": "Definite, Definite",
        "Disturbance Cause Type ": "Road/Track, Construction",
        "Disturbance Date From": "None, None",
        "Disturbance Date Occurred Before": "None, None",
        "Disturbance Date Occurred On ": "None, None",
        "Disturbance Date To ": "None, None",
        "EAMENA ID": "EAMENA-0161670",
        "Effect Certainty": null,
        "Effect Type": null,
        "Fetch Type": null,
        "GE Imagery Acquisition Date": null,
        "General Description": null,
        "General Description Type": null,
        "Geometry Extent Certainty": "",
        "Geometry Qualifier": "",
        "Google Earth Assessment": "None",
        "Grid ID": "E14N31-33, ",
        "Heritage Place Function": null,
        "Heritage Place Function Certainty ": null,
        "Heritage Place Resource Instance": null,
        "Heritage Place Type": "Archaeological Site",
        "Imagery Acquisition Date": null,
        "Information Resource": null,
        "Information Resource Acquisition Date": null,
        "Intervention Activity Type": null,
        "Investigator Role Type": "Academic Researcher",
        "Land Cover Assessment Date": null,
        "Land Cover Type": null,
        "Location Certainty": "Definite",
        "Material Class": null,
        "Material Type": null,
        "Maximum Depth/Min Elevation": null,
        "Measurement Number": null,
        "Measurement Source Type ": null,
        "Measurement Unit": null,
        "Minimum Depth/Max Elevation": null,
        "Name Type": "Alternative Reference, Alternative Reference",
        "Overall Archaeological Certainty Value ": null,
        "Overall Condition State Type": "Very Bad, Destroyed",
        "Overall Site Morphology Type": null,
        "Overall Site Shape Type": ", Rectangular/Square",
        "Priority Type": "Within 6 months to 1 year (Urgent)",
        "Recommendation Type": null,
        "Related Geoarchaeology/Palaeolandscape": null,
        "Resource Name": "E14N31-33_00078AS, CPF data 2019",
        "Resource Orientation": ", ",
        "Restricted Access Record Designation": null,
        "SH Date From": null,
        "SH Date to": null,
        "Site Feature Arrangement Type": "Clustered",
        "Site Feature Form Type": "Structure",
        "Site Feature Form Type Certainty": "Definite",
        "Site Feature Interpretation Certainty": "High",
        "Site Feature Interpretation Number Type": "2 to 5",
        "Site Feature Interpretation Type": "Cemetery",
        "Site Feature Number Type": "2 to 5",
        "Site Feature Shape Type": "Rectangular/Square",
        "Spatial Coordinates Ref System": "None",
        "Surficial Geology Type": null,
        "Threat Category": "Funerary/Memorial, Funerary/Memorial",
        "Threat Cause Type": "Construction, Road/Track",
        "Threat Inference Making Assessor Name - Actor": "None, None",
        "Threat Probability ": "Planned, Planned",
        "Tidal Range": null,
        "Topography Type": "Plain/Plateau",
        "Wave Climate": null
      },
      "type": "Feature"
    },
    {
      "geometry": {
        "coordinates": [
          14.100203,
          31.835568
        ],
        "type": "Point"
      },
      "properties": {
        "AH Date From": null,
        "AH Date To": null,
        "Address": null,
        "Address Type": null,
        "Administrative Division ": null,
        "Administrative Division Type": null,
        "Archaeological From Date": null,
        "Archaeological To Date": null,
        "Assessment Activity Date": "None",
        "Assessment Activity Type": "Archaeological Assessment (Image Interpretation)",
        "Assessment Investigator - Actor": "Asherf Zurgani",
        "BP Date From": null,
        "BP Date To": null,
        "Bedrock Geology Type": null,
        "Built Component": null,
        "Cadastral Reference": "None, None",
        "Construction Technique": null,
        "Country Type": "Libya, ",
        "Cultural Period Certainty": "Probable",
        "Cultural Period Type": "Classical/Protohistoric/Pre-Islamic (North Africa)",
        "Cultural Sub-period Certainty": null,
        "Cultural Sub-period Type": null,
        "Damage Extent Type": "61-90%",
        "Date Inference Making Actor Name": "None",
        "Datum Description/EPSG code": null,
        "Datum Type": null,
        "Depositional Process": null,
        "Designation": null,
        "Designation From Date": null,
        "Designation To Date": null,
        "Detailed Condition Assessments": null,
        "Dimension Type": null,
        "Disturbance Cause Assignment Assessor Name - Actor": "None",
        "Disturbance Cause Category Type": "Building and Development",
        "Disturbance Cause Certainty ": "Definite",
        "Disturbance Cause Type ": "Reconstruction",
        "Disturbance Date From": "2019-03-27",
        "Disturbance Date Occurred Before": "None",
        "Disturbance Date Occurred On ": "None",
        "Disturbance Date To ": "2019-03-27",
        "EAMENA ID": "EAMENA-0161672",
        "Effect Certainty": null,
        "Effect Type": null,
        "Fetch Type": null,
        "GE Imagery Acquisition Date": null,
        "General Description": null,
        "General Description Type": null,
        "Geometry Extent Certainty": "",
        "Geometry Qualifier": "",
        "Google Earth Assessment": "None",
        "Grid ID": "E14N31-33, ",
        "Heritage Place Function": null,
        "Heritage Place Function Certainty ": null,
        "Heritage Place Resource Instance": null,
        "Heritage Place Type": "Archaeological Site",
        "Imagery Acquisition Date": null,
        "Information Resource": null,
        "Information Resource Acquisition Date": null,
        "Intervention Activity Type": null,
        "Investigator Role Type": "Academic Researcher",
        "Land Cover Assessment Date": null,
        "Land Cover Type": null,
        "Location Certainty": "Definite",
        "Material Class": null,
        "Material Type": null,
        "Maximum Depth/Min Elevation": null,
        "Measurement Number": null,
        "Measurement Source Type ": null,
        "Measurement Unit": null,
        "Minimum Depth/Max Elevation": null,
        "Name Type": "Alternative Reference, Alternative Reference",
        "Overall Archaeological Certainty Value ": null,
        "Overall Condition State Type": "Good",
        "Overall Site Morphology Type": null,
        "Overall Site Shape Type": ", Rectangular/Square",
        "Priority Type": null,
        "Recommendation Type": null,
        "Related Geoarchaeology/Palaeolandscape": null,
        "Resource Name": "E14N31-33_00079AS, CPF data 2019",
        "Resource Orientation": ", ",
        "Restricted Access Record Designation": null,
        "SH Date From": null,
        "SH Date to": null,
        "Site Feature Arrangement Type": null,
        "Site Feature Form Type": null,
        "Site Feature Form Type Certainty": null,
        "Site Feature Interpretation Certainty": null,
        "Site Feature Interpretation Number Type": null,
        "Site Feature Interpretation Type": null,
        "Site Feature Number Type": null,
        "Site Feature Shape Type": null,
        "Spatial Coordinates Ref System": "None",
        "Surficial Geology Type": null,
        "Threat Category": "Building and Development",
        "Threat Cause Type": "Reconstruction",
        "Threat Inference Making Assessor Name - Actor": "None",
        "Threat Probability ": "Possible",
        "Tidal Range": null,
        "Topography Type": "Plain/Plateau",
        "Wave Climate": null
      },
      "type": "Feature"
    },
    {
      "geometry": {
        "coordinates": [
          14.044966,
          31.820519
        ],
        "type": "Point"
      },
      "properties": {
        "AH Date From": null,
        "AH Date To": null,
        "Address": null,
        "Address Type": null,
        "Administrative Division ": null,
        "Administrative Division Type": null,
        "Archaeological From Date": null,
        "Archaeological To Date": null,
        "Assessment Activity Date": "None",
        "Assessment Activity Type": "Archaeological Assessment (Image Interpretation)",
        "Assessment Investigator - Actor": "Asherf Zurgani",
        "BP Date From": null,
        "BP Date To": null,
        "Bedrock Geology Type": null,
        "Built Component": null,
        "Cadastral Reference": "None, None",
        "Construction Technique": null,
        "Country Type": "Libya, ",
        "Cultural Period Certainty": "Probable, Probable",
        "Cultural Period Type": "Classical/Protohistoric/Pre-Islamic (North Africa), Classical/Protohistoric/Pre-Islamic (North Africa)",
        "Cultural Sub-period Certainty": null,
        "Cultural Sub-period Type": null,
        "Damage Extent Type": "11-30%",
        "Date Inference Making Actor Name": "None, None",
        "Datum Description/EPSG code": null,
        "Datum Type": null,
        "Depositional Process": null,
        "Designation": null,
        "Designation From Date": null,
        "Designation To Date": null,
        "Detailed Condition Assessments": null,
        "Dimension Type": null,
        "Disturbance Cause Assignment Assessor Name - Actor": "None, None",
        "Disturbance Cause Category Type": "Funerary/Memorial, Funerary/Memorial",
        "Disturbance Cause Certainty ": "Definite, Definite",
        "Disturbance Cause Type ": "Vegetation/Crops/Trees, Reconstruction",
        "Disturbance Date From": "None, None",
        "Disturbance Date Occurred Before": "None, None",
        "Disturbance Date Occurred On ": "None, None",
        "Disturbance Date To ": "None, None",
        "EAMENA ID": "EAMENA-0162122",
        "Effect Certainty": null,
        "Effect Type": null,
        "Fetch Type": null,
        "GE Imagery Acquisition Date": null,
        "General Description": null,
        "General Description Type": null,
        "Geometry Extent Certainty": "",
        "Geometry Qualifier": "",
        "Google Earth Assessment": "None",
        "Grid ID": "E14N31-33, ",
        "Heritage Place Function": null,
        "Heritage Place Function Certainty ": null,
        "Heritage Place Resource Instance": null,
        "Heritage Place Type": "Archaeological Site",
        "Imagery Acquisition Date": null,
        "Information Resource": null,
        "Information Resource Acquisition Date": null,
        "Intervention Activity Type": null,
        "Investigator Role Type": "Academic Researcher",
        "Land Cover Assessment Date": null,
        "Land Cover Type": null,
        "Location Certainty": "Definite",
        "Material Class": null,
        "Material Type": null,
        "Maximum Depth/Min Elevation": null,
        "Measurement Number": null,
        "Measurement Source Type ": null,
        "Measurement Unit": null,
        "Minimum Depth/Max Elevation": null,
        "Name Type": "Alternative Reference, Toponym, Alternative Reference",
        "Overall Archaeological Certainty Value ": null,
        "Overall Condition State Type": "Good",
        "Overall Site Morphology Type": null,
        "Overall Site Shape Type": ", Rectangular/Square",
        "Priority Type": "Beyond 5 years (Low)",
        "Recommendation Type": null,
        "Related Geoarchaeology/Palaeolandscape": null,
        "Resource Name": "E14N31-33_000106AS, \u0645\u0642\u0628\u0631\u0629, CPF data 2019",
        "Resource Orientation": ", ",
        "Restricted Access Record Designation": null,
        "SH Date From": null,
        "SH Date to": null,
        "Site Feature Arrangement Type": "Clustered, Clustered",
        "Site Feature Form Type": "Structure, Structure",
        "Site Feature Form Type Certainty": "Definite, Definite",
        "Site Feature Interpretation Certainty": "High",
        "Site Feature Interpretation Number Type": "11 to 20",
        "Site Feature Interpretation Type": "Cemetery",
        "Site Feature Number Type": null,
        "Site Feature Shape Type": "Circular, Rectangular/Square",
        "Spatial Coordinates Ref System": "None",
        "Surficial Geology Type": null,
        "Threat Category": "Funerary/Memorial, Funerary/Memorial",
        "Threat Cause Type": "Reconstruction, Vegetation/Crops/Trees",
        "Threat Inference Making Assessor Name - Actor": "None, None",
        "Threat Probability ": "Planned, Planned",
        "Tidal Range": null,
        "Topography Type": "Plain/Plateau",
        "Wave Climate": null
      },
      "type": "Feature"
    },
    {
      "geometry": {
        "coordinates": [
          14.050611,
          31.795254
        ],
        "type": "Point"
      },
      "properties": {
        "AH Date From": null,
        "AH Date To": null,
        "Address": null,
        "Address Type": null,
        "Administrative Division ": null,
        "Administrative Division Type": null,
        "Archaeological From Date": null,
        "Archaeological To Date": null,
        "Assessment Activity Date": "2021-12-23, 2021-12-23",
        "Assessment Activity Type": "Archaeological Assessment (Image Interpretation), Condition Assessment (Image Interpretation)",
        "Assessment Investigator - Actor": "Thomas Millington, Thomas Millington",
        "BP Date From": null,
        "BP Date To": null,
        "Bedrock Geology Type": null,
        "Built Component": null,
        "Cadastral Reference": "None",
        "Construction Technique": null,
        "Country Type": "Libya",
        "Cultural Period Certainty": "Probable",
        "Cultural Period Type": "Classical/Protohistoric/Pre-Islamic (North Africa)",
        "Cultural Sub-period Certainty": "Possible",
        "Cultural Sub-period Type": "Roman/Late Antique (North Africa)",
        "Damage Extent Type": "Unknown",
        "Date Inference Making Actor Name": "None",
        "Datum Description/EPSG code": null,
        "Datum Type": null,
        "Depositional Process": null,
        "Designation": null,
        "Designation From Date": null,
        "Designation To Date": null,
        "Detailed Condition Assessments": null,
        "Dimension Type": null,
        "Disturbance Cause Assignment Assessor Name - Actor": "Thomas Millington",
        "Disturbance Cause Category Type": "Hydraulic Use",
        "Disturbance Cause Certainty ": "High",
        "Disturbance Cause Type ": "Occupation/Continued Use",
        "Disturbance Date From": "None",
        "Disturbance Date Occurred Before": "None",
        "Disturbance Date Occurred On ": "None",
        "Disturbance Date To ": "2021-09-22",
        "EAMENA ID": "EAMENA-0194834",
        "Effect Certainty": "Medium",
        "Effect Type": "Unknown",
        "Fetch Type": null,
        "GE Imagery Acquisition Date": "2009-10-19, 2021-09-22",
        "General Description": null,
        "General Description Type": null,
        "Geometry Extent Certainty": "High",
        "Geometry Qualifier": "Center Point",
        "Google Earth Assessment": "True, True",
        "Grid ID": "E14N31-33",
        "Heritage Place Function": "Hydrological",
        "Heritage Place Function Certainty ": "High",
        "Heritage Place Resource Instance": null,
        "Heritage Place Type": "Archaeological Site",
        "Imagery Acquisition Date": null,
        "Information Resource": null,
        "Information Resource Acquisition Date": null,
        "Intervention Activity Type": null,
        "Investigator Role Type": "Volunteer/Independent Researcher, Volunteer/Independent Researcher",
        "Land Cover Assessment Date": "2021-09-22",
        "Land Cover Type": "Lichen & Mosses/Sparse Vegetation",
        "Location Certainty": "High",
        "Material Class": null,
        "Material Type": null,
        "Maximum Depth/Min Elevation": null,
        "Measurement Number": null,
        "Measurement Source Type ": null,
        "Measurement Unit": null,
        "Minimum Depth/Max Elevation": null,
        "Name Type": "Alternative Reference",
        "Overall Archaeological Certainty Value ": "High",
        "Overall Condition State Type": "Fair",
        "Overall Site Morphology Type": "Negative/Cut/Dug Feature",
        "Overall Site Shape Type": "Rectangular/Square",
        "Priority Type": null,
        "Recommendation Type": null,
        "Related Geoarchaeology/Palaeolandscape": null,
        "Resource Name": "TM E14N31-33_1970",
        "Resource Orientation": "",
        "Restricted Access Record Designation": null,
        "SH Date From": null,
        "SH Date to": null,
        "Site Feature Arrangement Type": "Discrete",
        "Site Feature Form Type": "Pit/Shaft/Tunnel",
        "Site Feature Form Type Certainty": "High",
        "Site Feature Interpretation Certainty": "High",
        "Site Feature Interpretation Number Type": "1",
        "Site Feature Interpretation Type": "Cistern",
        "Site Feature Number Type": "1",
        "Site Feature Shape Type": "Rectangular/Square",
        "Spatial Coordinates Ref System": "None",
        "Surficial Geology Type": null,
        "Threat Category": "Hydraulic Use",
        "Threat Cause Type": "Occupation/Continued Use",
        "Threat Inference Making Assessor Name - Actor": "Thomas Millington",
        "Threat Probability ": "Possible",
        "Tidal Range": null,
        "Topography Type": "Valley Bed",
        "Wave Climate": null
      },
      "type": "Feature"
    },
    {
      "geometry": {
        "coordinates": [
          14.047172,
          31.763293
        ],
        "type": "Point"
      },
      "properties": {
        "AH Date From": null,
        "AH Date To": null,
        "Address": null,
        "Address Type": null,
        "Administrative Division ": null,
        "Administrative Division Type": null,
        "Archaeological From Date": null,
        "Archaeological To Date": null,
        "Assessment Activity Date": "2020-04-16, 2020-04-16",
        "Assessment Activity Type": "Archaeological Assessment (Image Interpretation), Archaeological Assessment (Image Interpretation)",
        "Assessment Investigator - Actor": "Martin Sterry, Louise Rayne",
        "BP Date From": null,
        "BP Date To": null,
        "Bedrock Geology Type": null,
        "Built Component": null,
        "Cadastral Reference": "None, None",
        "Construction Technique": null,
        "Country Type": "Libya, ",
        "Cultural Period Certainty": "Possible",
        "Cultural Period Type": "Contemporary Islamic (MENA)",
        "Cultural Sub-period Certainty": null,
        "Cultural Sub-period Type": null,
        "Damage Extent Type": "91-100%",
        "Date Inference Making Actor Name": "Louise Rayne",
        "Datum Description/EPSG code": null,
        "Datum Type": null,
        "Depositional Process": null,
        "Designation": null,
        "Designation From Date": null,
        "Designation To Date": null,
        "Detailed Condition Assessments": null,
        "Dimension Type": null,
        "Disturbance Cause Assignment Assessor Name - Actor": "Louise Rayne",
        "Disturbance Cause Category Type": "Unknown",
        "Disturbance Cause Certainty ": "Medium",
        "Disturbance Cause Type ": "Demolition/Destruction",
        "Disturbance Date From": "None",
        "Disturbance Date Occurred Before": "2013-07-30",
        "Disturbance Date Occurred On ": "None",
        "Disturbance Date To ": "None",
        "EAMENA ID": "EAMENA-0178878",
        "Effect Certainty": null,
        "Effect Type": null,
        "Fetch Type": null,
        "GE Imagery Acquisition Date": null,
        "General Description": null,
        "General Description Type": null,
        "Geometry Extent Certainty": "",
        "Geometry Qualifier": "",
        "Google Earth Assessment": "None, None",
        "Grid ID": "E14N31-33, ",
        "Heritage Place Function": "Funerary/Memorial",
        "Heritage Place Function Certainty ": "Medium",
        "Heritage Place Resource Instance": null,
        "Heritage Place Type": "Structural Heritage",
        "Imagery Acquisition Date": null,
        "Information Resource": null,
        "Information Resource Acquisition Date": null,
        "Intervention Activity Type": null,
        "Investigator Role Type": "EAMENA Project Staff, EAMENA Project Staff",
        "Land Cover Assessment Date": null,
        "Land Cover Type": null,
        "Location Certainty": "High",
        "Material Class": null,
        "Material Type": null,
        "Maximum Depth/Min Elevation": null,
        "Measurement Number": null,
        "Measurement Source Type ": null,
        "Measurement Unit": null,
        "Minimum Depth/Max Elevation": null,
        "Name Type": null,
        "Overall Archaeological Certainty Value ": "Medium",
        "Overall Condition State Type": "Destroyed",
        "Overall Site Morphology Type": "Positive/Built Feature",
        "Overall Site Shape Type": ", Rectangular/Square",
        "Priority Type": null,
        "Recommendation Type": null,
        "Related Geoarchaeology/Palaeolandscape": null,
        "Resource Name": null,
        "Resource Orientation": ", ",
        "Restricted Access Record Designation": null,
        "SH Date From": null,
        "SH Date to": null,
        "Site Feature Arrangement Type": "Discrete",
        "Site Feature Form Type": "Structure",
        "Site Feature Form Type Certainty": "High",
        "Site Feature Interpretation Certainty": "High",
        "Site Feature Interpretation Number Type": "1",
        "Site Feature Interpretation Type": "Mosque/Imam/Marabout",
        "Site Feature Number Type": "1",
        "Site Feature Shape Type": "Rectangular/Square",
        "Spatial Coordinates Ref System": "None",
        "Surficial Geology Type": null,
        "Threat Category": "",
        "Threat Cause Type": "",
        "Threat Inference Making Assessor Name - Actor": "Louise Rayne",
        "Threat Probability ": "",
        "Tidal Range": null,
        "Topography Type": null,
        "Wave Climate": null
      },
      "type": "Feature"
    },
    {
      "geometry": {
        "coordinates": [
          14.146611,
          31.83243
        ],
        "type": "Point"
      },
      "properties": {
        "AH Date From": null,
        "AH Date To": null,
        "Address": null,
        "Address Type": null,
        "Administrative Division ": null,
        "Administrative Division Type": null,
        "Archaeological From Date": null,
        "Archaeological To Date": null,
        "Assessment Activity Date": "2024-06-05",
        "Assessment Activity Type": "Archaeological Assessment (Image Interpretation)",
        "Assessment Investigator - Actor": "Nichole Sheldrick",
        "BP Date From": null,
        "BP Date To": null,
        "Bedrock Geology Type": null,
        "Built Component": null,
        "Cadastral Reference": "",
        "Construction Technique": null,
        "Country Type": "Libya",
        "Cultural Period Certainty": null,
        "Cultural Period Type": null,
        "Cultural Sub-period Certainty": null,
        "Cultural Sub-period Type": null,
        "Damage Extent Type": "1-10%",
        "Date Inference Making Actor Name": null,
        "Datum Description/EPSG code": null,
        "Datum Type": null,
        "Depositional Process": null,
        "Designation": null,
        "Designation From Date": null,
        "Designation To Date": null,
        "Detailed Condition Assessments": null,
        "Dimension Type": null,
        "Disturbance Cause Assignment Assessor Name - Actor": null,
        "Disturbance Cause Category Type": null,
        "Disturbance Cause Certainty ": null,
        "Disturbance Cause Type ": null,
        "Disturbance Date From": null,
        "Disturbance Date Occurred Before": null,
        "Disturbance Date Occurred On ": null,
        "Disturbance Date To ": null,
        "EAMENA ID": "EAMENA-0262301",
        "Effect Certainty": null,
        "Effect Type": null,
        "Fetch Type": null,
        "GE Imagery Acquisition Date": null,
        "General Description": null,
        "General Description Type": null,
        "Geometry Extent Certainty": "Negligible",
        "Geometry Qualifier": "Center Point",
        "Google Earth Assessment": "True",
        "Grid ID": "E14N31-33",
        "Heritage Place Function": "Domestic, Defensive/Fortification",
        "Heritage Place Function Certainty ": "Medium, Medium",
        "Heritage Place Resource Instance": null,
        "Heritage Place Type": "Archaeological Site",
        "Imagery Acquisition Date": null,
        "Information Resource": null,
        "Information Resource Acquisition Date": null,
        "Intervention Activity Type": null,
        "Investigator Role Type": "EAMENA Project Staff",
        "Land Cover Assessment Date": "2021-05-29",
        "Land Cover Type": "Lichen & Mosses/Sparse Vegetation",
        "Location Certainty": "High",
        "Material Class": null,
        "Material Type": null,
        "Maximum Depth/Min Elevation": null,
        "Measurement Number": null,
        "Measurement Source Type ": null,
        "Measurement Unit": null,
        "Minimum Depth/Max Elevation": null,
        "Name Type": "Alternative Reference",
        "Overall Archaeological Certainty Value ": "High",
        "Overall Condition State Type": "Fair",
        "Overall Site Morphology Type": null,
        "Overall Site Shape Type": "Rectilinear",
        "Priority Type": null,
        "Recommendation Type": null,
        "Related Geoarchaeology/Palaeolandscape": null,
        "Resource Name": "TM E14N31-33_1152",
        "Resource Orientation": "",
        "Restricted Access Record Designation": null,
        "SH Date From": null,
        "SH Date to": null,
        "Site Feature Arrangement Type": null,
        "Site Feature Form Type": null,
        "Site Feature Form Type Certainty": null,
        "Site Feature Interpretation Certainty": null,
        "Site Feature Interpretation Number Type": null,
        "Site Feature Interpretation Type": null,
        "Site Feature Number Type": null,
        "Site Feature Shape Type": null,
        "Spatial Coordinates Ref System": "",
        "Surficial Geology Type": null,
        "Threat Category": null,
        "Threat Cause Type": null,
        "Threat Inference Making Assessor Name - Actor": null,
        "Threat Probability ": null,
        "Tidal Range": null,
        "Topography Type": "Precipice/Edge",
        "Wave Climate": null
      },
      "type": "Feature"
    },
    {
      "geometry": {
        "coordinates": [
          14.142973,
          31.829573
        ],
        "type": "Point"
      },
      "properties": {
        "AH Date From": null,
        "AH Date To": null,
        "Address": null,
        "Address Type": null,
        "Administrative Division ": null,
        "Administrative Division Type": null,
        "Archaeological From Date": null,
        "Archaeological To Date": null,
        "Assessment Activity Date": "2024-06-05",
        "Assessment Activity Type": "Archaeological Assessment (Image Interpretation)",
        "Assessment Investigator - Actor": "Nichole Sheldrick",
        "BP Date From": null,
        "BP Date To": null,
        "Bedrock Geology Type": null,
        "Built Component": null,
        "Cadastral Reference": "",
        "Construction Technique": null,
        "Country Type": "Libya",
        "Cultural Period Certainty": null,
        "Cultural Period Type": null,
        "Cultural Sub-period Certainty": null,
        "Cultural Sub-period Type": null,
        "Damage Extent Type": "11-30%",
        "Date Inference Making Actor Name": null,
        "Datum Description/EPSG code": null,
        "Datum Type": null,
        "Depositional Process": null,
        "Designation": null,
        "Designation From Date": null,
        "Designation To Date": null,
        "Detailed Condition Assessments": null,
        "Dimension Type": null,
        "Disturbance Cause Assignment Assessor Name - Actor": null,
        "Disturbance Cause Category Type": null,
        "Disturbance Cause Certainty ": null,
        "Disturbance Cause Type ": null,
        "Disturbance Date From": null,
        "Disturbance Date Occurred Before": null,
        "Disturbance Date Occurred On ": null,
        "Disturbance Date To ": null,
        "EAMENA ID": "EAMENA-0262302",
        "Effect Certainty": null,
        "Effect Type": null,
        "Fetch Type": null,
        "GE Imagery Acquisition Date": null,
        "General Description": null,
        "General Description Type": null,
        "Geometry Extent Certainty": "Negligible",
        "Geometry Qualifier": "Center Point",
        "Google Earth Assessment": "True",
        "Grid ID": "E14N31-33",
        "Heritage Place Function": "Funerary/Memorial",
        "Heritage Place Function Certainty ": "Low",
        "Heritage Place Resource Instance": null,
        "Heritage Place Type": "Archaeological Site",
        "Imagery Acquisition Date": null,
        "Information Resource": null,
        "Information Resource Acquisition Date": null,
        "Intervention Activity Type": null,
        "Investigator Role Type": "EAMENA Project Staff",
        "Land Cover Assessment Date": "2023-05-15",
        "Land Cover Type": "Lichen & Mosses/Sparse Vegetation",
        "Location Certainty": "Medium",
        "Material Class": null,
        "Material Type": null,
        "Maximum Depth/Min Elevation": null,
        "Measurement Number": null,
        "Measurement Source Type ": null,
        "Measurement Unit": null,
        "Minimum Depth/Max Elevation": null,
        "Name Type": "Alternative Reference",
        "Overall Archaeological Certainty Value ": "Medium",
        "Overall Condition State Type": "Poor",
        "Overall Site Morphology Type": null,
        "Overall Site Shape Type": "Irregular",
        "Priority Type": null,
        "Recommendation Type": null,
        "Related Geoarchaeology/Palaeolandscape": null,
        "Resource Name": "TM E14N31-33_1052",
        "Resource Orientation": "",
        "Restricted Access Record Designation": null,
        "SH Date From": null,
        "SH Date to": null,
        "Site Feature Arrangement Type": null,
        "Site Feature Form Type": null,
        "Site Feature Form Type Certainty": null,
        "Site Feature Interpretation Certainty": null,
        "Site Feature Interpretation Number Type": null,
        "Site Feature Interpretation Type": null,
        "Site Feature Number Type": null,
        "Site Feature Shape Type": null,
        "Spatial Coordinates Ref System": "",
        "Surficial Geology Type": null,
        "Threat Category": null,
        "Threat Cause Type": null,
        "Threat Inference Making Assessor Name - Actor": null,
        "Threat Probability ": null,
        "Tidal Range": null,
        "Topography Type": "Plain/Plateau",
        "Wave Climate": null
      },
      "type": "Feature"
    },
    {
      "geometry": {
        "coordinates": [
          14.025953,
          31.76132
        ],
        "type": "Point"
      },
      "properties": {
        "AH Date From": null,
        "AH Date To": null,
        "Address": null,
        "Address Type": null,
        "Administrative Division ": null,
        "Administrative Division Type": null,
        "Archaeological From Date": null,
        "Archaeological To Date": null,
        "Assessment Activity Date": "2016-02-29, 2021-07-05",
        "Assessment Activity Type": "Desk-based, Condition Assessment (Image Interpretation)",
        "Assessment Investigator - Actor": "Nichole Sheldrick, Thomas Millington",
        "BP Date From": null,
        "BP Date To": null,
        "Bedrock Geology Type": null,
        "Built Component": null,
        "Cadastral Reference": "None, None",
        "Construction Technique": null,
        "Country Type": "Libya, ",
        "Cultural Period Certainty": "Probable",
        "Cultural Period Type": "Classical/Protohistoric/Pre-Islamic (North Africa)",
        "Cultural Sub-period Certainty": "Probable",
        "Cultural Sub-period Type": "Roman Imperial (North Africa)",
        "Damage Extent Type": "Unknown",
        "Date Inference Making Actor Name": "None",
        "Datum Description/EPSG code": null,
        "Datum Type": null,
        "Depositional Process": null,
        "Designation": null,
        "Designation From Date": null,
        "Designation To Date": null,
        "Detailed Condition Assessments": null,
        "Dimension Type": null,
        "Disturbance Cause Assignment Assessor Name - Actor": "None",
        "Disturbance Cause Category Type": "Unknown",
        "Disturbance Cause Certainty ": "Not Applicable",
        "Disturbance Cause Type ": "Unknown",
        "Disturbance Date From": "None",
        "Disturbance Date Occurred Before": "None",
        "Disturbance Date Occurred On ": "None",
        "Disturbance Date To ": "None",
        "EAMENA ID": "EAMENA-0085974",
        "Effect Certainty": "Not Applicable",
        "Effect Type": "Unknown",
        "Fetch Type": null,
        "GE Imagery Acquisition Date": null,
        "General Description": null,
        "General Description Type": null,
        "Geometry Extent Certainty": "Negligible",
        "Geometry Qualifier": "",
        "Google Earth Assessment": "False, True",
        "Grid ID": ", E14N31-33",
        "Heritage Place Function": "Domestic, Agricultural/Pastoral",
        "Heritage Place Function Certainty ": "High, High",
        "Heritage Place Resource Instance": null,
        "Heritage Place Type": "Archaeological Site",
        "Imagery Acquisition Date": null,
        "Information Resource": null,
        "Information Resource Acquisition Date": null,
        "Intervention Activity Type": null,
        "Investigator Role Type": ", Student/Trainee",
        "Land Cover Assessment Date": null,
        "Land Cover Type": null,
        "Location Certainty": "Low",
        "Material Class": null,
        "Material Type": null,
        "Maximum Depth/Min Elevation": null,
        "Measurement Number": null,
        "Measurement Source Type ": null,
        "Measurement Unit": null,
        "Minimum Depth/Max Elevation": null,
        "Name Type": "Alternative Reference, Designation, Alternative Reference",
        "Overall Archaeological Certainty Value ": "Definite",
        "Overall Condition State Type": "Unknown",
        "Overall Site Morphology Type": "Positive/Built Feature",
        "Overall Site Shape Type": "Unknown, ",
        "Priority Type": null,
        "Recommendation Type": null,
        "Related Geoarchaeology/Palaeolandscape": null,
        "Resource Name": "Md201-f, E14N31-33_000001, BUL001",
        "Resource Orientation": ", ",
        "Restricted Access Record Designation": null,
        "SH Date From": null,
        "SH Date to": null,
        "Site Feature Arrangement Type": "Isolated",
        "Site Feature Form Type": "Structure",
        "Site Feature Form Type Certainty": "Definite",
        "Site Feature Interpretation Certainty": "High, High",
        "Site Feature Interpretation Number Type": "1, 1",
        "Site Feature Interpretation Type": "Farm Building, Settlement/Habitation Site",
        "Site Feature Number Type": "1",
        "Site Feature Shape Type": "Unknown",
        "Spatial Coordinates Ref System": "None",
        "Surficial Geology Type": null,
        "Threat Category": "Unknown",
        "Threat Cause Type": "Unknown",
        "Threat Inference Making Assessor Name - Actor": "None",
        "Threat Probability ": "Not Applicable",
        "Tidal Range": null,
        "Topography Type": "Slopes, Watercourse Banks",
        "Wave Climate": null
      },
      "type": "Feature"
    },
    {
      "geometry": {
        "coordinates": [
          14.031126,
          31.758498
        ],
        "type": "Point"
      },
      "properties": {
        "AH Date From": null,
        "AH Date To": null,
        "Address": null,
        "Address Type": null,
        "Administrative Division ": null,
        "Administrative Division Type": null,
        "Archaeological From Date": null,
        "Archaeological To Date": null,
        "Assessment Activity Date": "2019-07-17",
        "Assessment Activity Type": "Literature Interpretation/Digitisation",
        "Assessment Investigator - Actor": "Nichole Sheldrick",
        "BP Date From": null,
        "BP Date To": null,
        "Bedrock Geology Type": null,
        "Built Component": null,
        "Cadastral Reference": "None",
        "Construction Technique": null,
        "Country Type": "Libya",
        "Cultural Period Certainty": "Not Applicable",
        "Cultural Period Type": "Unknown",
        "Cultural Sub-period Certainty": "Not Applicable",
        "Cultural Sub-period Type": "Unknown",
        "Damage Extent Type": "Unknown",
        "Date Inference Making Actor Name": "UNESCO Libyan Valleys Survey Gazetteer",
        "Datum Description/EPSG code": null,
        "Datum Type": null,
        "Depositional Process": null,
        "Designation": null,
        "Designation From Date": null,
        "Designation To Date": null,
        "Detailed Condition Assessments": null,
        "Dimension Type": null,
        "Disturbance Cause Assignment Assessor Name - Actor": "Nichole Sheldrick",
        "Disturbance Cause Category Type": "Unknown",
        "Disturbance Cause Certainty ": "Not Applicable",
        "Disturbance Cause Type ": "Unknown",
        "Disturbance Date From": "None",
        "Disturbance Date Occurred Before": "None",
        "Disturbance Date Occurred On ": "None",
        "Disturbance Date To ": "None",
        "EAMENA ID": "EAMENA-0189406",
        "Effect Certainty": "Not Applicable",
        "Effect Type": "Unknown",
        "Fetch Type": null,
        "GE Imagery Acquisition Date": null,
        "General Description": null,
        "General Description Type": null,
        "Geometry Extent Certainty": "Negligible",
        "Geometry Qualifier": "",
        "Google Earth Assessment": "None",
        "Grid ID": "E14N31-33",
        "Heritage Place Function": "Unknown",
        "Heritage Place Function Certainty ": "Not Applicable",
        "Heritage Place Resource Instance": null,
        "Heritage Place Type": "Archaeological Site",
        "Imagery Acquisition Date": null,
        "Information Resource": null,
        "Information Resource Acquisition Date": null,
        "Intervention Activity Type": null,
        "Investigator Role Type": "EAMENA Project Staff",
        "Land Cover Assessment Date": null,
        "Land Cover Type": null,
        "Location Certainty": "Low",
        "Material Class": null,
        "Material Type": null,
        "Maximum Depth/Min Elevation": null,
        "Measurement Number": null,
        "Measurement Source Type ": null,
        "Measurement Unit": null,
        "Minimum Depth/Max Elevation": null,
        "Name Type": "Alternative Reference, Alternative Reference, Alternative Reference",
        "Overall Archaeological Certainty Value ": "Medium",
        "Overall Condition State Type": "Unknown",
        "Overall Site Morphology Type": "Surface Feature",
        "Overall Site Shape Type": "",
        "Priority Type": null,
        "Recommendation Type": null,
        "Related Geoarchaeology/Palaeolandscape": null,
        "Resource Name": "Md205, Md 00205, BUL004",
        "Resource Orientation": "",
        "Restricted Access Record Designation": null,
        "SH Date From": null,
        "SH Date to": null,
        "Site Feature Arrangement Type": "Unknown",
        "Site Feature Form Type": "Rubble Spread/Architectural Fragments",
        "Site Feature Form Type Certainty": "Definite",
        "Site Feature Interpretation Certainty": "Not Applicable",
        "Site Feature Interpretation Number Type": "Unknown",
        "Site Feature Interpretation Type": "Unknown",
        "Site Feature Number Type": "Unknown",
        "Site Feature Shape Type": "Unknown",
        "Spatial Coordinates Ref System": "None",
        "Surficial Geology Type": null,
        "Threat Category": "Unknown",
        "Threat Cause Type": "Unknown",
        "Threat Inference Making Assessor Name - Actor": "Nichole Sheldrick",
        "Threat Probability ": "Not Applicable",
        "Tidal Range": null,
        "Topography Type": "Unknown",
        "Wave Climate": null
      },
      "type": "Feature"
    },
    {
      "geometry": {
        "coordinates": [
          14.037002,
          31.762919
        ],
        "type": "Point"
      },
      "properties": {
        "AH Date From": null,
        "AH Date To": null,
        "Address": null,
        "Address Type": null,
        "Administrative Division ": null,
        "Administrative Division Type": null,
        "Archaeological From Date": null,
        "Archaeological To Date": null,
        "Assessment Activity Date": "2016-02-29",
        "Assessment Activity Type": "Desk-based",
        "Assessment Investigator - Actor": "Nichole Sheldrick",
        "BP Date From": null,
        "BP Date To": null,
        "Bedrock Geology Type": null,
        "Built Component": null,
        "Cadastral Reference": "None",
        "Construction Technique": null,
        "Country Type": "Libya",
        "Cultural Period Certainty": "Probable",
        "Cultural Period Type": "Classical/Protohistoric/Pre-Islamic (North Africa)",
        "Cultural Sub-period Certainty": "Probable",
        "Cultural Sub-period Type": "Roman Imperial (North Africa)",
        "Damage Extent Type": "Unknown",
        "Date Inference Making Actor Name": "None",
        "Datum Description/EPSG code": null,
        "Datum Type": null,
        "Depositional Process": null,
        "Designation": null,
        "Designation From Date": null,
        "Designation To Date": null,
        "Detailed Condition Assessments": null,
        "Dimension Type": null,
        "Disturbance Cause Assignment Assessor Name - Actor": "None",
        "Disturbance Cause Category Type": "Unknown",
        "Disturbance Cause Certainty ": "Not Applicable",
        "Disturbance Cause Type ": "Unknown",
        "Disturbance Date From": "None",
        "Disturbance Date Occurred Before": "None",
        "Disturbance Date Occurred On ": "None",
        "Disturbance Date To ": "None",
        "EAMENA ID": "EAMENA-0085975",
        "Effect Certainty": "Not Applicable",
        "Effect Type": "Unknown",
        "Fetch Type": null,
        "GE Imagery Acquisition Date": null,
        "General Description": null,
        "General Description Type": null,
        "Geometry Extent Certainty": "",
        "Geometry Qualifier": "",
        "Google Earth Assessment": "None",
        "Grid ID": "E14N31-33",
        "Heritage Place Function": "Domestic, Agricultural/Pastoral",
        "Heritage Place Function Certainty ": "High, High",
        "Heritage Place Resource Instance": null,
        "Heritage Place Type": "Archaeological Site",
        "Imagery Acquisition Date": null,
        "Information Resource": null,
        "Information Resource Acquisition Date": null,
        "Intervention Activity Type": null,
        "Investigator Role Type": "",
        "Land Cover Assessment Date": null,
        "Land Cover Type": null,
        "Location Certainty": "Negligible",
        "Material Class": null,
        "Material Type": null,
        "Maximum Depth/Min Elevation": null,
        "Measurement Number": null,
        "Measurement Source Type ": null,
        "Measurement Unit": null,
        "Minimum Depth/Max Elevation": null,
        "Name Type": "Alternative Reference, Designation, Alternative Reference",
        "Overall Archaeological Certainty Value ": "Definite",
        "Overall Condition State Type": "Unknown",
        "Overall Site Morphology Type": "Positive/Built Feature",
        "Overall Site Shape Type": "Unknown",
        "Priority Type": null,
        "Recommendation Type": null,
        "Related Geoarchaeology/Palaeolandscape": null,
        "Resource Name": "Md207-f, E14N31-33_000002, BUL005",
        "Resource Orientation": "",
        "Restricted Access Record Designation": null,
        "SH Date From": null,
        "SH Date to": null,
        "Site Feature Arrangement Type": "Isolated",
        "Site Feature Form Type": "Structure",
        "Site Feature Form Type Certainty": "Definite",
        "Site Feature Interpretation Certainty": "High, High",
        "Site Feature Interpretation Number Type": "1, 1",
        "Site Feature Interpretation Type": "Farm Building, Settlement/Habitation Site",
        "Site Feature Number Type": "1",
        "Site Feature Shape Type": "Unknown",
        "Spatial Coordinates Ref System": "",
        "Surficial Geology Type": null,
        "Threat Category": "Unknown",
        "Threat Cause Type": "Unknown",
        "Threat Inference Making Assessor Name - Actor": "None",
        "Threat Probability ": "Not Applicable",
        "Tidal Range": null,
        "Topography Type": null,
        "Wave Climate": null
      },
      "type": "Feature"
    },
    {
      "geometry": {
        "coordinates": [
          14.034575,
          31.763499
        ],
        "type": "Point"
      },
      "properties": {
        "AH Date From": null,
        "AH Date To": null,
        "Address": null,
        "Address Type": null,
        "Administrative Division ": null,
        "Administrative Division Type": null,
        "Archaeological From Date": null,
        "Archaeological To Date": null,
        "Assessment Activity Date": "2019-07-17",
        "Assessment Activity Type": "Literature Interpretation/Digitisation",
        "Assessment Investigator - Actor": "Nichole Sheldrick",
        "BP Date From": null,
        "BP Date To": null,
        "Bedrock Geology Type": null,
        "Built Component": null,
        "Cadastral Reference": "None",
        "Construction Technique": null,
        "Country Type": "Libya",
        "Cultural Period Certainty": "Possible",
        "Cultural Period Type": "Islamic (North Africa)",
        "Cultural Sub-period Certainty": "Possible",
        "Cultural Sub-period Type": "Unknown",
        "Damage Extent Type": "Unknown",
        "Date Inference Making Actor Name": "UNESCO Libyan Valleys Survey Gazetteer",
        "Datum Description/EPSG code": null,
        "Datum Type": null,
        "Depositional Process": null,
        "Designation": null,
        "Designation From Date": null,
        "Designation To Date": null,
        "Detailed Condition Assessments": null,
        "Dimension Type": null,
        "Disturbance Cause Assignment Assessor Name - Actor": "Nichole Sheldrick",
        "Disturbance Cause Category Type": "Unknown",
        "Disturbance Cause Certainty ": "Not Applicable",
        "Disturbance Cause Type ": "Unknown",
        "Disturbance Date From": "None",
        "Disturbance Date Occurred Before": "None",
        "Disturbance Date Occurred On ": "None",
        "Disturbance Date To ": "None",
        "EAMENA ID": "EAMENA-0189408",
        "Effect Certainty": "Not Applicable",
        "Effect Type": "Unknown",
        "Fetch Type": null,
        "GE Imagery Acquisition Date": null,
        "General Description": null,
        "General Description Type": null,
        "Geometry Extent Certainty": "Negligible",
        "Geometry Qualifier": "",
        "Google Earth Assessment": "None",
        "Grid ID": "E14N31-33",
        "Heritage Place Function": "Domestic",
        "Heritage Place Function Certainty ": "Definite",
        "Heritage Place Resource Instance": null,
        "Heritage Place Type": "Archaeological Site",
        "Imagery Acquisition Date": null,
        "Information Resource": null,
        "Information Resource Acquisition Date": null,
        "Intervention Activity Type": null,
        "Investigator Role Type": "EAMENA Project Staff",
        "Land Cover Assessment Date": null,
        "Land Cover Type": null,
        "Location Certainty": "Low",
        "Material Class": null,
        "Material Type": null,
        "Maximum Depth/Min Elevation": null,
        "Measurement Number": null,
        "Measurement Source Type ": null,
        "Measurement Unit": null,
        "Minimum Depth/Max Elevation": null,
        "Name Type": "Alternative Reference, Alternative Reference, Toponym, Alternative Reference",
        "Overall Archaeological Certainty Value ": "High",
        "Overall Condition State Type": "Unknown",
        "Overall Site Morphology Type": "Positive/Built Feature",
        "Overall Site Shape Type": "",
        "Priority Type": null,
        "Recommendation Type": null,
        "Related Geoarchaeology/Palaeolandscape": null,
        "Resource Name": "Md208, Md 00208, Gsellat, BUL003",
        "Resource Orientation": "",
        "Restricted Access Record Designation": null,
        "SH Date From": null,
        "SH Date to": null,
        "Site Feature Arrangement Type": null,
        "Site Feature Form Type": null,
        "Site Feature Form Type Certainty": null,
        "Site Feature Interpretation Certainty": "Definite",
        "Site Feature Interpretation Number Type": "1",
        "Site Feature Interpretation Type": "Settlement/Habitation Site",
        "Site Feature Number Type": null,
        "Site Feature Shape Type": null,
        "Spatial Coordinates Ref System": "None",
        "Surficial Geology Type": null,
        "Threat Category": "Unknown",
        "Threat Cause Type": "Unknown",
        "Threat Inference Making Assessor Name - Actor": "Nichole Sheldrick",
        "Threat Probability ": "Not Applicable",
        "Tidal Range": null,
        "Topography Type": "Unknown",
        "Wave Climate": null
      },
      "type": "Feature"
    },
    {
      "geometry": {
        "coordinates": [
          14.031026,
          31.762881
        ],
        "type": "Point"
      },
      "properties": {
        "AH Date From": null,
        "AH Date To": null,
        "Address": null,
        "Address Type": null,
        "Administrative Division ": null,
        "Administrative Division Type": null,
        "Archaeological From Date": null,
        "Archaeological To Date": null,
        "Assessment Activity Date": "2019-07-17",
        "Assessment Activity Type": "Literature Interpretation/Digitisation",
        "Assessment Investigator - Actor": "Nichole Sheldrick",
        "BP Date From": null,
        "BP Date To": null,
        "Bedrock Geology Type": null,
        "Built Component": null,
        "Cadastral Reference": "None",
        "Construction Technique": null,
        "Country Type": "Libya",
        "Cultural Period Certainty": "Possible",
        "Cultural Period Type": "Islamic (North Africa)",
        "Cultural Sub-period Certainty": "Possible",
        "Cultural Sub-period Type": "Unknown",
        "Damage Extent Type": "Unknown",
        "Date Inference Making Actor Name": "UNESCO Libyan Valleys Survey Gazetteer",
        "Datum Description/EPSG code": null,
        "Datum Type": null,
        "Depositional Process": null,
        "Designation": null,
        "Designation From Date": null,
        "Designation To Date": null,
        "Detailed Condition Assessments": null,
        "Dimension Type": null,
        "Disturbance Cause Assignment Assessor Name - Actor": "Nichole Sheldrick",
        "Disturbance Cause Category Type": "Unknown",
        "Disturbance Cause Certainty ": "Not Applicable",
        "Disturbance Cause Type ": "Unknown",
        "Disturbance Date From": "None",
        "Disturbance Date Occurred Before": "None",
        "Disturbance Date Occurred On ": "None",
        "Disturbance Date To ": "None",
        "EAMENA ID": "EAMENA-0189407",
        "Effect Certainty": "Not Applicable",
        "Effect Type": "Unknown",
        "Fetch Type": null,
        "GE Imagery Acquisition Date": null,
        "General Description": null,
        "General Description Type": null,
        "Geometry Extent Certainty": "Negligible",
        "Geometry Qualifier": "",
        "Google Earth Assessment": "None",
        "Grid ID": "E14N31-33",
        "Heritage Place Function": "Domestic",
        "Heritage Place Function Certainty ": "Definite",
        "Heritage Place Resource Instance": null,
        "Heritage Place Type": "Archaeological Site",
        "Imagery Acquisition Date": null,
        "Information Resource": null,
        "Information Resource Acquisition Date": null,
        "Intervention Activity Type": null,
        "Investigator Role Type": "EAMENA Project Staff",
        "Land Cover Assessment Date": null,
        "Land Cover Type": null,
        "Location Certainty": "Low",
        "Material Class": null,
        "Material Type": null,
        "Maximum Depth/Min Elevation": null,
        "Measurement Number": null,
        "Measurement Source Type ": null,
        "Measurement Unit": null,
        "Minimum Depth/Max Elevation": null,
        "Name Type": "Alternative Reference, Alternative Reference, Alternative Reference",
        "Overall Archaeological Certainty Value ": "High",
        "Overall Condition State Type": "Unknown",
        "Overall Site Morphology Type": "Positive/Built Feature",
        "Overall Site Shape Type": "",
        "Priority Type": null,
        "Recommendation Type": null,
        "Related Geoarchaeology/Palaeolandscape": null,
        "Resource Name": "Md206, Md 00206, BUL002",
        "Resource Orientation": "",
        "Restricted Access Record Designation": null,
        "SH Date From": null,
        "SH Date to": null,
        "Site Feature Arrangement Type": null,
        "Site Feature Form Type": null,
        "Site Feature Form Type Certainty": null,
        "Site Feature Interpretation Certainty": "Definite",
        "Site Feature Interpretation Number Type": "1",
        "Site Feature Interpretation Type": "Settlement/Habitation Site",
        "Site Feature Number Type": null,
        "Site Feature Shape Type": null,
        "Spatial Coordinates Ref System": "None",
        "Surficial Geology Type": null,
        "Threat Category": "Unknown",
        "Threat Cause Type": "Unknown",
        "Threat Inference Making Assessor Name - Actor": "Nichole Sheldrick",
        "Threat Probability ": "Not Applicable",
        "Tidal Range": null,
        "Topography Type": "Unknown",
        "Wave Climate": null
      },
      "type": "Feature"
    },
    {
      "geometry": {
        "coordinates": [
          14.044233,
          31.762479
        ],
        "type": "Point"
      },
      "properties": {
        "AH Date From": null,
        "AH Date To": null,
        "Address": null,
        "Address Type": null,
        "Administrative Division ": null,
        "Administrative Division Type": null,
        "Archaeological From Date": null,
        "Archaeological To Date": null,
        "Assessment Activity Date": "2016-02-29",
        "Assessment Activity Type": "Desk-based",
        "Assessment Investigator - Actor": "Nichole Sheldrick",
        "BP Date From": null,
        "BP Date To": null,
        "Bedrock Geology Type": null,
        "Built Component": null,
        "Cadastral Reference": "None",
        "Construction Technique": null,
        "Country Type": "Libya",
        "Cultural Period Certainty": "Probable",
        "Cultural Period Type": "Classical/Protohistoric/Pre-Islamic (North Africa)",
        "Cultural Sub-period Certainty": "Probable",
        "Cultural Sub-period Type": "Roman Imperial (North Africa)",
        "Damage Extent Type": "Unknown",
        "Date Inference Making Actor Name": "None",
        "Datum Description/EPSG code": null,
        "Datum Type": null,
        "Depositional Process": null,
        "Designation": null,
        "Designation From Date": null,
        "Designation To Date": null,
        "Detailed Condition Assessments": null,
        "Dimension Type": null,
        "Disturbance Cause Assignment Assessor Name - Actor": "None",
        "Disturbance Cause Category Type": "Unknown",
        "Disturbance Cause Certainty ": "Not Applicable",
        "Disturbance Cause Type ": "Unknown",
        "Disturbance Date From": "None",
        "Disturbance Date Occurred Before": "None",
        "Disturbance Date Occurred On ": "None",
        "Disturbance Date To ": "None",
        "EAMENA ID": "EAMENA-0086418",
        "Effect Certainty": "Not Applicable",
        "Effect Type": "Unknown",
        "Fetch Type": null,
        "GE Imagery Acquisition Date": null,
        "General Description": null,
        "General Description Type": null,
        "Geometry Extent Certainty": "",
        "Geometry Qualifier": "",
        "Google Earth Assessment": "None",
        "Grid ID": "E14N31-33",
        "Heritage Place Function": "Domestic, Agricultural/Pastoral",
        "Heritage Place Function Certainty ": "High, High",
        "Heritage Place Resource Instance": null,
        "Heritage Place Type": "Archaeological Site",
        "Imagery Acquisition Date": null,
        "Information Resource": null,
        "Information Resource Acquisition Date": null,
        "Intervention Activity Type": null,
        "Investigator Role Type": "",
        "Land Cover Assessment Date": null,
        "Land Cover Type": null,
        "Location Certainty": "Negligible",
        "Material Class": null,
        "Material Type": null,
        "Maximum Depth/Min Elevation": null,
        "Measurement Number": null,
        "Measurement Source Type ": null,
        "Measurement Unit": null,
        "Minimum Depth/Max Elevation": null,
        "Name Type": "Alternative Reference, Designation, Alternative Reference",
        "Overall Archaeological Certainty Value ": "Definite",
        "Overall Condition State Type": "Unknown",
        "Overall Site Morphology Type": "Positive/Built Feature",
        "Overall Site Shape Type": "Unknown",
        "Priority Type": null,
        "Recommendation Type": null,
        "Related Geoarchaeology/Palaeolandscape": null,
        "Resource Name": "Md215-f, E14N31-33_000003, BUL010",
        "Resource Orientation": "",
        "Restricted Access Record Designation": null,
        "SH Date From": null,
        "SH Date to": null,
        "Site Feature Arrangement Type": "Isolated",
        "Site Feature Form Type": "Structure",
        "Site Feature Form Type Certainty": "Definite",
        "Site Feature Interpretation Certainty": "High, High",
        "Site Feature Interpretation Number Type": "1, 1",
        "Site Feature Interpretation Type": "Farm Building, Settlement/Habitation Site",
        "Site Feature Number Type": "1",
        "Site Feature Shape Type": "Unknown",
        "Spatial Coordinates Ref System": "",
        "Surficial Geology Type": null,
        "Threat Category": "Unknown",
        "Threat Cause Type": "Unknown",
        "Threat Inference Making Assessor Name - Actor": "None",
        "Threat Probability ": "Not Applicable",
        "Tidal Range": null,
        "Topography Type": null,
        "Wave Climate": null
      },
      "type": "Feature"
    },
    {
      "geometry": {
        "coordinates": [
          14.03898,
          31.76312
        ],
        "type": "Point"
      },
      "properties": {
        "AH Date From": null,
        "AH Date To": null,
        "Address": null,
        "Address Type": null,
        "Administrative Division ": null,
        "Administrative Division Type": null,
        "Archaeological From Date": null,
        "Archaeological To Date": null,
        "Assessment Activity Date": "2024-05-20",
        "Assessment Activity Type": "Archaeological Assessment (Image Interpretation)",
        "Assessment Investigator - Actor": "Nichole Sheldrick",
        "BP Date From": null,
        "BP Date To": null,
        "Bedrock Geology Type": null,
        "Built Component": null,
        "Cadastral Reference": "",
        "Construction Technique": null,
        "Country Type": "Libya",
        "Cultural Period Certainty": null,
        "Cultural Period Type": null,
        "Cultural Sub-period Certainty": null,
        "Cultural Sub-period Type": null,
        "Damage Extent Type": null,
        "Date Inference Making Actor Name": null,
        "Datum Description/EPSG code": null,
        "Datum Type": null,
        "Depositional Process": null,
        "Designation": null,
        "Designation From Date": null,
        "Designation To Date": null,
        "Detailed Condition Assessments": null,
        "Dimension Type": null,
        "Disturbance Cause Assignment Assessor Name - Actor": null,
        "Disturbance Cause Category Type": null,
        "Disturbance Cause Certainty ": null,
        "Disturbance Cause Type ": null,
        "Disturbance Date From": null,
        "Disturbance Date Occurred Before": null,
        "Disturbance Date Occurred On ": null,
        "Disturbance Date To ": null,
        "EAMENA ID": "EAMENA-0261875",
        "Effect Certainty": null,
        "Effect Type": null,
        "Fetch Type": null,
        "GE Imagery Acquisition Date": null,
        "General Description": null,
        "General Description Type": null,
        "Geometry Extent Certainty": "Negligible",
        "Geometry Qualifier": "Center Point",
        "Google Earth Assessment": "True",
        "Grid ID": "E14N31-33",
        "Heritage Place Function": "Domestic",
        "Heritage Place Function Certainty ": "High",
        "Heritage Place Resource Instance": null,
        "Heritage Place Type": "Archaeological Site",
        "Imagery Acquisition Date": null,
        "Information Resource": null,
        "Information Resource Acquisition Date": null,
        "Intervention Activity Type": null,
        "Investigator Role Type": "EAMENA Project Staff",
        "Land Cover Assessment Date": null,
        "Land Cover Type": null,
        "Location Certainty": "Definite",
        "Material Class": null,
        "Material Type": null,
        "Maximum Depth/Min Elevation": null,
        "Measurement Number": null,
        "Measurement Source Type ": null,
        "Measurement Unit": null,
        "Minimum Depth/Max Elevation": null,
        "Name Type": "Alternative Reference",
        "Overall Archaeological Certainty Value ": "High",
        "Overall Condition State Type": null,
        "Overall Site Morphology Type": "Positive/Built Feature",
        "Overall Site Shape Type": "Irregular",
        "Priority Type": null,
        "Recommendation Type": null,
        "Related Geoarchaeology/Palaeolandscape": null,
        "Resource Name": "BUL006",
        "Resource Orientation": "",
        "Restricted Access Record Designation": null,
        "SH Date From": null,
        "SH Date to": null,
        "Site Feature Arrangement Type": null,
        "Site Feature Form Type": null,
        "Site Feature Form Type Certainty": null,
        "Site Feature Interpretation Certainty": "Definite",
        "Site Feature Interpretation Number Type": "1",
        "Site Feature Interpretation Type": "Settlement/Habitation Site",
        "Site Feature Number Type": null,
        "Site Feature Shape Type": null,
        "Spatial Coordinates Ref System": "",
        "Surficial Geology Type": null,
        "Threat Category": null,
        "Threat Cause Type": null,
        "Threat Inference Making Assessor Name - Actor": null,
        "Threat Probability ": null,
        "Tidal Range": null,
        "Topography Type": null,
        "Wave Climate": null
      },
      "type": "Feature"
    },
    {
      "geometry": {
        "coordinates": [
          14.043621,
          31.762053
        ],
        "type": "Point"
      },
      "properties": {
        "AH Date From": null,
        "AH Date To": null,
        "Address": null,
        "Address Type": null,
        "Administrative Division ": null,
        "Administrative Division Type": null,
        "Archaeological From Date": null,
        "Archaeological To Date": null,
        "Assessment Activity Date": "2016-03-10",
        "Assessment Activity Type": "Desk-based",
        "Assessment Investigator - Actor": "Nichole Sheldrick",
        "BP Date From": null,
        "BP Date To": null,
        "Bedrock Geology Type": null,
        "Built Component": null,
        "Cadastral Reference": "None",
        "Construction Technique": null,
        "Country Type": "Libya",
        "Cultural Period Certainty": "Possible, Possible, Possible",
        "Cultural Period Type": "Classical/Protohistoric/Pre-Islamic (North Africa), Classical/Protohistoric/Pre-Islamic (North Africa), Classical/Protohistoric/Pre-Islamic (North Africa)",
        "Cultural Sub-period Certainty": "Possible, Possible, Possible",
        "Cultural Sub-period Type": "Roman Imperial, Late (North Africa), Byzantine (Maghreb), Vandal (Maghreb)",
        "Damage Extent Type": "Unknown",
        "Date Inference Making Actor Name": "None, None, None",
        "Datum Description/EPSG code": null,
        "Datum Type": null,
        "Depositional Process": null,
        "Designation": null,
        "Designation From Date": null,
        "Designation To Date": null,
        "Detailed Condition Assessments": null,
        "Dimension Type": null,
        "Disturbance Cause Assignment Assessor Name - Actor": "None",
        "Disturbance Cause Category Type": "Unknown",
        "Disturbance Cause Certainty ": "Not Applicable",
        "Disturbance Cause Type ": "Unknown",
        "Disturbance Date From": "None",
        "Disturbance Date Occurred Before": "None",
        "Disturbance Date Occurred On ": "None",
        "Disturbance Date To ": "None",
        "EAMENA ID": "EAMENA-0087042",
        "Effect Certainty": "High",
        "Effect Type": "Collapse/Structural Damage",
        "Fetch Type": null,
        "GE Imagery Acquisition Date": null,
        "General Description": null,
        "General Description Type": null,
        "Geometry Extent Certainty": "",
        "Geometry Qualifier": "",
        "Google Earth Assessment": "None",
        "Grid ID": "E14N31-33",
        "Heritage Place Function": "Domestic, Defensive/Fortification, Agricultural/Pastoral",
        "Heritage Place Function Certainty ": "High, High, High",
        "Heritage Place Resource Instance": null,
        "Heritage Place Type": "Archaeological Site",
        "Imagery Acquisition Date": null,
        "Information Resource": null,
        "Information Resource Acquisition Date": null,
        "Intervention Activity Type": null,
        "Investigator Role Type": "",
        "Land Cover Assessment Date": null,
        "Land Cover Type": null,
        "Location Certainty": "Definite",
        "Material Class": null,
        "Material Type": null,
        "Maximum Depth/Min Elevation": null,
        "Measurement Number": null,
        "Measurement Source Type ": null,
        "Measurement Unit": null,
        "Minimum Depth/Max Elevation": null,
        "Name Type": "Alternative Reference, Designation, Alternative Reference",
        "Overall Archaeological Certainty Value ": "Definite",
        "Overall Condition State Type": "Good",
        "Overall Site Morphology Type": "Positive/Built Feature",
        "Overall Site Shape Type": "Rectangular/Square",
        "Priority Type": null,
        "Recommendation Type": null,
        "Related Geoarchaeology/Palaeolandscape": null,
        "Resource Name": "Md213-g?, E14N31-33_000035, BUL008",
        "Resource Orientation": "",
        "Restricted Access Record Designation": null,
        "SH Date From": null,
        "SH Date to": null,
        "Site Feature Arrangement Type": "Isolated",
        "Site Feature Form Type": "Structure",
        "Site Feature Form Type Certainty": "Definite",
        "Site Feature Interpretation Certainty": "High, High",
        "Site Feature Interpretation Number Type": "1, 1",
        "Site Feature Interpretation Type": "Settlement/Habitation Site, Farm Building",
        "Site Feature Number Type": "1",
        "Site Feature Shape Type": "Rectangular/Square",
        "Spatial Coordinates Ref System": "",
        "Surficial Geology Type": null,
        "Threat Category": "Unknown",
        "Threat Cause Type": "Unknown",
        "Threat Inference Making Assessor Name - Actor": "None",
        "Threat Probability ": "Not Applicable",
        "Tidal Range": null,
        "Topography Type": null,
        "Wave Climate": null
      },
      "type": "Feature"
    },
    {
      "geometry": {
        "coordinates": [
          14.043979,
          31.762287
        ],
        "type": "Point"
      },
      "properties": {
        "AH Date From": null,
        "AH Date To": null,
        "Address": null,
        "Address Type": null,
        "Administrative Division ": null,
        "Administrative Division Type": null,
        "Archaeological From Date": null,
        "Archaeological To Date": null,
        "Assessment Activity Date": "2016-03-10",
        "Assessment Activity Type": "Desk-based",
        "Assessment Investigator - Actor": "Nichole Sheldrick",
        "BP Date From": null,
        "BP Date To": null,
        "Bedrock Geology Type": null,
        "Built Component": null,
        "Cadastral Reference": "None",
        "Construction Technique": null,
        "Country Type": "Libya",
        "Cultural Period Certainty": "Possible, Possible, Possible",
        "Cultural Period Type": "Classical/Protohistoric/Pre-Islamic (North Africa), Classical/Protohistoric/Pre-Islamic (North Africa), Classical/Protohistoric/Pre-Islamic (North Africa)",
        "Cultural Sub-period Certainty": "Possible, Possible, Possible",
        "Cultural Sub-period Type": "Roman Imperial, Late (North Africa), Byzantine (Maghreb), Vandal (Maghreb)",
        "Damage Extent Type": "Unknown",
        "Date Inference Making Actor Name": "None, None, None",
        "Datum Description/EPSG code": null,
        "Datum Type": null,
        "Depositional Process": null,
        "Designation": null,
        "Designation From Date": null,
        "Designation To Date": null,
        "Detailed Condition Assessments": null,
        "Dimension Type": null,
        "Disturbance Cause Assignment Assessor Name - Actor": "None",
        "Disturbance Cause Category Type": "Unknown",
        "Disturbance Cause Certainty ": "Not Applicable",
        "Disturbance Cause Type ": "Unknown",
        "Disturbance Date From": "None",
        "Disturbance Date Occurred Before": "None",
        "Disturbance Date Occurred On ": "None",
        "Disturbance Date To ": "None",
        "EAMENA ID": "EAMENA-0087043",
        "Effect Certainty": "High",
        "Effect Type": "Collapse/Structural Damage",
        "Fetch Type": null,
        "GE Imagery Acquisition Date": null,
        "General Description": null,
        "General Description Type": null,
        "Geometry Extent Certainty": "",
        "Geometry Qualifier": "",
        "Google Earth Assessment": "None",
        "Grid ID": "E14N31-33",
        "Heritage Place Function": "Domestic, Defensive/Fortification, Agricultural/Pastoral",
        "Heritage Place Function Certainty ": "High, High, High",
        "Heritage Place Resource Instance": null,
        "Heritage Place Type": "Archaeological Site",
        "Imagery Acquisition Date": null,
        "Information Resource": null,
        "Information Resource Acquisition Date": null,
        "Intervention Activity Type": null,
        "Investigator Role Type": "",
        "Land Cover Assessment Date": null,
        "Land Cover Type": null,
        "Location Certainty": "Definite",
        "Material Class": null,
        "Material Type": null,
        "Maximum Depth/Min Elevation": null,
        "Measurement Number": null,
        "Measurement Source Type ": null,
        "Measurement Unit": null,
        "Minimum Depth/Max Elevation": null,
        "Name Type": "Alternative Reference, Designation, Alternative Reference",
        "Overall Archaeological Certainty Value ": "Definite",
        "Overall Condition State Type": "Good",
        "Overall Site Morphology Type": "Positive/Built Feature",
        "Overall Site Shape Type": "Rectangular/Square",
        "Priority Type": null,
        "Recommendation Type": null,
        "Related Geoarchaeology/Palaeolandscape": null,
        "Resource Name": "Md214-g?, E14N31-33_000036, BUL009",
        "Resource Orientation": "",
        "Restricted Access Record Designation": null,
        "SH Date From": null,
        "SH Date to": null,
        "Site Feature Arrangement Type": "Isolated",
        "Site Feature Form Type": "Structure",
        "Site Feature Form Type Certainty": "Definite",
        "Site Feature Interpretation Certainty": "High, High",
        "Site Feature Interpretation Number Type": "1, 1",
        "Site Feature Interpretation Type": "Settlement/Habitation Site, Farm Building",
        "Site Feature Number Type": "1",
        "Site Feature Shape Type": "Rectangular/Square",
        "Spatial Coordinates Ref System": "",
        "Surficial Geology Type": null,
        "Threat Category": "Unknown",
        "Threat Cause Type": "Unknown",
        "Threat Inference Making Assessor Name - Actor": "None",
        "Threat Probability ": "Not Applicable",
        "Tidal Range": null,
        "Topography Type": null,
        "Wave Climate": null
      },
      "type": "Feature"
    },
    {
      "geometry": {
        "coordinates": [
          14.043461,
          31.761857
        ],
        "type": "Point"
      },
      "properties": {
        "AH Date From": null,
        "AH Date To": null,
        "Address": null,
        "Address Type": null,
        "Administrative Division ": null,
        "Administrative Division Type": null,
        "Archaeological From Date": null,
        "Archaeological To Date": null,
        "Assessment Activity Date": "2016-03-10",
        "Assessment Activity Type": "Desk-based",
        "Assessment Investigator - Actor": "Nichole Sheldrick",
        "BP Date From": null,
        "BP Date To": null,
        "Bedrock Geology Type": null,
        "Built Component": null,
        "Cadastral Reference": "None",
        "Construction Technique": null,
        "Country Type": "Libya",
        "Cultural Period Certainty": "Possible, Possible, Possible",
        "Cultural Period Type": "Classical/Protohistoric/Pre-Islamic (North Africa), Classical/Protohistoric/Pre-Islamic (North Africa), Classical/Protohistoric/Pre-Islamic (North Africa)",
        "Cultural Sub-period Certainty": "Possible, Possible, Possible",
        "Cultural Sub-period Type": "Roman Imperial, Late (North Africa), Byzantine (Maghreb), Vandal (Maghreb)",
        "Damage Extent Type": "Unknown",
        "Date Inference Making Actor Name": "None, None, None",
        "Datum Description/EPSG code": null,
        "Datum Type": null,
        "Depositional Process": null,
        "Designation": null,
        "Designation From Date": null,
        "Designation To Date": null,
        "Detailed Condition Assessments": null,
        "Dimension Type": null,
        "Disturbance Cause Assignment Assessor Name - Actor": "None",
        "Disturbance Cause Category Type": "Unknown",
        "Disturbance Cause Certainty ": "Not Applicable",
        "Disturbance Cause Type ": "Unknown",
        "Disturbance Date From": "None",
        "Disturbance Date Occurred Before": "None",
        "Disturbance Date Occurred On ": "None",
        "Disturbance Date To ": "None",
        "EAMENA ID": "EAMENA-0087041",
        "Effect Certainty": "High",
        "Effect Type": "Collapse/Structural Damage",
        "Fetch Type": null,
        "GE Imagery Acquisition Date": null,
        "General Description": null,
        "General Description Type": null,
        "Geometry Extent Certainty": "",
        "Geometry Qualifier": "",
        "Google Earth Assessment": "None",
        "Grid ID": "E14N31-33",
        "Heritage Place Function": "Domestic, Defensive/Fortification, Agricultural/Pastoral",
        "Heritage Place Function Certainty ": "High, High, High",
        "Heritage Place Resource Instance": null,
        "Heritage Place Type": "Archaeological Site",
        "Imagery Acquisition Date": null,
        "Information Resource": null,
        "Information Resource Acquisition Date": null,
        "Intervention Activity Type": null,
        "Investigator Role Type": "",
        "Land Cover Assessment Date": null,
        "Land Cover Type": null,
        "Location Certainty": "Definite",
        "Material Class": null,
        "Material Type": null,
        "Maximum Depth/Min Elevation": null,
        "Measurement Number": null,
        "Measurement Source Type ": null,
        "Measurement Unit": null,
        "Minimum Depth/Max Elevation": null,
        "Name Type": "Alternative Reference, Designation, Alternative Reference",
        "Overall Archaeological Certainty Value ": "Definite",
        "Overall Condition State Type": "Good",
        "Overall Site Morphology Type": "Positive/Built Feature",
        "Overall Site Shape Type": "Rectangular/Square",
        "Priority Type": null,
        "Recommendation Type": null,
        "Related Geoarchaeology/Palaeolandscape": null,
        "Resource Name": "Md212-g?, E14N31-33_000034, BUL007",
        "Resource Orientation": "",
        "Restricted Access Record Designation": null,
        "SH Date From": null,
        "SH Date to": null,
        "Site Feature Arrangement Type": "Isolated",
        "Site Feature Form Type": "Structure",
        "Site Feature Form Type Certainty": "Definite",
        "Site Feature Interpretation Certainty": "High, High",
        "Site Feature Interpretation Number Type": "1, 1",
        "Site Feature Interpretation Type": "Settlement/Habitation Site, Farm Building",
        "Site Feature Number Type": "1",
        "Site Feature Shape Type": "Rectangular/Square",
        "Spatial Coordinates Ref System": "",
        "Surficial Geology Type": null,
        "Threat Category": "Unknown",
        "Threat Cause Type": "Unknown",
        "Threat Inference Making Assessor Name - Actor": "None",
        "Threat Probability ": "Not Applicable",
        "Tidal Range": null,
        "Topography Type": null,
        "Wave Climate": null
      },
      "type": "Feature"
    },
    {
      "geometry": {
        "coordinates": [
          14.046852,
          31.76332
        ],
        "type": "Point"
      },
      "properties": {
        "AH Date From": null,
        "AH Date To": null,
        "Address": null,
        "Address Type": null,
        "Administrative Division ": null,
        "Administrative Division Type": null,
        "Archaeological From Date": null,
        "Archaeological To Date": null,
        "Assessment Activity Date": "2019-07-17, 2020-05-01",
        "Assessment Activity Type": "Literature Interpretation/Digitisation, Condition Assessment (Image Interpretation)",
        "Assessment Investigator - Actor": "Nichole Sheldrick, Nichole Sheldrick",
        "BP Date From": null,
        "BP Date To": null,
        "Bedrock Geology Type": null,
        "Built Component": null,
        "Cadastral Reference": "None",
        "Construction Technique": null,
        "Country Type": "Libya",
        "Cultural Period Certainty": "Possible",
        "Cultural Period Type": "Islamic (North Africa)",
        "Cultural Sub-period Certainty": "Possible",
        "Cultural Sub-period Type": "Unknown",
        "Damage Extent Type": "No Visible/Known",
        "Date Inference Making Actor Name": "UNESCO Libyan Valleys Survey Gazetteer",
        "Datum Description/EPSG code": null,
        "Datum Type": null,
        "Depositional Process": null,
        "Designation": null,
        "Designation From Date": null,
        "Designation To Date": null,
        "Detailed Condition Assessments": null,
        "Dimension Type": null,
        "Disturbance Cause Assignment Assessor Name - Actor": "Nichole Sheldrick",
        "Disturbance Cause Category Type": "Not Applicable",
        "Disturbance Cause Certainty ": "Not Applicable",
        "Disturbance Cause Type ": "No Visible/Known",
        "Disturbance Date From": "2009-10-19",
        "Disturbance Date Occurred Before": "None",
        "Disturbance Date Occurred On ": "None",
        "Disturbance Date To ": "2020-02-14",
        "EAMENA ID": "EAMENA-0189410",
        "Effect Certainty": "Not Applicable",
        "Effect Type": "Not Applicable",
        "Fetch Type": null,
        "GE Imagery Acquisition Date": null,
        "General Description": null,
        "General Description Type": null,
        "Geometry Extent Certainty": "Negligible",
        "Geometry Qualifier": "",
        "Google Earth Assessment": "None, None",
        "Grid ID": "E14N31-33",
        "Heritage Place Function": "Domestic",
        "Heritage Place Function Certainty ": "Definite",
        "Heritage Place Resource Instance": null,
        "Heritage Place Type": "Archaeological Site",
        "Imagery Acquisition Date": null,
        "Information Resource": null,
        "Information Resource Acquisition Date": null,
        "Intervention Activity Type": null,
        "Investigator Role Type": "EAMENA Project Staff, EAMENA Project Staff",
        "Land Cover Assessment Date": null,
        "Land Cover Type": null,
        "Location Certainty": "Medium",
        "Material Class": null,
        "Material Type": null,
        "Maximum Depth/Min Elevation": null,
        "Measurement Number": null,
        "Measurement Source Type ": null,
        "Measurement Unit": null,
        "Minimum Depth/Max Elevation": null,
        "Name Type": "Alternative Reference, Alternative Reference, Alternative Reference",
        "Overall Archaeological Certainty Value ": "High",
        "Overall Condition State Type": "Good",
        "Overall Site Morphology Type": "Positive/Built Feature",
        "Overall Site Shape Type": "",
        "Priority Type": null,
        "Recommendation Type": null,
        "Related Geoarchaeology/Palaeolandscape": null,
        "Resource Name": "Md216, Md 00216, BUL011",
        "Resource Orientation": "",
        "Restricted Access Record Designation": null,
        "SH Date From": null,
        "SH Date to": null,
        "Site Feature Arrangement Type": null,
        "Site Feature Form Type": null,
        "Site Feature Form Type Certainty": null,
        "Site Feature Interpretation Certainty": "Definite",
        "Site Feature Interpretation Number Type": "1",
        "Site Feature Interpretation Type": "Settlement/Habitation Site",
        "Site Feature Number Type": null,
        "Site Feature Shape Type": null,
        "Spatial Coordinates Ref System": "None",
        "Surficial Geology Type": null,
        "Threat Category": "Building and Development",
        "Threat Cause Type": "Unknown",
        "Threat Inference Making Assessor Name - Actor": "Nichole Sheldrick",
        "Threat Probability ": "Possible",
        "Tidal Range": null,
        "Topography Type": "Unknown",
        "Wave Climate": null
      },
      "type": "Feature"
    },
    {
      "geometry": {
        "coordinates": [
          14.051337,
          31.766806
        ],
        "type": "Point"
      },
      "properties": {
        "AH Date From": null,
        "AH Date To": null,
        "Address": null,
        "Address Type": null,
        "Administrative Division ": null,
        "Administrative Division Type": null,
        "Archaeological From Date": null,
        "Archaeological To Date": null,
        "Assessment Activity Date": "2016-02-29",
        "Assessment Activity Type": "Desk-based",
        "Assessment Investigator - Actor": "Nichole Sheldrick",
        "BP Date From": null,
        "BP Date To": null,
        "Bedrock Geology Type": null,
        "Built Component": null,
        "Cadastral Reference": "None",
        "Construction Technique": null,
        "Country Type": "Libya",
        "Cultural Period Certainty": "Probable",
        "Cultural Period Type": "Classical/Protohistoric/Pre-Islamic (North Africa)",
        "Cultural Sub-period Certainty": "Probable",
        "Cultural Sub-period Type": "Roman Imperial (North Africa)",
        "Damage Extent Type": "Unknown",
        "Date Inference Making Actor Name": "None",
        "Datum Description/EPSG code": null,
        "Datum Type": null,
        "Depositional Process": null,
        "Designation": null,
        "Designation From Date": null,
        "Designation To Date": null,
        "Detailed Condition Assessments": null,
        "Dimension Type": null,
        "Disturbance Cause Assignment Assessor Name - Actor": "None",
        "Disturbance Cause Category Type": "Unknown",
        "Disturbance Cause Certainty ": "Not Applicable",
        "Disturbance Cause Type ": "Unknown",
        "Disturbance Date From": "None",
        "Disturbance Date Occurred Before": "None",
        "Disturbance Date Occurred On ": "None",
        "Disturbance Date To ": "None",
        "EAMENA ID": "EAMENA-0086422",
        "Effect Certainty": "Medium",
        "Effect Type": "Collapse/Structural Damage",
        "Fetch Type": null,
        "GE Imagery Acquisition Date": null,
        "General Description": null,
        "General Description Type": null,
        "Geometry Extent Certainty": "",
        "Geometry Qualifier": "",
        "Google Earth Assessment": "None",
        "Grid ID": "E14N31-33",
        "Heritage Place Function": "Domestic, Agricultural/Pastoral",
        "Heritage Place Function Certainty ": "High, High",
        "Heritage Place Resource Instance": null,
        "Heritage Place Type": "Archaeological Site",
        "Imagery Acquisition Date": null,
        "Information Resource": null,
        "Information Resource Acquisition Date": null,
        "Intervention Activity Type": null,
        "Investigator Role Type": "",
        "Land Cover Assessment Date": null,
        "Land Cover Type": null,
        "Location Certainty": "High",
        "Material Class": null,
        "Material Type": null,
        "Maximum Depth/Min Elevation": null,
        "Measurement Number": null,
        "Measurement Source Type ": null,
        "Measurement Unit": null,
        "Minimum Depth/Max Elevation": null,
        "Name Type": "Alternative Reference, Designation, Alternative Reference",
        "Overall Archaeological Certainty Value ": "Definite",
        "Overall Condition State Type": "Unknown",
        "Overall Site Morphology Type": "Positive/Built Feature",
        "Overall Site Shape Type": "Unknown",
        "Priority Type": null,
        "Recommendation Type": null,
        "Related Geoarchaeology/Palaeolandscape": null,
        "Resource Name": "Md222-f?, E14N31-33_000006, BUL017",
        "Resource Orientation": "",
        "Restricted Access Record Designation": null,
        "SH Date From": null,
        "SH Date to": null,
        "Site Feature Arrangement Type": "Isolated",
        "Site Feature Form Type": "Structure",
        "Site Feature Form Type Certainty": "Definite",
        "Site Feature Interpretation Certainty": "High, High",
        "Site Feature Interpretation Number Type": "1, 1",
        "Site Feature Interpretation Type": "Farm Building, Settlement/Habitation Site",
        "Site Feature Number Type": "1",
        "Site Feature Shape Type": "Unknown",
        "Spatial Coordinates Ref System": "",
        "Surficial Geology Type": null,
        "Threat Category": "Unknown",
        "Threat Cause Type": "Unknown",
        "Threat Inference Making Assessor Name - Actor": "None",
        "Threat Probability ": "Not Applicable",
        "Tidal Range": null,
        "Topography Type": null,
        "Wave Climate": null
      },
      "type": "Feature"
    },
    {
      "geometry": {
        "coordinates": [
          14.052948,
          31.770951
        ],
        "type": "Point"
      },
      "properties": {
        "AH Date From": null,
        "AH Date To": null,
        "Address": null,
        "Address Type": null,
        "Administrative Division ": null,
        "Administrative Division Type": null,
        "Archaeological From Date": null,
        "Archaeological To Date": null,
        "Assessment Activity Date": "2019-07-17",
        "Assessment Activity Type": "Literature Interpretation/Digitisation",
        "Assessment Investigator - Actor": "Nichole Sheldrick",
        "BP Date From": null,
        "BP Date To": null,
        "Bedrock Geology Type": null,
        "Built Component": null,
        "Cadastral Reference": "None",
        "Construction Technique": null,
        "Country Type": "Libya",
        "Cultural Period Certainty": "Possible",
        "Cultural Period Type": "Islamic (North Africa)",
        "Cultural Sub-period Certainty": "Possible",
        "Cultural Sub-period Type": "Unknown",
        "Damage Extent Type": "Unknown",
        "Date Inference Making Actor Name": "UNESCO Libyan Valleys Survey Gazetteer",
        "Datum Description/EPSG code": null,
        "Datum Type": null,
        "Depositional Process": null,
        "Designation": null,
        "Designation From Date": null,
        "Designation To Date": null,
        "Detailed Condition Assessments": null,
        "Dimension Type": null,
        "Disturbance Cause Assignment Assessor Name - Actor": "Nichole Sheldrick",
        "Disturbance Cause Category Type": "Unknown",
        "Disturbance Cause Certainty ": "Not Applicable",
        "Disturbance Cause Type ": "Unknown",
        "Disturbance Date From": "None",
        "Disturbance Date Occurred Before": "None",
        "Disturbance Date Occurred On ": "None",
        "Disturbance Date To ": "None",
        "EAMENA ID": "EAMENA-0189416",
        "Effect Certainty": "Not Applicable",
        "Effect Type": "Unknown",
        "Fetch Type": null,
        "GE Imagery Acquisition Date": null,
        "General Description": null,
        "General Description Type": null,
        "Geometry Extent Certainty": "Negligible",
        "Geometry Qualifier": "",
        "Google Earth Assessment": "None",
        "Grid ID": "E14N31-33",
        "Heritage Place Function": "Domestic",
        "Heritage Place Function Certainty ": "Definite",
        "Heritage Place Resource Instance": null,
        "Heritage Place Type": "Archaeological Site",
        "Imagery Acquisition Date": null,
        "Information Resource": null,
        "Information Resource Acquisition Date": null,
        "Intervention Activity Type": null,
        "Investigator Role Type": "EAMENA Project Staff",
        "Land Cover Assessment Date": null,
        "Land Cover Type": null,
        "Location Certainty": "Low",
        "Material Class": null,
        "Material Type": null,
        "Maximum Depth/Min Elevation": null,
        "Measurement Number": null,
        "Measurement Source Type ": null,
        "Measurement Unit": null,
        "Minimum Depth/Max Elevation": null,
        "Name Type": "Alternative Reference, Alternative Reference, Toponym, Alternative Reference",
        "Overall Archaeological Certainty Value ": "High",
        "Overall Condition State Type": "Unknown",
        "Overall Site Morphology Type": "Positive/Built Feature",
        "Overall Site Shape Type": "",
        "Priority Type": null,
        "Recommendation Type": null,
        "Related Geoarchaeology/Palaeolandscape": null,
        "Resource Name": "Md223, Md 00223, Fugahar, BUL019",
        "Resource Orientation": "",
        "Restricted Access Record Designation": null,
        "SH Date From": null,
        "SH Date to": null,
        "Site Feature Arrangement Type": null,
        "Site Feature Form Type": null,
        "Site Feature Form Type Certainty": null,
        "Site Feature Interpretation Certainty": "Definite",
        "Site Feature Interpretation Number Type": "1",
        "Site Feature Interpretation Type": "Settlement/Habitation Site",
        "Site Feature Number Type": null,
        "Site Feature Shape Type": null,
        "Spatial Coordinates Ref System": "",
        "Surficial Geology Type": null,
        "Threat Category": "Unknown",
        "Threat Cause Type": "Unknown",
        "Threat Inference Making Assessor Name - Actor": "Nichole Sheldrick",
        "Threat Probability ": "Not Applicable",
        "Tidal Range": null,
        "Topography Type": "Unknown",
        "Wave Climate": null
      },
      "type": "Feature"
    },
    {
      "geometry": {
        "coordinates": [
          14.052527,
          31.769932
        ],
        "type": "Point"
      },
      "properties": {
        "AH Date From": null,
        "AH Date To": null,
        "Address": null,
        "Address Type": null,
        "Administrative Division ": null,
        "Administrative Division Type": null,
        "Archaeological From Date": null,
        "Archaeological To Date": null,
        "Assessment Activity Date": "2019-07-17",
        "Assessment Activity Type": "Literature Interpretation/Digitisation",
        "Assessment Investigator - Actor": "Nichole Sheldrick",
        "BP Date From": null,
        "BP Date To": null,
        "Bedrock Geology Type": null,
        "Built Component": null,
        "Cadastral Reference": "None",
        "Construction Technique": null,
        "Country Type": "Libya",
        "Cultural Period Certainty": "Possible",
        "Cultural Period Type": "Islamic (North Africa)",
        "Cultural Sub-period Certainty": "Possible",
        "Cultural Sub-period Type": "Unknown",
        "Damage Extent Type": "Unknown",
        "Date Inference Making Actor Name": "UNESCO Libyan Valleys Survey Gazetteer",
        "Datum Description/EPSG code": null,
        "Datum Type": null,
        "Depositional Process": null,
        "Designation": null,
        "Designation From Date": null,
        "Designation To Date": null,
        "Detailed Condition Assessments": null,
        "Dimension Type": null,
        "Disturbance Cause Assignment Assessor Name - Actor": "Nichole Sheldrick",
        "Disturbance Cause Category Type": "Unknown",
        "Disturbance Cause Certainty ": "Not Applicable",
        "Disturbance Cause Type ": "Unknown",
        "Disturbance Date From": "None",
        "Disturbance Date Occurred Before": "None",
        "Disturbance Date Occurred On ": "None",
        "Disturbance Date To ": "None",
        "EAMENA ID": "EAMENA-0189412",
        "Effect Certainty": "Not Applicable",
        "Effect Type": "Unknown",
        "Fetch Type": null,
        "GE Imagery Acquisition Date": null,
        "General Description": null,
        "General Description Type": null,
        "Geometry Extent Certainty": "Negligible",
        "Geometry Qualifier": "",
        "Google Earth Assessment": "None",
        "Grid ID": "E14N31-33",
        "Heritage Place Function": "Domestic",
        "Heritage Place Function Certainty ": "Definite",
        "Heritage Place Resource Instance": null,
        "Heritage Place Type": "Archaeological Site",
        "Imagery Acquisition Date": null,
        "Information Resource": null,
        "Information Resource Acquisition Date": null,
        "Intervention Activity Type": null,
        "Investigator Role Type": "EAMENA Project Staff",
        "Land Cover Assessment Date": null,
        "Land Cover Type": null,
        "Location Certainty": "Low",
        "Material Class": null,
        "Material Type": null,
        "Maximum Depth/Min Elevation": null,
        "Measurement Number": null,
        "Measurement Source Type ": null,
        "Measurement Unit": null,
        "Minimum Depth/Max Elevation": null,
        "Name Type": "Alternative Reference, Alternative Reference, Toponym, Alternative Reference",
        "Overall Archaeological Certainty Value ": "High",
        "Overall Condition State Type": "Unknown",
        "Overall Site Morphology Type": "Positive/Built Feature",
        "Overall Site Shape Type": "",
        "Priority Type": null,
        "Recommendation Type": null,
        "Related Geoarchaeology/Palaeolandscape": null,
        "Resource Name": "Md 00218, Md218, Tuhul, BUL018",
        "Resource Orientation": "",
        "Restricted Access Record Designation": null,
        "SH Date From": null,
        "SH Date to": null,
        "Site Feature Arrangement Type": null,
        "Site Feature Form Type": null,
        "Site Feature Form Type Certainty": null,
        "Site Feature Interpretation Certainty": "Definite",
        "Site Feature Interpretation Number Type": "1",
        "Site Feature Interpretation Type": "Settlement/Habitation Site",
        "Site Feature Number Type": null,
        "Site Feature Shape Type": null,
        "Spatial Coordinates Ref System": "None",
        "Surficial Geology Type": null,
        "Threat Category": "Unknown",
        "Threat Cause Type": "Unknown",
        "Threat Inference Making Assessor Name - Actor": "Nichole Sheldrick",
        "Threat Probability ": "Not Applicable",
        "Tidal Range": null,
        "Topography Type": "Unknown",
        "Wave Climate": null
      },
      "type": "Feature"
    },
    {
      "geometry": {
        "coordinates": [
          14.052948,
          31.772309
        ],
        "type": "Point"
      },
      "properties": {
        "AH Date From": null,
        "AH Date To": null,
        "Address": null,
        "Address Type": null,
        "Administrative Division ": null,
        "Administrative Division Type": null,
        "Archaeological From Date": null,
        "Archaeological To Date": null,
        "Assessment Activity Date": "2019-07-17",
        "Assessment Activity Type": "Literature Interpretation/Digitisation",
        "Assessment Investigator - Actor": "Nichole Sheldrick",
        "BP Date From": null,
        "BP Date To": null,
        "Bedrock Geology Type": null,
        "Built Component": null,
        "Cadastral Reference": "None",
        "Construction Technique": null,
        "Country Type": "Libya",
        "Cultural Period Certainty": "Possible",
        "Cultural Period Type": "Islamic (North Africa)",
        "Cultural Sub-period Certainty": "Possible",
        "Cultural Sub-period Type": "Unknown",
        "Damage Extent Type": "Unknown",
        "Date Inference Making Actor Name": "UNESCO Libyan Valleys Survey Gazetteer",
        "Datum Description/EPSG code": null,
        "Datum Type": null,
        "Depositional Process": null,
        "Designation": null,
        "Designation From Date": null,
        "Designation To Date": null,
        "Detailed Condition Assessments": null,
        "Dimension Type": null,
        "Disturbance Cause Assignment Assessor Name - Actor": "Nichole Sheldrick",
        "Disturbance Cause Category Type": "Unknown",
        "Disturbance Cause Certainty ": "Not Applicable",
        "Disturbance Cause Type ": "Unknown",
        "Disturbance Date From": "None",
        "Disturbance Date Occurred Before": "None",
        "Disturbance Date Occurred On ": "None",
        "Disturbance Date To ": "None",
        "EAMENA ID": "EAMENA-0189417",
        "Effect Certainty": "Not Applicable",
        "Effect Type": "Unknown",
        "Fetch Type": null,
        "GE Imagery Acquisition Date": null,
        "General Description": null,
        "General Description Type": null,
        "Geometry Extent Certainty": "Negligible",
        "Geometry Qualifier": "",
        "Google Earth Assessment": "None",
        "Grid ID": "E14N31-33",
        "Heritage Place Function": "Domestic",
        "Heritage Place Function Certainty ": "Definite",
        "Heritage Place Resource Instance": null,
        "Heritage Place Type": "Archaeological Site",
        "Imagery Acquisition Date": null,
        "Information Resource": null,
        "Information Resource Acquisition Date": null,
        "Intervention Activity Type": null,
        "Investigator Role Type": "EAMENA Project Staff",
        "Land Cover Assessment Date": null,
        "Land Cover Type": null,
        "Location Certainty": "Low",
        "Material Class": null,
        "Material Type": null,
        "Maximum Depth/Min Elevation": null,
        "Measurement Number": null,
        "Measurement Source Type ": null,
        "Measurement Unit": null,
        "Minimum Depth/Max Elevation": null,
        "Name Type": "Alternative Reference, Alternative Reference, Alternative Reference",
        "Overall Archaeological Certainty Value ": "High",
        "Overall Condition State Type": "Unknown",
        "Overall Site Morphology Type": "Positive/Built Feature",
        "Overall Site Shape Type": "",
        "Priority Type": null,
        "Recommendation Type": null,
        "Related Geoarchaeology/Palaeolandscape": null,
        "Resource Name": "Md224, Md 00224, BUL020",
        "Resource Orientation": "",
        "Restricted Access Record Designation": null,
        "SH Date From": null,
        "SH Date to": null,
        "Site Feature Arrangement Type": null,
        "Site Feature Form Type": null,
        "Site Feature Form Type Certainty": null,
        "Site Feature Interpretation Certainty": "Definite",
        "Site Feature Interpretation Number Type": "1",
        "Site Feature Interpretation Type": "Settlement/Habitation Site",
        "Site Feature Number Type": null,
        "Site Feature Shape Type": null,
        "Spatial Coordinates Ref System": "None",
        "Surficial Geology Type": null,
        "Threat Category": "Unknown",
        "Threat Cause Type": "Unknown",
        "Threat Inference Making Assessor Name - Actor": "Nichole Sheldrick",
        "Threat Probability ": "Not Applicable",
        "Tidal Range": null,
        "Topography Type": "Unknown",
        "Wave Climate": null
      },
      "type": "Feature"
    },
    {
      "geometry": {
        "coordinates": [
          14.047059,
          31.763109
        ],
        "type": "Point"
      },
      "properties": {
        "AH Date From": null,
        "AH Date To": null,
        "Address": null,
        "Address Type": null,
        "Administrative Division ": null,
        "Administrative Division Type": null,
        "Archaeological From Date": null,
        "Archaeological To Date": null,
        "Assessment Activity Date": "2024-05-20",
        "Assessment Activity Type": "Archaeological Assessment (Image Interpretation)",
        "Assessment Investigator - Actor": "Nichole Sheldrick",
        "BP Date From": null,
        "BP Date To": null,
        "Bedrock Geology Type": null,
        "Built Component": null,
        "Cadastral Reference": "",
        "Construction Technique": null,
        "Country Type": "Libya",
        "Cultural Period Certainty": null,
        "Cultural Period Type": null,
        "Cultural Sub-period Certainty": null,
        "Cultural Sub-period Type": null,
        "Damage Extent Type": null,
        "Date Inference Making Actor Name": null,
        "Datum Description/EPSG code": null,
        "Datum Type": null,
        "Depositional Process": null,
        "Designation": null,
        "Designation From Date": null,
        "Designation To Date": null,
        "Detailed Condition Assessments": null,
        "Dimension Type": null,
        "Disturbance Cause Assignment Assessor Name - Actor": null,
        "Disturbance Cause Category Type": null,
        "Disturbance Cause Certainty ": null,
        "Disturbance Cause Type ": null,
        "Disturbance Date From": null,
        "Disturbance Date Occurred Before": null,
        "Disturbance Date Occurred On ": null,
        "Disturbance Date To ": null,
        "EAMENA ID": "EAMENA-0261876",
        "Effect Certainty": null,
        "Effect Type": null,
        "Fetch Type": null,
        "GE Imagery Acquisition Date": null,
        "General Description": null,
        "General Description Type": null,
        "Geometry Extent Certainty": "Negligible",
        "Geometry Qualifier": "Center Point",
        "Google Earth Assessment": "True",
        "Grid ID": "E14N31-33",
        "Heritage Place Function": "Defensive/Fortification",
        "Heritage Place Function Certainty ": "Medium",
        "Heritage Place Resource Instance": null,
        "Heritage Place Type": "Archaeological Site",
        "Imagery Acquisition Date": null,
        "Information Resource": null,
        "Information Resource Acquisition Date": null,
        "Intervention Activity Type": null,
        "Investigator Role Type": "EAMENA Project Staff",
        "Land Cover Assessment Date": null,
        "Land Cover Type": null,
        "Location Certainty": "Definite",
        "Material Class": null,
        "Material Type": null,
        "Maximum Depth/Min Elevation": null,
        "Measurement Number": null,
        "Measurement Source Type ": null,
        "Measurement Unit": null,
        "Minimum Depth/Max Elevation": null,
        "Name Type": "Alternative Reference",
        "Overall Archaeological Certainty Value ": "Definite",
        "Overall Condition State Type": null,
        "Overall Site Morphology Type": null,
        "Overall Site Shape Type": "Irregular",
        "Priority Type": null,
        "Recommendation Type": null,
        "Related Geoarchaeology/Palaeolandscape": null,
        "Resource Name": "BUL012",
        "Resource Orientation": "",
        "Restricted Access Record Designation": null,
        "SH Date From": null,
        "SH Date to": null,
        "Site Feature Arrangement Type": null,
        "Site Feature Form Type": null,
        "Site Feature Form Type Certainty": null,
        "Site Feature Interpretation Certainty": null,
        "Site Feature Interpretation Number Type": null,
        "Site Feature Interpretation Type": null,
        "Site Feature Number Type": null,
        "Site Feature Shape Type": null,
        "Spatial Coordinates Ref System": "",
        "Surficial Geology Type": null,
        "Threat Category": null,
        "Threat Cause Type": null,
        "Threat Inference Making Assessor Name - Actor": null,
        "Threat Probability ": null,
        "Tidal Range": null,
        "Topography Type": null,
        "Wave Climate": null
      },
      "type": "Feature"
    },
    {
      "geometry": {
        "coordinates": [
          14.050924,
          31.7661
        ],
        "type": "Point"
      },
      "properties": {
        "AH Date From": null,
        "AH Date To": null,
        "Address": null,
        "Address Type": null,
        "Administrative Division ": null,
        "Administrative Division Type": null,
        "Archaeological From Date": null,
        "Archaeological To Date": null,
        "Assessment Activity Date": "2020-04-16, 2020-04-16",
        "Assessment Activity Type": "Archaeological Assessment (Image Interpretation), Archaeological Assessment (Image Interpretation)",
        "Assessment Investigator - Actor": "Martin Sterry, Louise Rayne",
        "BP Date From": null,
        "BP Date To": null,
        "Bedrock Geology Type": null,
        "Built Component": null,
        "Cadastral Reference": "None, None",
        "Construction Technique": null,
        "Country Type": ", Libya",
        "Cultural Period Certainty": "Possible",
        "Cultural Period Type": "Contemporary Islamic (MENA)",
        "Cultural Sub-period Certainty": null,
        "Cultural Sub-period Type": null,
        "Damage Extent Type": "91-100%",
        "Date Inference Making Actor Name": "Louise Rayne",
        "Datum Description/EPSG code": null,
        "Datum Type": null,
        "Depositional Process": null,
        "Designation": null,
        "Designation From Date": null,
        "Designation To Date": null,
        "Detailed Condition Assessments": null,
        "Dimension Type": null,
        "Disturbance Cause Assignment Assessor Name - Actor": "Louise Rayne",
        "Disturbance Cause Category Type": "Unknown",
        "Disturbance Cause Certainty ": "Medium",
        "Disturbance Cause Type ": "Demolition/Destruction",
        "Disturbance Date From": "None",
        "Disturbance Date Occurred Before": "2013-07-30",
        "Disturbance Date Occurred On ": "None",
        "Disturbance Date To ": "None",
        "EAMENA ID": "EAMENA-0178883",
        "Effect Certainty": null,
        "Effect Type": null,
        "Fetch Type": null,
        "GE Imagery Acquisition Date": null,
        "General Description": null,
        "General Description Type": null,
        "Geometry Extent Certainty": "",
        "Geometry Qualifier": "",
        "Google Earth Assessment": "None, None",
        "Grid ID": ", E14N31-33",
        "Heritage Place Function": "Funerary/Memorial",
        "Heritage Place Function Certainty ": "Medium",
        "Heritage Place Resource Instance": null,
        "Heritage Place Type": "Structural Heritage",
        "Imagery Acquisition Date": null,
        "Information Resource": null,
        "Information Resource Acquisition Date": null,
        "Intervention Activity Type": null,
        "Investigator Role Type": "EAMENA Project Staff, EAMENA Project Staff",
        "Land Cover Assessment Date": null,
        "Land Cover Type": null,
        "Location Certainty": "High",
        "Material Class": null,
        "Material Type": null,
        "Maximum Depth/Min Elevation": null,
        "Measurement Number": null,
        "Measurement Source Type ": null,
        "Measurement Unit": null,
        "Minimum Depth/Max Elevation": null,
        "Name Type": "Alternative Reference",
        "Overall Archaeological Certainty Value ": "Medium",
        "Overall Condition State Type": "Destroyed",
        "Overall Site Morphology Type": "Positive/Built Feature",
        "Overall Site Shape Type": "Rectangular/Square, ",
        "Priority Type": null,
        "Recommendation Type": null,
        "Related Geoarchaeology/Palaeolandscape": null,
        "Resource Name": "BUL014",
        "Resource Orientation": ", ",
        "Restricted Access Record Designation": null,
        "SH Date From": null,
        "SH Date to": null,
        "Site Feature Arrangement Type": "Discrete",
        "Site Feature Form Type": "Structure",
        "Site Feature Form Type Certainty": "High",
        "Site Feature Interpretation Certainty": "High",
        "Site Feature Interpretation Number Type": "1",
        "Site Feature Interpretation Type": "Mosque/Imam/Marabout",
        "Site Feature Number Type": "1",
        "Site Feature Shape Type": "Rectangular/Square",
        "Spatial Coordinates Ref System": "None",
        "Surficial Geology Type": null,
        "Threat Category": "",
        "Threat Cause Type": "",
        "Threat Inference Making Assessor Name - Actor": "Louise Rayne",
        "Threat Probability ": "",
        "Tidal Range": null,
        "Topography Type": null,
        "Wave Climate": null
      },
      "type": "Feature"
    },
    {
      "geometry": {
        "coordinates": [
          14.051155,
          31.766175
        ],
        "type": "Point"
      },
      "properties": {
        "AH Date From": null,
        "AH Date To": null,
        "Address": null,
        "Address Type": null,
        "Administrative Division ": null,
        "Administrative Division Type": null,
        "Archaeological From Date": null,
        "Archaeological To Date": null,
        "Assessment Activity Date": "2019-07-17, 2020-05-01",
        "Assessment Activity Type": "Literature Interpretation/Digitisation, Condition Assessment (Image Interpretation)",
        "Assessment Investigator - Actor": "Nichole Sheldrick, Nichole Sheldrick",
        "BP Date From": null,
        "BP Date To": null,
        "Bedrock Geology Type": null,
        "Built Component": null,
        "Cadastral Reference": "None",
        "Construction Technique": null,
        "Country Type": "Libya",
        "Cultural Period Certainty": "Possible, Possible",
        "Cultural Period Type": "Contemporary Islamic (MENA), Islamic (North Africa)",
        "Cultural Sub-period Certainty": "Possible, Possible",
        "Cultural Sub-period Type": "Unknown, Unknown",
        "Damage Extent Type": "Unknown",
        "Date Inference Making Actor Name": "UNESCO Libyan Valleys Survey Gazetteer, UNESCO Libyan Valleys Survey Gazetteer",
        "Datum Description/EPSG code": null,
        "Datum Type": null,
        "Depositional Process": null,
        "Designation": null,
        "Designation From Date": null,
        "Designation To Date": null,
        "Detailed Condition Assessments": null,
        "Dimension Type": null,
        "Disturbance Cause Assignment Assessor Name - Actor": "Nichole Sheldrick",
        "Disturbance Cause Category Type": "Building and Development",
        "Disturbance Cause Certainty ": "Not Applicable",
        "Disturbance Cause Type ": "Unknown",
        "Disturbance Date From": "2009-10-19",
        "Disturbance Date Occurred Before": "None",
        "Disturbance Date Occurred On ": "None",
        "Disturbance Date To ": "2020-02-14",
        "EAMENA ID": "EAMENA-0189414",
        "Effect Certainty": "Not Applicable",
        "Effect Type": "Unknown",
        "Fetch Type": null,
        "GE Imagery Acquisition Date": null,
        "General Description": null,
        "General Description Type": null,
        "Geometry Extent Certainty": "Negligible",
        "Geometry Qualifier": "",
        "Google Earth Assessment": "None, None",
        "Grid ID": "E14N31-33",
        "Heritage Place Function": "Domestic",
        "Heritage Place Function Certainty ": "Definite",
        "Heritage Place Resource Instance": null,
        "Heritage Place Type": "Archaeological Site",
        "Imagery Acquisition Date": null,
        "Information Resource": null,
        "Information Resource Acquisition Date": null,
        "Intervention Activity Type": null,
        "Investigator Role Type": "EAMENA Project Staff, EAMENA Project Staff",
        "Land Cover Assessment Date": null,
        "Land Cover Type": null,
        "Location Certainty": "Medium",
        "Material Class": null,
        "Material Type": null,
        "Maximum Depth/Min Elevation": null,
        "Measurement Number": null,
        "Measurement Source Type ": null,
        "Measurement Unit": null,
        "Minimum Depth/Max Elevation": null,
        "Name Type": "Alternative Reference, Alternative Reference, Toponym, Alternative Reference, Alternative Reference",
        "Overall Archaeological Certainty Value ": "High",
        "Overall Condition State Type": "Good",
        "Overall Site Morphology Type": "Positive/Built Feature",
        "Overall Site Shape Type": "",
        "Priority Type": null,
        "Recommendation Type": null,
        "Related Geoarchaeology/Palaeolandscape": null,
        "Resource Name": "Md221, Md 00221, Haddad, BUL015, BUL016",
        "Resource Orientation": "",
        "Restricted Access Record Designation": null,
        "SH Date From": null,
        "SH Date to": null,
        "Site Feature Arrangement Type": null,
        "Site Feature Form Type": null,
        "Site Feature Form Type Certainty": null,
        "Site Feature Interpretation Certainty": "Definite",
        "Site Feature Interpretation Number Type": "1",
        "Site Feature Interpretation Type": "Settlement/Habitation Site",
        "Site Feature Number Type": null,
        "Site Feature Shape Type": null,
        "Spatial Coordinates Ref System": "None",
        "Surficial Geology Type": null,
        "Threat Category": "Building and Development",
        "Threat Cause Type": "Unknown",
        "Threat Inference Making Assessor Name - Actor": "Nichole Sheldrick",
        "Threat Probability ": "Possible",
        "Tidal Range": null,
        "Topography Type": "Unknown",
        "Wave Climate": null
      },
      "type": "Feature"
    },
    {
      "geometry": {
        "coordinates": [
          14.050303,
          31.765783
        ],
        "type": "Point"
      },
      "properties": {
        "AH Date From": null,
        "AH Date To": null,
        "Address": null,
        "Address Type": null,
        "Administrative Division ": null,
        "Administrative Division Type": null,
        "Archaeological From Date": null,
        "Archaeological To Date": null,
        "Assessment Activity Date": "2016-02-29",
        "Assessment Activity Type": "Desk-based",
        "Assessment Investigator - Actor": "Nichole Sheldrick",
        "BP Date From": null,
        "BP Date To": null,
        "Bedrock Geology Type": null,
        "Built Component": null,
        "Cadastral Reference": "None",
        "Construction Technique": null,
        "Country Type": "Libya",
        "Cultural Period Certainty": "Probable",
        "Cultural Period Type": "Classical/Protohistoric/Pre-Islamic (North Africa)",
        "Cultural Sub-period Certainty": "Probable",
        "Cultural Sub-period Type": "Roman Imperial (North Africa)",
        "Damage Extent Type": "Unknown",
        "Date Inference Making Actor Name": "None",
        "Datum Description/EPSG code": null,
        "Datum Type": null,
        "Depositional Process": null,
        "Designation": null,
        "Designation From Date": null,
        "Designation To Date": null,
        "Detailed Condition Assessments": null,
        "Dimension Type": null,
        "Disturbance Cause Assignment Assessor Name - Actor": "None",
        "Disturbance Cause Category Type": "Unknown",
        "Disturbance Cause Certainty ": "Not Applicable",
        "Disturbance Cause Type ": "Unknown",
        "Disturbance Date From": "None",
        "Disturbance Date Occurred Before": "None",
        "Disturbance Date Occurred On ": "None",
        "Disturbance Date To ": "None",
        "EAMENA ID": "EAMENA-0086419",
        "Effect Certainty": "Not Applicable",
        "Effect Type": "Unknown",
        "Fetch Type": null,
        "GE Imagery Acquisition Date": null,
        "General Description": null,
        "General Description Type": null,
        "Geometry Extent Certainty": "Negligible",
        "Geometry Qualifier": "Center Point",
        "Google Earth Assessment": "None",
        "Grid ID": "E14N31-33",
        "Heritage Place Function": "Domestic, Agricultural/Pastoral",
        "Heritage Place Function Certainty ": "High, High",
        "Heritage Place Resource Instance": null,
        "Heritage Place Type": "Archaeological Site",
        "Imagery Acquisition Date": null,
        "Information Resource": null,
        "Information Resource Acquisition Date": null,
        "Intervention Activity Type": null,
        "Investigator Role Type": "",
        "Land Cover Assessment Date": null,
        "Land Cover Type": null,
        "Location Certainty": "Negligible",
        "Material Class": null,
        "Material Type": null,
        "Maximum Depth/Min Elevation": null,
        "Measurement Number": null,
        "Measurement Source Type ": null,
        "Measurement Unit": null,
        "Minimum Depth/Max Elevation": null,
        "Name Type": "Alternative Reference, Designation, Alternative Reference, Alternative Reference",
        "Overall Archaeological Certainty Value ": "Definite",
        "Overall Condition State Type": "Unknown",
        "Overall Site Morphology Type": "Positive/Built Feature",
        "Overall Site Shape Type": "Unknown",
        "Priority Type": null,
        "Recommendation Type": null,
        "Related Geoarchaeology/Palaeolandscape": null,
        "Resource Name": "Md220-f1, E14N31-33_000004, Md220-f2, BUL013",
        "Resource Orientation": "",
        "Restricted Access Record Designation": null,
        "SH Date From": null,
        "SH Date to": null,
        "Site Feature Arrangement Type": "Clustered",
        "Site Feature Form Type": "Structure",
        "Site Feature Form Type Certainty": "Definite",
        "Site Feature Interpretation Certainty": "High, High",
        "Site Feature Interpretation Number Type": "2 to 5, 1",
        "Site Feature Interpretation Type": "Farm Building, Settlement/Habitation Site",
        "Site Feature Number Type": "2 to 5",
        "Site Feature Shape Type": "Unknown",
        "Spatial Coordinates Ref System": "",
        "Surficial Geology Type": null,
        "Threat Category": "Unknown",
        "Threat Cause Type": "Unknown",
        "Threat Inference Making Assessor Name - Actor": "None",
        "Threat Probability ": "Not Applicable",
        "Tidal Range": null,
        "Topography Type": null,
        "Wave Climate": null
      },
      "type": "Feature"
    },
    {
      "geometry": {
        "coordinates": [
          14.061934,
          31.786063
        ],
        "type": "Point"
      },
      "properties": {
        "AH Date From": null,
        "AH Date To": null,
        "Address": null,
        "Address Type": null,
        "Administrative Division ": null,
        "Administrative Division Type": null,
        "Archaeological From Date": null,
        "Archaeological To Date": null,
        "Assessment Activity Date": "2020-05-01, 2019-07-17",
        "Assessment Activity Type": "Condition Assessment (Image Interpretation), Literature Interpretation/Digitisation",
        "Assessment Investigator - Actor": "Nichole Sheldrick, Nichole Sheldrick",
        "BP Date From": null,
        "BP Date To": null,
        "Bedrock Geology Type": null,
        "Built Component": null,
        "Cadastral Reference": "None",
        "Construction Technique": null,
        "Country Type": "Libya",
        "Cultural Period Certainty": "Possible",
        "Cultural Period Type": "Classical/Protohistoric/Pre-Islamic (North Africa)",
        "Cultural Sub-period Certainty": "Possible",
        "Cultural Sub-period Type": "Roman/Late Antique (North Africa)",
        "Damage Extent Type": "91-100%",
        "Date Inference Making Actor Name": "UNESCO Libyan Valleys Survey Gazetteer",
        "Datum Description/EPSG code": null,
        "Datum Type": null,
        "Depositional Process": null,
        "Designation": null,
        "Designation From Date": null,
        "Designation To Date": null,
        "Detailed Condition Assessments": null,
        "Dimension Type": null,
        "Disturbance Cause Assignment Assessor Name - Actor": "Nichole Sheldrick",
        "Disturbance Cause Category Type": "Infrastructure/Transport",
        "Disturbance Cause Certainty ": "High",
        "Disturbance Cause Type ": "Road/Track",
        "Disturbance Date From": "1980-01-01",
        "Disturbance Date Occurred Before": "2020-05-01",
        "Disturbance Date Occurred On ": "None",
        "Disturbance Date To ": "2009-10-19",
        "EAMENA ID": "EAMENA-0189422",
        "Effect Certainty": "High, High",
        "Effect Type": "Alteration of Terrain, Collapse/Structural Damage",
        "Fetch Type": null,
        "GE Imagery Acquisition Date": null,
        "General Description": null,
        "General Description Type": null,
        "Geometry Extent Certainty": "Negligible",
        "Geometry Qualifier": "",
        "Google Earth Assessment": "None, None",
        "Grid ID": "E14N31-33",
        "Heritage Place Function": "Hydrological",
        "Heritage Place Function Certainty ": "Definite",
        "Heritage Place Resource Instance": null,
        "Heritage Place Type": "Archaeological Site",
        "Imagery Acquisition Date": null,
        "Information Resource": null,
        "Information Resource Acquisition Date": null,
        "Intervention Activity Type": null,
        "Investigator Role Type": "EAMENA Project Staff, EAMENA Project Staff",
        "Land Cover Assessment Date": null,
        "Land Cover Type": null,
        "Location Certainty": "Medium",
        "Material Class": null,
        "Material Type": null,
        "Maximum Depth/Min Elevation": null,
        "Measurement Number": null,
        "Measurement Source Type ": null,
        "Measurement Unit": null,
        "Minimum Depth/Max Elevation": null,
        "Name Type": "Alternative Reference, Alternative Reference, Alternative Reference",
        "Overall Archaeological Certainty Value ": "High",
        "Overall Condition State Type": "Destroyed",
        "Overall Site Morphology Type": "Positive/Built Feature",
        "Overall Site Shape Type": "",
        "Priority Type": null,
        "Recommendation Type": null,
        "Related Geoarchaeology/Palaeolandscape": null,
        "Resource Name": "Md240, Md 00240, BUL027",
        "Resource Orientation": "",
        "Restricted Access Record Designation": null,
        "SH Date From": null,
        "SH Date to": null,
        "Site Feature Arrangement Type": null,
        "Site Feature Form Type": null,
        "Site Feature Form Type Certainty": null,
        "Site Feature Interpretation Certainty": "Definite",
        "Site Feature Interpretation Number Type": "Unknown",
        "Site Feature Interpretation Type": "Wadi Wall",
        "Site Feature Number Type": null,
        "Site Feature Shape Type": null,
        "Spatial Coordinates Ref System": "",
        "Surficial Geology Type": null,
        "Threat Category": "Not Applicable",
        "Threat Cause Type": "No Visible/Known",
        "Threat Inference Making Assessor Name - Actor": "Nichole Sheldrick",
        "Threat Probability ": "Not Applicable",
        "Tidal Range": null,
        "Topography Type": "Watercourse Bed",
        "Wave Climate": null
      },
      "type": "Feature"
    },
    {
      "geometry": {
        "coordinates": [
          14.065789,
          31.766562
        ],
        "type": "Point"
      },
      "properties": {
        "AH Date From": null,
        "AH Date To": null,
        "Address": null,
        "Address Type": null,
        "Administrative Division ": null,
        "Administrative Division Type": null,
        "Archaeological From Date": null,
        "Archaeological To Date": null,
        "Assessment Activity Date": "2021-12-23, 2021-12-23",
        "Assessment Activity Type": "Archaeological Assessment (Image Interpretation), Condition Assessment (Image Interpretation)",
        "Assessment Investigator - Actor": "Thomas Millington, Thomas Millington",
        "BP Date From": null,
        "BP Date To": null,
        "Bedrock Geology Type": null,
        "Built Component": null,
        "Cadastral Reference": "None",
        "Construction Technique": null,
        "Country Type": "Libya",
        "Cultural Period Certainty": "Not Applicable",
        "Cultural Period Type": "Unknown",
        "Cultural Sub-period Certainty": null,
        "Cultural Sub-period Type": null,
        "Damage Extent Type": "91-100%",
        "Date Inference Making Actor Name": "Thomas Millington",
        "Datum Description/EPSG code": null,
        "Datum Type": null,
        "Depositional Process": null,
        "Designation": null,
        "Designation From Date": null,
        "Designation To Date": null,
        "Detailed Condition Assessments": null,
        "Dimension Type": null,
        "Disturbance Cause Assignment Assessor Name - Actor": "Thomas Millington, Thomas Millington",
        "Disturbance Cause Category Type": "Building and Development, Hydraulic Use",
        "Disturbance Cause Certainty ": "High, High",
        "Disturbance Cause Type ": "Construction, Cable/Pipe Laying",
        "Disturbance Date From": "None, 1990-12-01",
        "Disturbance Date Occurred Before": "2009-10-19, None",
        "Disturbance Date Occurred On ": "None, None",
        "Disturbance Date To ": "None, None",
        "EAMENA ID": "EAMENA-0194838",
        "Effect Certainty": "High, High",
        "Effect Type": "Loss/Removal of Archaeological Material, Loss/Removal of Archaeological Material",
        "Fetch Type": null,
        "GE Imagery Acquisition Date": "1972-01-01, 2021-09-22",
        "General Description": null,
        "General Description Type": null,
        "Geometry Extent Certainty": "Negligible",
        "Geometry Qualifier": "Center Point",
        "Google Earth Assessment": "True, True",
        "Grid ID": "E14N31-33",
        "Heritage Place Function": "Agricultural/Pastoral",
        "Heritage Place Function Certainty ": "High",
        "Heritage Place Resource Instance": null,
        "Heritage Place Type": "Archaeological Site",
        "Imagery Acquisition Date": null,
        "Information Resource": null,
        "Information Resource Acquisition Date": null,
        "Intervention Activity Type": null,
        "Investigator Role Type": "Volunteer/Independent Researcher, Volunteer/Independent Researcher",
        "Land Cover Assessment Date": "2021-09-22",
        "Land Cover Type": "Built-up",
        "Location Certainty": "High",
        "Material Class": null,
        "Material Type": null,
        "Maximum Depth/Min Elevation": null,
        "Measurement Number": null,
        "Measurement Source Type ": null,
        "Measurement Unit": null,
        "Minimum Depth/Max Elevation": null,
        "Name Type": "Alternative Reference, Alternative Reference",
        "Overall Archaeological Certainty Value ": "High",
        "Overall Condition State Type": "Destroyed",
        "Overall Site Morphology Type": "Positive/Built Feature",
        "Overall Site Shape Type": "Sub-circular",
        "Priority Type": null,
        "Recommendation Type": null,
        "Related Geoarchaeology/Palaeolandscape": null,
        "Resource Name": "TM E14N31-33_1952, BUL026",
        "Resource Orientation": "",
        "Restricted Access Record Designation": null,
        "SH Date From": null,
        "SH Date to": null,
        "Site Feature Arrangement Type": "Discrete",
        "Site Feature Form Type": "Bank/Wall",
        "Site Feature Form Type Certainty": "High",
        "Site Feature Interpretation Certainty": "High",
        "Site Feature Interpretation Number Type": "1",
        "Site Feature Interpretation Type": "Enclosure",
        "Site Feature Number Type": "1",
        "Site Feature Shape Type": "Sub-circular",
        "Spatial Coordinates Ref System": "None",
        "Surficial Geology Type": null,
        "Threat Category": "Not Applicable",
        "Threat Cause Type": "No Visible/Known",
        "Threat Inference Making Assessor Name - Actor": "Thomas Millington",
        "Threat Probability ": "Not Applicable",
        "Tidal Range": null,
        "Topography Type": "Plain/Plateau",
        "Wave Climate": null
      },
      "type": "Feature"
    },
    {
      "geometry": {
        "coordinates": [
          14.055605,
          31.779872
        ],
        "type": "Point"
      },
      "properties": {
        "AH Date From": null,
        "AH Date To": null,
        "Address": null,
        "Address Type": null,
        "Administrative Division ": null,
        "Administrative Division Type": null,
        "Archaeological From Date": null,
        "Archaeological To Date": null,
        "Assessment Activity Date": "2016-03-10",
        "Assessment Activity Type": "Desk-based",
        "Assessment Investigator - Actor": "Nichole Sheldrick",
        "BP Date From": null,
        "BP Date To": null,
        "Bedrock Geology Type": null,
        "Built Component": null,
        "Cadastral Reference": "None, None",
        "Construction Technique": null,
        "Country Type": "Libya, ",
        "Cultural Period Certainty": "Possible, Possible, Possible",
        "Cultural Period Type": "Classical/Protohistoric/Pre-Islamic (North Africa), Classical/Protohistoric/Pre-Islamic (North Africa), Classical/Protohistoric/Pre-Islamic (North Africa)",
        "Cultural Sub-period Certainty": "Possible, Possible, Possible",
        "Cultural Sub-period Type": "Roman Imperial, Late (North Africa), Byzantine (Maghreb), Vandal (Maghreb)",
        "Damage Extent Type": "Unknown",
        "Date Inference Making Actor Name": "None, None, None",
        "Datum Description/EPSG code": null,
        "Datum Type": null,
        "Depositional Process": null,
        "Designation": null,
        "Designation From Date": null,
        "Designation To Date": null,
        "Detailed Condition Assessments": null,
        "Dimension Type": null,
        "Disturbance Cause Assignment Assessor Name - Actor": "None",
        "Disturbance Cause Category Type": "Unknown",
        "Disturbance Cause Certainty ": "Not Applicable",
        "Disturbance Cause Type ": "Unknown",
        "Disturbance Date From": "None",
        "Disturbance Date Occurred Before": "None",
        "Disturbance Date Occurred On ": "None",
        "Disturbance Date To ": "None",
        "EAMENA ID": "EAMENA-0087045",
        "Effect Certainty": "High",
        "Effect Type": "Collapse/Structural Damage",
        "Fetch Type": null,
        "GE Imagery Acquisition Date": null,
        "General Description": null,
        "General Description Type": null,
        "Geometry Extent Certainty": "Negligible",
        "Geometry Qualifier": "",
        "Google Earth Assessment": "None",
        "Grid ID": ", E14N31-33",
        "Heritage Place Function": "Domestic, Defensive/Fortification, Agricultural/Pastoral",
        "Heritage Place Function Certainty ": "High, High, High",
        "Heritage Place Resource Instance": null,
        "Heritage Place Type": "Archaeological Site",
        "Imagery Acquisition Date": null,
        "Information Resource": null,
        "Information Resource Acquisition Date": null,
        "Intervention Activity Type": null,
        "Investigator Role Type": "",
        "Land Cover Assessment Date": null,
        "Land Cover Type": null,
        "Location Certainty": "Medium",
        "Material Class": null,
        "Material Type": null,
        "Maximum Depth/Min Elevation": null,
        "Measurement Number": null,
        "Measurement Source Type ": null,
        "Measurement Unit": null,
        "Minimum Depth/Max Elevation": null,
        "Name Type": "Toponym, Alternative Reference, Designation, Alternative Reference",
        "Overall Archaeological Certainty Value ": "Definite",
        "Overall Condition State Type": "Unknown",
        "Overall Site Morphology Type": "Positive/Built Feature",
        "Overall Site Shape Type": "Unknown, ",
        "Priority Type": null,
        "Recommendation Type": null,
        "Related Geoarchaeology/Palaeolandscape": null,
        "Resource Name": "Gasr Ziadda, Md231-g?, E14N31-33_000038, BUL022",
        "Resource Orientation": ", ",
        "Restricted Access Record Designation": null,
        "SH Date From": null,
        "SH Date to": null,
        "Site Feature Arrangement Type": "Unknown",
        "Site Feature Form Type": "Tower",
        "Site Feature Form Type Certainty": "Medium",
        "Site Feature Interpretation Certainty": "High, High",
        "Site Feature Interpretation Number Type": "1, 1",
        "Site Feature Interpretation Type": "Settlement/Habitation Site, Farm Building",
        "Site Feature Number Type": "1",
        "Site Feature Shape Type": "Unknown",
        "Spatial Coordinates Ref System": "None",
        "Surficial Geology Type": null,
        "Threat Category": "Unknown",
        "Threat Cause Type": "Unknown",
        "Threat Inference Making Assessor Name - Actor": "None",
        "Threat Probability ": "Not Applicable",
        "Tidal Range": null,
        "Topography Type": "Slopes, Watercourse Banks",
        "Wave Climate": null
      },
      "type": "Feature"
    },
    {
      "geometry": {
        "coordinates": [
          14.053885,
          31.777946
        ],
        "type": "Point"
      },
      "properties": {
        "AH Date From": null,
        "AH Date To": null,
        "Address": null,
        "Address Type": null,
        "Administrative Division ": null,
        "Administrative Division Type": null,
        "Archaeological From Date": null,
        "Archaeological To Date": null,
        "Assessment Activity Date": "2019-07-17",
        "Assessment Activity Type": "Literature Interpretation/Digitisation",
        "Assessment Investigator - Actor": "Nichole Sheldrick",
        "BP Date From": null,
        "BP Date To": null,
        "Bedrock Geology Type": null,
        "Built Component": null,
        "Cadastral Reference": "None",
        "Construction Technique": null,
        "Country Type": "Libya",
        "Cultural Period Certainty": "Possible, Possible, Possible",
        "Cultural Period Type": "Classical/Protohistoric/Pre-Islamic (North Africa), Islamic (North Africa), Classical/Protohistoric/Pre-Islamic (North Africa)",
        "Cultural Sub-period Certainty": "Possible, Possible, Possible",
        "Cultural Sub-period Type": "Roman/Late Antique (North Africa), Roman Imperial, Late (North Africa), Unknown",
        "Damage Extent Type": "Unknown",
        "Date Inference Making Actor Name": "UNESCO Libyan Valleys Survey Gazetteer, UNESCO Libyan Valleys Survey Gazetteer, UNESCO Libyan Valleys Survey Gazetteer",
        "Datum Description/EPSG code": null,
        "Datum Type": null,
        "Depositional Process": null,
        "Designation": null,
        "Designation From Date": null,
        "Designation To Date": null,
        "Detailed Condition Assessments": null,
        "Dimension Type": null,
        "Disturbance Cause Assignment Assessor Name - Actor": "Nichole Sheldrick",
        "Disturbance Cause Category Type": "Unknown",
        "Disturbance Cause Certainty ": "Not Applicable",
        "Disturbance Cause Type ": "Unknown",
        "Disturbance Date From": "None",
        "Disturbance Date Occurred Before": "None",
        "Disturbance Date Occurred On ": "None",
        "Disturbance Date To ": "None",
        "EAMENA ID": "EAMENA-0189418",
        "Effect Certainty": "Not Applicable",
        "Effect Type": "Unknown",
        "Fetch Type": null,
        "GE Imagery Acquisition Date": null,
        "General Description": null,
        "General Description Type": null,
        "Geometry Extent Certainty": "Negligible",
        "Geometry Qualifier": "",
        "Google Earth Assessment": "None",
        "Grid ID": "E14N31-33",
        "Heritage Place Function": "Domestic",
        "Heritage Place Function Certainty ": "Definite",
        "Heritage Place Resource Instance": null,
        "Heritage Place Type": "Archaeological Site",
        "Imagery Acquisition Date": null,
        "Information Resource": null,
        "Information Resource Acquisition Date": null,
        "Intervention Activity Type": null,
        "Investigator Role Type": "EAMENA Project Staff",
        "Land Cover Assessment Date": null,
        "Land Cover Type": null,
        "Location Certainty": "Low",
        "Material Class": null,
        "Material Type": null,
        "Maximum Depth/Min Elevation": null,
        "Measurement Number": null,
        "Measurement Source Type ": null,
        "Measurement Unit": null,
        "Minimum Depth/Max Elevation": null,
        "Name Type": "Alternative Reference, Alternative Reference, Toponym, Alternative Reference",
        "Overall Archaeological Certainty Value ": "High",
        "Overall Condition State Type": "Unknown",
        "Overall Site Morphology Type": "Positive/Built Feature",
        "Overall Site Shape Type": "",
        "Priority Type": null,
        "Recommendation Type": null,
        "Related Geoarchaeology/Palaeolandscape": null,
        "Resource Name": "Md230, Md 00230, Ziadda, BUL021",
        "Resource Orientation": "",
        "Restricted Access Record Designation": null,
        "SH Date From": null,
        "SH Date to": null,
        "Site Feature Arrangement Type": null,
        "Site Feature Form Type": null,
        "Site Feature Form Type Certainty": null,
        "Site Feature Interpretation Certainty": "Definite",
        "Site Feature Interpretation Number Type": "1",
        "Site Feature Interpretation Type": "Settlement/Habitation Site",
        "Site Feature Number Type": null,
        "Site Feature Shape Type": null,
        "Spatial Coordinates Ref System": "None",
        "Surficial Geology Type": null,
        "Threat Category": "Unknown",
        "Threat Cause Type": "Unknown",
        "Threat Inference Making Assessor Name - Actor": "Nichole Sheldrick",
        "Threat Probability ": "Not Applicable",
        "Tidal Range": null,
        "Topography Type": "Unknown",
        "Wave Climate": null
      },
      "type": "Feature"
    },
    {
      "geometry": {
        "coordinates": [
          14.058123,
          31.78194
        ],
        "type": "Point"
      },
      "properties": {
        "AH Date From": null,
        "AH Date To": null,
        "Address": null,
        "Address Type": null,
        "Administrative Division ": null,
        "Administrative Division Type": null,
        "Archaeological From Date": null,
        "Archaeological To Date": null,
        "Assessment Activity Date": "2019-07-17, 2020-05-01",
        "Assessment Activity Type": "Literature Interpretation/Digitisation, Condition Assessment (Image Interpretation)",
        "Assessment Investigator - Actor": "Nichole Sheldrick, Nichole Sheldrick",
        "BP Date From": null,
        "BP Date To": null,
        "Bedrock Geology Type": null,
        "Built Component": null,
        "Cadastral Reference": "None",
        "Construction Technique": null,
        "Country Type": "Libya",
        "Cultural Period Certainty": "Possible",
        "Cultural Period Type": "Islamic (North Africa)",
        "Cultural Sub-period Certainty": "Possible",
        "Cultural Sub-period Type": "Unknown",
        "Damage Extent Type": "Unknown",
        "Date Inference Making Actor Name": "UNESCO Libyan Valleys Survey Gazetteer",
        "Datum Description/EPSG code": null,
        "Datum Type": null,
        "Depositional Process": null,
        "Designation": null,
        "Designation From Date": null,
        "Designation To Date": null,
        "Detailed Condition Assessments": null,
        "Dimension Type": null,
        "Disturbance Cause Assignment Assessor Name - Actor": "Nichole Sheldrick",
        "Disturbance Cause Category Type": "Building and Development",
        "Disturbance Cause Certainty ": "Not Applicable",
        "Disturbance Cause Type ": "Unknown",
        "Disturbance Date From": "2009-10-19",
        "Disturbance Date Occurred Before": "None",
        "Disturbance Date Occurred On ": "None",
        "Disturbance Date To ": "2020-02-14",
        "EAMENA ID": "EAMENA-0189419",
        "Effect Certainty": "Not Applicable",
        "Effect Type": "Unknown",
        "Fetch Type": null,
        "GE Imagery Acquisition Date": null,
        "General Description": null,
        "General Description Type": null,
        "Geometry Extent Certainty": "Negligible",
        "Geometry Qualifier": "",
        "Google Earth Assessment": "None, None",
        "Grid ID": "E14N31-33",
        "Heritage Place Function": "Domestic",
        "Heritage Place Function Certainty ": "Definite",
        "Heritage Place Resource Instance": null,
        "Heritage Place Type": "Archaeological Site",
        "Imagery Acquisition Date": null,
        "Information Resource": null,
        "Information Resource Acquisition Date": null,
        "Intervention Activity Type": null,
        "Investigator Role Type": "EAMENA Project Staff, EAMENA Project Staff",
        "Land Cover Assessment Date": null,
        "Land Cover Type": null,
        "Location Certainty": "Medium",
        "Material Class": null,
        "Material Type": null,
        "Maximum Depth/Min Elevation": null,
        "Measurement Number": null,
        "Measurement Source Type ": null,
        "Measurement Unit": null,
        "Minimum Depth/Max Elevation": null,
        "Name Type": "Alternative Reference, Alternative Reference, Toponym, Alternative Reference",
        "Overall Archaeological Certainty Value ": "High",
        "Overall Condition State Type": "Good",
        "Overall Site Morphology Type": "Positive/Built Feature",
        "Overall Site Shape Type": "",
        "Priority Type": null,
        "Recommendation Type": null,
        "Related Geoarchaeology/Palaeolandscape": null,
        "Resource Name": "Md236, Md 00236, Uled Sidi Selim, BUL023",
        "Resource Orientation": "",
        "Restricted Access Record Designation": null,
        "SH Date From": null,
        "SH Date to": null,
        "Site Feature Arrangement Type": null,
        "Site Feature Form Type": null,
        "Site Feature Form Type Certainty": null,
        "Site Feature Interpretation Certainty": "Definite",
        "Site Feature Interpretation Number Type": "1",
        "Site Feature Interpretation Type": "Settlement/Habitation Site",
        "Site Feature Number Type": null,
        "Site Feature Shape Type": null,
        "Spatial Coordinates Ref System": "None",
        "Surficial Geology Type": null,
        "Threat Category": "Building and Development",
        "Threat Cause Type": "Unknown",
        "Threat Inference Making Assessor Name - Actor": "Nichole Sheldrick",
        "Threat Probability ": "Possible",
        "Tidal Range": null,
        "Topography Type": "Unknown",
        "Wave Climate": null
      },
      "type": "Feature"
    },
    {
      "geometry": {
        "coordinates": [
          14.059591,
          31.783596
        ],
        "type": "Point"
      },
      "properties": {
        "AH Date From": null,
        "AH Date To": null,
        "Address": null,
        "Address Type": null,
        "Administrative Division ": null,
        "Administrative Division Type": null,
        "Archaeological From Date": null,
        "Archaeological To Date": null,
        "Assessment Activity Date": "2016-02-29",
        "Assessment Activity Type": "Desk-based",
        "Assessment Investigator - Actor": "Nichole Sheldrick",
        "BP Date From": null,
        "BP Date To": null,
        "Bedrock Geology Type": null,
        "Built Component": null,
        "Cadastral Reference": "None",
        "Construction Technique": null,
        "Country Type": "Libya",
        "Cultural Period Certainty": "Probable",
        "Cultural Period Type": "Classical/Protohistoric/Pre-Islamic (North Africa)",
        "Cultural Sub-period Certainty": "Probable",
        "Cultural Sub-period Type": "Roman Imperial (North Africa)",
        "Damage Extent Type": "Unknown",
        "Date Inference Making Actor Name": "None",
        "Datum Description/EPSG code": null,
        "Datum Type": null,
        "Depositional Process": null,
        "Designation": null,
        "Designation From Date": null,
        "Designation To Date": null,
        "Detailed Condition Assessments": null,
        "Dimension Type": null,
        "Disturbance Cause Assignment Assessor Name - Actor": "None",
        "Disturbance Cause Category Type": "Unknown",
        "Disturbance Cause Certainty ": "Not Applicable",
        "Disturbance Cause Type ": "Unknown",
        "Disturbance Date From": "None",
        "Disturbance Date Occurred Before": "None",
        "Disturbance Date Occurred On ": "None",
        "Disturbance Date To ": "None",
        "EAMENA ID": "EAMENA-0086427",
        "Effect Certainty": "Not Applicable",
        "Effect Type": "Unknown",
        "Fetch Type": null,
        "GE Imagery Acquisition Date": null,
        "General Description": null,
        "General Description Type": null,
        "Geometry Extent Certainty": "",
        "Geometry Qualifier": "",
        "Google Earth Assessment": "None",
        "Grid ID": "E14N31-33",
        "Heritage Place Function": "Domestic, Agricultural/Pastoral",
        "Heritage Place Function Certainty ": "High, High",
        "Heritage Place Resource Instance": null,
        "Heritage Place Type": "Archaeological Site",
        "Imagery Acquisition Date": null,
        "Information Resource": null,
        "Information Resource Acquisition Date": null,
        "Intervention Activity Type": null,
        "Investigator Role Type": "",
        "Land Cover Assessment Date": null,
        "Land Cover Type": null,
        "Location Certainty": "Negligible",
        "Material Class": null,
        "Material Type": null,
        "Maximum Depth/Min Elevation": null,
        "Measurement Number": null,
        "Measurement Source Type ": null,
        "Measurement Unit": null,
        "Minimum Depth/Max Elevation": null,
        "Name Type": "Alternative Reference, Designation, Alternative Reference",
        "Overall Archaeological Certainty Value ": "Definite",
        "Overall Condition State Type": "Unknown",
        "Overall Site Morphology Type": "Positive/Built Feature",
        "Overall Site Shape Type": "Unknown",
        "Priority Type": null,
        "Recommendation Type": null,
        "Related Geoarchaeology/Palaeolandscape": null,
        "Resource Name": "Md238-f, E14N31-33_000011, BUL024",
        "Resource Orientation": "",
        "Restricted Access Record Designation": null,
        "SH Date From": null,
        "SH Date to": null,
        "Site Feature Arrangement Type": "Isolated",
        "Site Feature Form Type": "Structure",
        "Site Feature Form Type Certainty": "Definite",
        "Site Feature Interpretation Certainty": "High, High",
        "Site Feature Interpretation Number Type": "1, 1",
        "Site Feature Interpretation Type": "Farm Building, Settlement/Habitation Site",
        "Site Feature Number Type": "1",
        "Site Feature Shape Type": "Unknown",
        "Spatial Coordinates Ref System": "None",
        "Surficial Geology Type": null,
        "Threat Category": "Unknown",
        "Threat Cause Type": "Unknown",
        "Threat Inference Making Assessor Name - Actor": "None",
        "Threat Probability ": "Not Applicable",
        "Tidal Range": null,
        "Topography Type": null,
        "Wave Climate": null
      },
      "type": "Feature"
    },
    {
      "geometry": {
        "coordinates": [
          14.059712,
          31.783886
        ],
        "type": "Point"
      },
      "properties": {
        "AH Date From": null,
        "AH Date To": null,
        "Address": null,
        "Address Type": null,
        "Administrative Division ": null,
        "Administrative Division Type": null,
        "Archaeological From Date": null,
        "Archaeological To Date": null,
        "Assessment Activity Date": "2019-07-17",
        "Assessment Activity Type": "Literature Interpretation/Digitisation",
        "Assessment Investigator - Actor": "Nichole Sheldrick",
        "BP Date From": null,
        "BP Date To": null,
        "Bedrock Geology Type": null,
        "Built Component": null,
        "Cadastral Reference": "None",
        "Construction Technique": null,
        "Country Type": "Libya",
        "Cultural Period Certainty": "Not Applicable",
        "Cultural Period Type": "Unknown",
        "Cultural Sub-period Certainty": "Not Applicable",
        "Cultural Sub-period Type": "Unknown",
        "Damage Extent Type": "Unknown",
        "Date Inference Making Actor Name": "UNESCO Libyan Valleys Survey Gazetteer",
        "Datum Description/EPSG code": null,
        "Datum Type": null,
        "Depositional Process": null,
        "Designation": null,
        "Designation From Date": null,
        "Designation To Date": null,
        "Detailed Condition Assessments": null,
        "Dimension Type": null,
        "Disturbance Cause Assignment Assessor Name - Actor": "Nichole Sheldrick",
        "Disturbance Cause Category Type": "Unknown",
        "Disturbance Cause Certainty ": "Not Applicable",
        "Disturbance Cause Type ": "Unknown",
        "Disturbance Date From": "None",
        "Disturbance Date Occurred Before": "None",
        "Disturbance Date Occurred On ": "None",
        "Disturbance Date To ": "None",
        "EAMENA ID": "EAMENA-0189421",
        "Effect Certainty": "Not Applicable",
        "Effect Type": "Unknown",
        "Fetch Type": null,
        "GE Imagery Acquisition Date": null,
        "General Description": null,
        "General Description Type": null,
        "Geometry Extent Certainty": "Negligible",
        "Geometry Qualifier": "",
        "Google Earth Assessment": "None",
        "Grid ID": "E14N31-33",
        "Heritage Place Function": "Unknown",
        "Heritage Place Function Certainty ": "Not Applicable",
        "Heritage Place Resource Instance": null,
        "Heritage Place Type": "Archaeological Site",
        "Imagery Acquisition Date": null,
        "Information Resource": null,
        "Information Resource Acquisition Date": null,
        "Intervention Activity Type": null,
        "Investigator Role Type": "EAMENA Project Staff",
        "Land Cover Assessment Date": null,
        "Land Cover Type": null,
        "Location Certainty": "Low",
        "Material Class": null,
        "Material Type": null,
        "Maximum Depth/Min Elevation": null,
        "Measurement Number": null,
        "Measurement Source Type ": null,
        "Measurement Unit": null,
        "Minimum Depth/Max Elevation": null,
        "Name Type": "Alternative Reference, Alternative Reference, Alternative Reference",
        "Overall Archaeological Certainty Value ": "Medium",
        "Overall Condition State Type": "Unknown",
        "Overall Site Morphology Type": "Surface Feature",
        "Overall Site Shape Type": "",
        "Priority Type": null,
        "Recommendation Type": null,
        "Related Geoarchaeology/Palaeolandscape": null,
        "Resource Name": "Md239, Md 00239, BUL025",
        "Resource Orientation": "",
        "Restricted Access Record Designation": null,
        "SH Date From": null,
        "SH Date to": null,
        "Site Feature Arrangement Type": "Unknown",
        "Site Feature Form Type": "Rubble Spread/Architectural Fragments",
        "Site Feature Form Type Certainty": "Definite",
        "Site Feature Interpretation Certainty": "Not Applicable",
        "Site Feature Interpretation Number Type": "Unknown",
        "Site Feature Interpretation Type": "Unknown",
        "Site Feature Number Type": "Unknown",
        "Site Feature Shape Type": "Unknown",
        "Spatial Coordinates Ref System": "",
        "Surficial Geology Type": null,
        "Threat Category": "Unknown",
        "Threat Cause Type": "Unknown",
        "Threat Inference Making Assessor Name - Actor": "Nichole Sheldrick",
        "Threat Probability ": "Not Applicable",
        "Tidal Range": null,
        "Topography Type": "Unknown",
        "Wave Climate": null
      },
      "type": "Feature"
    },
    {
      "geometry": {
        "coordinates": [
          14.075935,
          31.790774
        ],
        "type": "Point"
      },
      "properties": {
        "AH Date From": null,
        "AH Date To": null,
        "Address": null,
        "Address Type": null,
        "Administrative Division ": null,
        "Administrative Division Type": null,
        "Archaeological From Date": null,
        "Archaeological To Date": null,
        "Assessment Activity Date": "2016-03-10",
        "Assessment Activity Type": "Desk-based",
        "Assessment Investigator - Actor": "Nichole Sheldrick",
        "BP Date From": null,
        "BP Date To": null,
        "Bedrock Geology Type": null,
        "Built Component": null,
        "Cadastral Reference": "None",
        "Construction Technique": null,
        "Country Type": "Libya",
        "Cultural Period Certainty": "Possible, Possible, Possible",
        "Cultural Period Type": "Classical/Protohistoric/Pre-Islamic (North Africa), Classical/Protohistoric/Pre-Islamic (North Africa), Classical/Protohistoric/Pre-Islamic (North Africa)",
        "Cultural Sub-period Certainty": "Possible, Possible, Possible",
        "Cultural Sub-period Type": "Vandal (Maghreb), Roman Imperial, Late (North Africa), Byzantine (Maghreb)",
        "Damage Extent Type": "Unknown",
        "Date Inference Making Actor Name": "None, None, None",
        "Datum Description/EPSG code": null,
        "Datum Type": null,
        "Depositional Process": null,
        "Designation": null,
        "Designation From Date": null,
        "Designation To Date": null,
        "Detailed Condition Assessments": null,
        "Dimension Type": null,
        "Disturbance Cause Assignment Assessor Name - Actor": "None",
        "Disturbance Cause Category Type": "Unknown",
        "Disturbance Cause Certainty ": "Not Applicable",
        "Disturbance Cause Type ": "Unknown",
        "Disturbance Date From": "None",
        "Disturbance Date Occurred Before": "None",
        "Disturbance Date Occurred On ": "None",
        "Disturbance Date To ": "None",
        "EAMENA ID": "EAMENA-0087052",
        "Effect Certainty": "Not Applicable",
        "Effect Type": "Unknown",
        "Fetch Type": null,
        "GE Imagery Acquisition Date": null,
        "General Description": null,
        "General Description Type": null,
        "Geometry Extent Certainty": "",
        "Geometry Qualifier": "",
        "Google Earth Assessment": "None",
        "Grid ID": "E14N31-33",
        "Heritage Place Function": "Domestic, Defensive/Fortification, Agricultural/Pastoral",
        "Heritage Place Function Certainty ": "High, High, High",
        "Heritage Place Resource Instance": null,
        "Heritage Place Type": "Archaeological Site",
        "Imagery Acquisition Date": null,
        "Information Resource": null,
        "Information Resource Acquisition Date": null,
        "Intervention Activity Type": null,
        "Investigator Role Type": "",
        "Land Cover Assessment Date": null,
        "Land Cover Type": null,
        "Location Certainty": "Negligible",
        "Material Class": null,
        "Material Type": null,
        "Maximum Depth/Min Elevation": null,
        "Measurement Number": null,
        "Measurement Source Type ": null,
        "Measurement Unit": null,
        "Minimum Depth/Max Elevation": null,
        "Name Type": "Designation, Toponym, Alternative Reference, Alternative Reference",
        "Overall Archaeological Certainty Value ": "Definite",
        "Overall Condition State Type": "Unknown",
        "Overall Site Morphology Type": "Positive/Built Feature",
        "Overall Site Shape Type": "Unknown",
        "Priority Type": null,
        "Recommendation Type": null,
        "Related Geoarchaeology/Palaeolandscape": null,
        "Resource Name": "E14N31-33_000045, Gasr Atayet, Md257-g, BUL034",
        "Resource Orientation": "",
        "Restricted Access Record Designation": null,
        "SH Date From": null,
        "SH Date to": null,
        "Site Feature Arrangement Type": "Unknown",
        "Site Feature Form Type": "Structure",
        "Site Feature Form Type Certainty": "Definite",
        "Site Feature Interpretation Certainty": "High, High",
        "Site Feature Interpretation Number Type": "1, 1",
        "Site Feature Interpretation Type": "Settlement/Habitation Site, Farm Building",
        "Site Feature Number Type": "1",
        "Site Feature Shape Type": "Unknown",
        "Spatial Coordinates Ref System": "",
        "Surficial Geology Type": null,
        "Threat Category": "Unknown",
        "Threat Cause Type": "Unknown",
        "Threat Inference Making Assessor Name - Actor": "None",
        "Threat Probability ": "Not Applicable",
        "Tidal Range": null,
        "Topography Type": null,
        "Wave Climate": null
      },
      "type": "Feature"
    },
    {
      "geometry": {
        "coordinates": [
          14.073194,
          31.791159
        ],
        "type": "Point"
      },
      "properties": {
        "AH Date From": null,
        "AH Date To": null,
        "Address": null,
        "Address Type": null,
        "Administrative Division ": null,
        "Administrative Division Type": null,
        "Archaeological From Date": null,
        "Archaeological To Date": null,
        "Assessment Activity Date": "2016-03-10",
        "Assessment Activity Type": "Desk-based",
        "Assessment Investigator - Actor": "Nichole Sheldrick",
        "BP Date From": null,
        "BP Date To": null,
        "Bedrock Geology Type": null,
        "Built Component": null,
        "Cadastral Reference": "None",
        "Construction Technique": null,
        "Country Type": "Libya",
        "Cultural Period Certainty": "Possible, Possible, Possible",
        "Cultural Period Type": "Classical/Protohistoric/Pre-Islamic (North Africa), Classical/Protohistoric/Pre-Islamic (North Africa), Classical/Protohistoric/Pre-Islamic (North Africa)",
        "Cultural Sub-period Certainty": "Possible, Possible, Possible",
        "Cultural Sub-period Type": "Byzantine (Maghreb), Roman Imperial, Late (North Africa), Vandal (Maghreb)",
        "Damage Extent Type": "Unknown",
        "Date Inference Making Actor Name": "None, None, None",
        "Datum Description/EPSG code": null,
        "Datum Type": null,
        "Depositional Process": null,
        "Designation": null,
        "Designation From Date": null,
        "Designation To Date": null,
        "Detailed Condition Assessments": null,
        "Dimension Type": null,
        "Disturbance Cause Assignment Assessor Name - Actor": "None",
        "Disturbance Cause Category Type": "Unknown",
        "Disturbance Cause Certainty ": "Not Applicable",
        "Disturbance Cause Type ": "Unknown",
        "Disturbance Date From": "None",
        "Disturbance Date Occurred Before": "None",
        "Disturbance Date Occurred On ": "None",
        "Disturbance Date To ": "None",
        "EAMENA ID": "EAMENA-0087051",
        "Effect Certainty": "Not Applicable",
        "Effect Type": "Unknown",
        "Fetch Type": null,
        "GE Imagery Acquisition Date": null,
        "General Description": null,
        "General Description Type": null,
        "Geometry Extent Certainty": "",
        "Geometry Qualifier": "",
        "Google Earth Assessment": "None",
        "Grid ID": "E14N31-33",
        "Heritage Place Function": "Domestic, Defensive/Fortification, Agricultural/Pastoral",
        "Heritage Place Function Certainty ": "High, High, High",
        "Heritage Place Resource Instance": null,
        "Heritage Place Type": "Archaeological Site",
        "Imagery Acquisition Date": null,
        "Information Resource": null,
        "Information Resource Acquisition Date": null,
        "Intervention Activity Type": null,
        "Investigator Role Type": "",
        "Land Cover Assessment Date": null,
        "Land Cover Type": null,
        "Location Certainty": "Negligible",
        "Material Class": null,
        "Material Type": null,
        "Maximum Depth/Min Elevation": null,
        "Measurement Number": null,
        "Measurement Source Type ": null,
        "Measurement Unit": null,
        "Minimum Depth/Max Elevation": null,
        "Name Type": "Alternative Reference, Designation, Alternative Reference",
        "Overall Archaeological Certainty Value ": "Definite",
        "Overall Condition State Type": "Unknown",
        "Overall Site Morphology Type": "Positive/Built Feature",
        "Overall Site Shape Type": "Unknown",
        "Priority Type": null,
        "Recommendation Type": null,
        "Related Geoarchaeology/Palaeolandscape": null,
        "Resource Name": "Md256-g, E14N31-33_000044, BUL033",
        "Resource Orientation": "",
        "Restricted Access Record Designation": null,
        "SH Date From": null,
        "SH Date to": null,
        "Site Feature Arrangement Type": "Unknown",
        "Site Feature Form Type": "Structure",
        "Site Feature Form Type Certainty": "Definite",
        "Site Feature Interpretation Certainty": "High, High",
        "Site Feature Interpretation Number Type": "1, 1",
        "Site Feature Interpretation Type": "Settlement/Habitation Site, Farm Building",
        "Site Feature Number Type": "1",
        "Site Feature Shape Type": "Unknown",
        "Spatial Coordinates Ref System": "",
        "Surficial Geology Type": null,
        "Threat Category": "Unknown",
        "Threat Cause Type": "Unknown",
        "Threat Inference Making Assessor Name - Actor": "None",
        "Threat Probability ": "Not Applicable",
        "Tidal Range": null,
        "Topography Type": null,
        "Wave Climate": null
      },
      "type": "Feature"
    },
    {
      "geometry": {
        "coordinates": [
          14.076857,
          31.790676
        ],
        "type": "Point"
      },
      "properties": {
        "AH Date From": null,
        "AH Date To": null,
        "Address": null,
        "Address Type": null,
        "Administrative Division ": null,
        "Administrative Division Type": null,
        "Archaeological From Date": null,
        "Archaeological To Date": null,
        "Assessment Activity Date": "2019-07-17",
        "Assessment Activity Type": "Literature Interpretation/Digitisation",
        "Assessment Investigator - Actor": "Nichole Sheldrick",
        "BP Date From": null,
        "BP Date To": null,
        "Bedrock Geology Type": null,
        "Built Component": null,
        "Cadastral Reference": "None",
        "Construction Technique": null,
        "Country Type": "Libya",
        "Cultural Period Certainty": "Definite, Possible",
        "Cultural Period Type": "Contemporary Islamic (MENA), Islamic (North Africa)",
        "Cultural Sub-period Certainty": "Definite, Possible",
        "Cultural Sub-period Type": "Unknown, Unknown",
        "Damage Extent Type": "Unknown",
        "Date Inference Making Actor Name": "UNESCO Libyan Valleys Survey Gazetteer, UNESCO Libyan Valleys Survey Gazetteer",
        "Datum Description/EPSG code": null,
        "Datum Type": null,
        "Depositional Process": null,
        "Designation": null,
        "Designation From Date": null,
        "Designation To Date": null,
        "Detailed Condition Assessments": null,
        "Dimension Type": null,
        "Disturbance Cause Assignment Assessor Name - Actor": "Nichole Sheldrick",
        "Disturbance Cause Category Type": "Unknown",
        "Disturbance Cause Certainty ": "Not Applicable",
        "Disturbance Cause Type ": "Unknown",
        "Disturbance Date From": "None",
        "Disturbance Date Occurred Before": "None",
        "Disturbance Date Occurred On ": "None",
        "Disturbance Date To ": "None",
        "EAMENA ID": "EAMENA-0189428",
        "Effect Certainty": "Not Applicable",
        "Effect Type": "Unknown",
        "Fetch Type": null,
        "GE Imagery Acquisition Date": null,
        "General Description": null,
        "General Description Type": null,
        "Geometry Extent Certainty": "Negligible",
        "Geometry Qualifier": "",
        "Google Earth Assessment": "None",
        "Grid ID": "E14N31-33",
        "Heritage Place Function": "Domestic",
        "Heritage Place Function Certainty ": "Definite",
        "Heritage Place Resource Instance": null,
        "Heritage Place Type": "Archaeological Site",
        "Imagery Acquisition Date": null,
        "Information Resource": null,
        "Information Resource Acquisition Date": null,
        "Intervention Activity Type": null,
        "Investigator Role Type": "EAMENA Project Staff",
        "Land Cover Assessment Date": null,
        "Land Cover Type": null,
        "Location Certainty": "Low",
        "Material Class": null,
        "Material Type": null,
        "Maximum Depth/Min Elevation": null,
        "Measurement Number": null,
        "Measurement Source Type ": null,
        "Measurement Unit": null,
        "Minimum Depth/Max Elevation": null,
        "Name Type": "Alternative Reference, Alternative Reference",
        "Overall Archaeological Certainty Value ": "High",
        "Overall Condition State Type": "Unknown",
        "Overall Site Morphology Type": "Positive/Built Feature",
        "Overall Site Shape Type": "",
        "Priority Type": null,
        "Recommendation Type": null,
        "Related Geoarchaeology/Palaeolandscape": null,
        "Resource Name": "Md255, Md 00255",
        "Resource Orientation": "",
        "Restricted Access Record Designation": null,
        "SH Date From": null,
        "SH Date to": null,
        "Site Feature Arrangement Type": null,
        "Site Feature Form Type": null,
        "Site Feature Form Type Certainty": null,
        "Site Feature Interpretation Certainty": "Definite",
        "Site Feature Interpretation Number Type": "1",
        "Site Feature Interpretation Type": "Settlement/Habitation Site",
        "Site Feature Number Type": null,
        "Site Feature Shape Type": null,
        "Spatial Coordinates Ref System": "",
        "Surficial Geology Type": null,
        "Threat Category": "Unknown",
        "Threat Cause Type": "Unknown",
        "Threat Inference Making Assessor Name - Actor": "Nichole Sheldrick",
        "Threat Probability ": "Not Applicable",
        "Tidal Range": null,
        "Topography Type": "Unknown",
        "Wave Climate": null
      },
      "type": "Feature"
    },
    {
      "geometry": {
        "coordinates": [
          14.067283,
          31.788888
        ],
        "type": "Point"
      },
      "properties": {
        "AH Date From": null,
        "AH Date To": null,
        "Address": null,
        "Address Type": null,
        "Administrative Division ": null,
        "Administrative Division Type": null,
        "Archaeological From Date": null,
        "Archaeological To Date": null,
        "Assessment Activity Date": "2019-07-17",
        "Assessment Activity Type": "Literature Interpretation/Digitisation",
        "Assessment Investigator - Actor": "Nichole Sheldrick",
        "BP Date From": null,
        "BP Date To": null,
        "Bedrock Geology Type": null,
        "Built Component": null,
        "Cadastral Reference": "None",
        "Construction Technique": null,
        "Country Type": "Libya",
        "Cultural Period Certainty": "Possible, Possible",
        "Cultural Period Type": "Contemporary Islamic (MENA), Islamic (North Africa)",
        "Cultural Sub-period Certainty": "Possible, Possible",
        "Cultural Sub-period Type": "Unknown, Islamic, Late (Ottoman/Saadi/Wattasid/Alaouite/Colonial) (North Africa)",
        "Damage Extent Type": "Unknown",
        "Date Inference Making Actor Name": "UNESCO Libyan Valleys Survey Gazetteer, UNESCO Libyan Valleys Survey Gazetteer",
        "Datum Description/EPSG code": null,
        "Datum Type": null,
        "Depositional Process": null,
        "Designation": null,
        "Designation From Date": null,
        "Designation To Date": null,
        "Detailed Condition Assessments": null,
        "Dimension Type": null,
        "Disturbance Cause Assignment Assessor Name - Actor": "Nichole Sheldrick",
        "Disturbance Cause Category Type": "Unknown",
        "Disturbance Cause Certainty ": "Not Applicable",
        "Disturbance Cause Type ": "Unknown",
        "Disturbance Date From": "None",
        "Disturbance Date Occurred Before": "None",
        "Disturbance Date Occurred On ": "None",
        "Disturbance Date To ": "None",
        "EAMENA ID": "EAMENA-0189424",
        "Effect Certainty": "Not Applicable",
        "Effect Type": "Unknown",
        "Fetch Type": null,
        "GE Imagery Acquisition Date": null,
        "General Description": null,
        "General Description Type": null,
        "Geometry Extent Certainty": "Negligible",
        "Geometry Qualifier": "",
        "Google Earth Assessment": "None",
        "Grid ID": "E14N31-33",
        "Heritage Place Function": "Hydrological",
        "Heritage Place Function Certainty ": "Definite",
        "Heritage Place Resource Instance": null,
        "Heritage Place Type": "Archaeological Site",
        "Imagery Acquisition Date": null,
        "Information Resource": null,
        "Information Resource Acquisition Date": null,
        "Intervention Activity Type": null,
        "Investigator Role Type": "EAMENA Project Staff",
        "Land Cover Assessment Date": null,
        "Land Cover Type": null,
        "Location Certainty": "Low",
        "Material Class": null,
        "Material Type": null,
        "Maximum Depth/Min Elevation": null,
        "Measurement Number": null,
        "Measurement Source Type ": null,
        "Measurement Unit": null,
        "Minimum Depth/Max Elevation": null,
        "Name Type": "Alternative Reference, Alternative Reference, Alternative Reference",
        "Overall Archaeological Certainty Value ": "Medium",
        "Overall Condition State Type": "Unknown",
        "Overall Site Morphology Type": "Positive/Built Feature",
        "Overall Site Shape Type": "",
        "Priority Type": null,
        "Recommendation Type": null,
        "Related Geoarchaeology/Palaeolandscape": null,
        "Resource Name": "Md251, Md 00251, BUL030",
        "Resource Orientation": "",
        "Restricted Access Record Designation": null,
        "SH Date From": null,
        "SH Date to": null,
        "Site Feature Arrangement Type": null,
        "Site Feature Form Type": null,
        "Site Feature Form Type Certainty": null,
        "Site Feature Interpretation Certainty": "Definite",
        "Site Feature Interpretation Number Type": "Unknown",
        "Site Feature Interpretation Type": "Wadi Wall",
        "Site Feature Number Type": null,
        "Site Feature Shape Type": null,
        "Spatial Coordinates Ref System": "None",
        "Surficial Geology Type": null,
        "Threat Category": "Unknown",
        "Threat Cause Type": "Unknown",
        "Threat Inference Making Assessor Name - Actor": "Nichole Sheldrick",
        "Threat Probability ": "Not Applicable",
        "Tidal Range": null,
        "Topography Type": "Watercourse Bed",
        "Wave Climate": null
      },
      "type": "Feature"
    },
    {
      "geometry": {
        "coordinates": [
          14.066139,
          31.786831
        ],
        "type": "Point"
      },
      "properties": {
        "AH Date From": null,
        "AH Date To": null,
        "Address": null,
        "Address Type": null,
        "Administrative Division ": null,
        "Administrative Division Type": null,
        "Archaeological From Date": null,
        "Archaeological To Date": null,
        "Assessment Activity Date": "2020-05-01, 2019-07-17",
        "Assessment Activity Type": "Condition Assessment (Image Interpretation), Literature Interpretation/Digitisation",
        "Assessment Investigator - Actor": "Nichole Sheldrick, Nichole Sheldrick",
        "BP Date From": null,
        "BP Date To": null,
        "Bedrock Geology Type": null,
        "Built Component": null,
        "Cadastral Reference": "None",
        "Construction Technique": null,
        "Country Type": "Libya",
        "Cultural Period Certainty": "Possible",
        "Cultural Period Type": "Classical/Protohistoric/Pre-Islamic (North Africa)",
        "Cultural Sub-period Certainty": "Possible",
        "Cultural Sub-period Type": "Roman/Late Antique (North Africa)",
        "Damage Extent Type": "Unknown",
        "Date Inference Making Actor Name": "UNESCO Libyan Valleys Survey Gazetteer",
        "Datum Description/EPSG code": null,
        "Datum Type": null,
        "Depositional Process": null,
        "Designation": null,
        "Designation From Date": null,
        "Designation To Date": null,
        "Detailed Condition Assessments": null,
        "Dimension Type": null,
        "Disturbance Cause Assignment Assessor Name - Actor": "Nichole Sheldrick",
        "Disturbance Cause Category Type": "Agricultural/Pastoral",
        "Disturbance Cause Certainty ": "Medium",
        "Disturbance Cause Type ": "Occupation/Continued Use",
        "Disturbance Date From": "2009-10-19",
        "Disturbance Date Occurred Before": "None",
        "Disturbance Date Occurred On ": "None",
        "Disturbance Date To ": "2020-02-14",
        "EAMENA ID": "EAMENA-0189423",
        "Effect Certainty": "Not Applicable",
        "Effect Type": "Unknown",
        "Fetch Type": null,
        "GE Imagery Acquisition Date": null,
        "General Description": null,
        "General Description Type": null,
        "Geometry Extent Certainty": "Negligible",
        "Geometry Qualifier": "",
        "Google Earth Assessment": "None, None",
        "Grid ID": "E14N31-33",
        "Heritage Place Function": "Hydrological",
        "Heritage Place Function Certainty ": "Definite",
        "Heritage Place Resource Instance": null,
        "Heritage Place Type": "Archaeological Site",
        "Imagery Acquisition Date": null,
        "Information Resource": null,
        "Information Resource Acquisition Date": null,
        "Intervention Activity Type": null,
        "Investigator Role Type": "EAMENA Project Staff, EAMENA Project Staff",
        "Land Cover Assessment Date": null,
        "Land Cover Type": null,
        "Location Certainty": "Definite",
        "Material Class": null,
        "Material Type": null,
        "Maximum Depth/Min Elevation": null,
        "Measurement Number": null,
        "Measurement Source Type ": null,
        "Measurement Unit": null,
        "Minimum Depth/Max Elevation": null,
        "Name Type": "Alternative Reference, Alternative Reference, Alternative Reference",
        "Overall Archaeological Certainty Value ": "High",
        "Overall Condition State Type": "Good",
        "Overall Site Morphology Type": "Positive/Built Feature",
        "Overall Site Shape Type": "",
        "Priority Type": null,
        "Recommendation Type": null,
        "Related Geoarchaeology/Palaeolandscape": null,
        "Resource Name": "Md241, Md 00241, BUL029",
        "Resource Orientation": "",
        "Restricted Access Record Designation": null,
        "SH Date From": null,
        "SH Date to": null,
        "Site Feature Arrangement Type": null,
        "Site Feature Form Type": null,
        "Site Feature Form Type Certainty": null,
        "Site Feature Interpretation Certainty": "Definite",
        "Site Feature Interpretation Number Type": "Unknown",
        "Site Feature Interpretation Type": "Wadi Wall",
        "Site Feature Number Type": null,
        "Site Feature Shape Type": null,
        "Spatial Coordinates Ref System": "None",
        "Surficial Geology Type": null,
        "Threat Category": "Agricultural/Pastoral",
        "Threat Cause Type": "Occupation/Continued Use",
        "Threat Inference Making Assessor Name - Actor": "Nichole Sheldrick",
        "Threat Probability ": "Possible",
        "Tidal Range": null,
        "Topography Type": "Watercourse Bed",
        "Wave Climate": null
      },
      "type": "Feature"
    },
    {
      "geometry": {
        "coordinates": [
          14.070856,
          31.790982
        ],
        "type": "Point"
      },
      "properties": {
        "AH Date From": null,
        "AH Date To": null,
        "Address": null,
        "Address Type": null,
        "Administrative Division ": null,
        "Administrative Division Type": null,
        "Archaeological From Date": null,
        "Archaeological To Date": null,
        "Assessment Activity Date": "2019-07-17",
        "Assessment Activity Type": "Literature Interpretation/Digitisation",
        "Assessment Investigator - Actor": "Nichole Sheldrick",
        "BP Date From": null,
        "BP Date To": null,
        "Bedrock Geology Type": null,
        "Built Component": null,
        "Cadastral Reference": "None",
        "Construction Technique": null,
        "Country Type": "Libya",
        "Cultural Period Certainty": "Definite, Possible",
        "Cultural Period Type": "Contemporary Islamic (MENA), Islamic (North Africa)",
        "Cultural Sub-period Certainty": "Definite, Possible",
        "Cultural Sub-period Type": "Unknown, Unknown",
        "Damage Extent Type": "Unknown",
        "Date Inference Making Actor Name": "UNESCO Libyan Valleys Survey Gazetteer, UNESCO Libyan Valleys Survey Gazetteer",
        "Datum Description/EPSG code": null,
        "Datum Type": null,
        "Depositional Process": null,
        "Designation": null,
        "Designation From Date": null,
        "Designation To Date": null,
        "Detailed Condition Assessments": null,
        "Dimension Type": null,
        "Disturbance Cause Assignment Assessor Name - Actor": "Nichole Sheldrick",
        "Disturbance Cause Category Type": "Unknown",
        "Disturbance Cause Certainty ": "Not Applicable",
        "Disturbance Cause Type ": "Unknown",
        "Disturbance Date From": "None",
        "Disturbance Date Occurred Before": "None",
        "Disturbance Date Occurred On ": "None",
        "Disturbance Date To ": "None",
        "EAMENA ID": "EAMENA-0189425",
        "Effect Certainty": "Not Applicable",
        "Effect Type": "Unknown",
        "Fetch Type": null,
        "GE Imagery Acquisition Date": null,
        "General Description": null,
        "General Description Type": null,
        "Geometry Extent Certainty": "Negligible",
        "Geometry Qualifier": "",
        "Google Earth Assessment": "None",
        "Grid ID": "E14N31-33",
        "Heritage Place Function": "Domestic",
        "Heritage Place Function Certainty ": "Definite",
        "Heritage Place Resource Instance": null,
        "Heritage Place Type": "Archaeological Site",
        "Imagery Acquisition Date": null,
        "Information Resource": null,
        "Information Resource Acquisition Date": null,
        "Intervention Activity Type": null,
        "Investigator Role Type": "EAMENA Project Staff",
        "Land Cover Assessment Date": null,
        "Land Cover Type": null,
        "Location Certainty": "Low",
        "Material Class": null,
        "Material Type": null,
        "Maximum Depth/Min Elevation": null,
        "Measurement Number": null,
        "Measurement Source Type ": null,
        "Measurement Unit": null,
        "Minimum Depth/Max Elevation": null,
        "Name Type": "Alternative Reference, Alternative Reference, Alternative Reference",
        "Overall Archaeological Certainty Value ": "High",
        "Overall Condition State Type": "Unknown",
        "Overall Site Morphology Type": "Positive/Built Feature",
        "Overall Site Shape Type": "",
        "Priority Type": null,
        "Recommendation Type": null,
        "Related Geoarchaeology/Palaeolandscape": null,
        "Resource Name": "Md253, Md 00253, BUL031",
        "Resource Orientation": "",
        "Restricted Access Record Designation": null,
        "SH Date From": null,
        "SH Date to": null,
        "Site Feature Arrangement Type": null,
        "Site Feature Form Type": null,
        "Site Feature Form Type Certainty": null,
        "Site Feature Interpretation Certainty": "Definite",
        "Site Feature Interpretation Number Type": "1",
        "Site Feature Interpretation Type": "Settlement/Habitation Site",
        "Site Feature Number Type": null,
        "Site Feature Shape Type": null,
        "Spatial Coordinates Ref System": "None",
        "Surficial Geology Type": null,
        "Threat Category": "Unknown",
        "Threat Cause Type": "Unknown",
        "Threat Inference Making Assessor Name - Actor": "Nichole Sheldrick",
        "Threat Probability ": "Not Applicable",
        "Tidal Range": null,
        "Topography Type": "Unknown",
        "Wave Climate": null
      },
      "type": "Feature"
    },
    {
      "geometry": {
        "coordinates": [
          14.072075,
          31.791065
        ],
        "type": "Point"
      },
      "properties": {
        "AH Date From": null,
        "AH Date To": null,
        "Address": null,
        "Address Type": null,
        "Administrative Division ": null,
        "Administrative Division Type": null,
        "Archaeological From Date": null,
        "Archaeological To Date": null,
        "Assessment Activity Date": "2019-07-17",
        "Assessment Activity Type": "Literature Interpretation/Digitisation",
        "Assessment Investigator - Actor": "Nichole Sheldrick",
        "BP Date From": null,
        "BP Date To": null,
        "Bedrock Geology Type": null,
        "Built Component": null,
        "Cadastral Reference": "None",
        "Construction Technique": null,
        "Country Type": "Libya",
        "Cultural Period Certainty": "Possible",
        "Cultural Period Type": "Islamic (North Africa)",
        "Cultural Sub-period Certainty": "Possible",
        "Cultural Sub-period Type": "Unknown",
        "Damage Extent Type": "Unknown",
        "Date Inference Making Actor Name": "UNESCO Libyan Valleys Survey Gazetteer",
        "Datum Description/EPSG code": null,
        "Datum Type": null,
        "Depositional Process": null,
        "Designation": null,
        "Designation From Date": null,
        "Designation To Date": null,
        "Detailed Condition Assessments": null,
        "Dimension Type": null,
        "Disturbance Cause Assignment Assessor Name - Actor": "Nichole Sheldrick",
        "Disturbance Cause Category Type": "Unknown",
        "Disturbance Cause Certainty ": "Not Applicable",
        "Disturbance Cause Type ": "Unknown",
        "Disturbance Date From": "None",
        "Disturbance Date Occurred Before": "None",
        "Disturbance Date Occurred On ": "None",
        "Disturbance Date To ": "None",
        "EAMENA ID": "EAMENA-0189427",
        "Effect Certainty": "Not Applicable",
        "Effect Type": "Unknown",
        "Fetch Type": null,
        "GE Imagery Acquisition Date": null,
        "General Description": null,
        "General Description Type": null,
        "Geometry Extent Certainty": "Negligible",
        "Geometry Qualifier": "",
        "Google Earth Assessment": "None",
        "Grid ID": "E14N31-33",
        "Heritage Place Function": "Domestic",
        "Heritage Place Function Certainty ": "Definite",
        "Heritage Place Resource Instance": null,
        "Heritage Place Type": "Archaeological Site",
        "Imagery Acquisition Date": null,
        "Information Resource": null,
        "Information Resource Acquisition Date": null,
        "Intervention Activity Type": null,
        "Investigator Role Type": "EAMENA Project Staff",
        "Land Cover Assessment Date": null,
        "Land Cover Type": null,
        "Location Certainty": "Low",
        "Material Class": null,
        "Material Type": null,
        "Maximum Depth/Min Elevation": null,
        "Measurement Number": null,
        "Measurement Source Type ": null,
        "Measurement Unit": null,
        "Minimum Depth/Max Elevation": null,
        "Name Type": "Alternative Reference, Alternative Reference, Alternative Reference",
        "Overall Archaeological Certainty Value ": "High",
        "Overall Condition State Type": "Unknown",
        "Overall Site Morphology Type": "Positive/Built Feature",
        "Overall Site Shape Type": "",
        "Priority Type": null,
        "Recommendation Type": null,
        "Related Geoarchaeology/Palaeolandscape": null,
        "Resource Name": "Md 00254, Md254, BUL032",
        "Resource Orientation": "",
        "Restricted Access Record Designation": null,
        "SH Date From": null,
        "SH Date to": null,
        "Site Feature Arrangement Type": null,
        "Site Feature Form Type": null,
        "Site Feature Form Type Certainty": null,
        "Site Feature Interpretation Certainty": "Definite",
        "Site Feature Interpretation Number Type": "1",
        "Site Feature Interpretation Type": "Settlement/Habitation Site",
        "Site Feature Number Type": null,
        "Site Feature Shape Type": null,
        "Spatial Coordinates Ref System": "None",
        "Surficial Geology Type": null,
        "Threat Category": "Unknown",
        "Threat Cause Type": "Unknown",
        "Threat Inference Making Assessor Name - Actor": "Nichole Sheldrick",
        "Threat Probability ": "Not Applicable",
        "Tidal Range": null,
        "Topography Type": "Unknown",
        "Wave Climate": null
      },
      "type": "Feature"
    },
    {
      "geometry": {
        "coordinates": [
          14.079928,
          31.790856
        ],
        "type": "Point"
      },
      "properties": {
        "AH Date From": null,
        "AH Date To": null,
        "Address": null,
        "Address Type": null,
        "Administrative Division ": null,
        "Administrative Division Type": null,
        "Archaeological From Date": null,
        "Archaeological To Date": null,
        "Assessment Activity Date": "2016-03-10",
        "Assessment Activity Type": "Desk-based",
        "Assessment Investigator - Actor": "Nichole Sheldrick",
        "BP Date From": null,
        "BP Date To": null,
        "Bedrock Geology Type": null,
        "Built Component": null,
        "Cadastral Reference": "None, None",
        "Construction Technique": null,
        "Country Type": "Libya, ",
        "Cultural Period Certainty": "Possible, Possible, Possible",
        "Cultural Period Type": "Classical/Protohistoric/Pre-Islamic (North Africa), Classical/Protohistoric/Pre-Islamic (North Africa), Classical/Protohistoric/Pre-Islamic (North Africa)",
        "Cultural Sub-period Certainty": "Possible, Possible, Possible",
        "Cultural Sub-period Type": "Roman Imperial, Late (North Africa), Byzantine (Maghreb), Vandal (Maghreb)",
        "Damage Extent Type": "Unknown",
        "Date Inference Making Actor Name": "None, None, None",
        "Datum Description/EPSG code": null,
        "Datum Type": null,
        "Depositional Process": null,
        "Designation": null,
        "Designation From Date": null,
        "Designation To Date": null,
        "Detailed Condition Assessments": null,
        "Dimension Type": null,
        "Disturbance Cause Assignment Assessor Name - Actor": "None",
        "Disturbance Cause Category Type": "Unknown",
        "Disturbance Cause Certainty ": "Not Applicable",
        "Disturbance Cause Type ": "Unknown",
        "Disturbance Date From": "None",
        "Disturbance Date Occurred Before": "None",
        "Disturbance Date Occurred On ": "None",
        "Disturbance Date To ": "None",
        "EAMENA ID": "EAMENA-0087053",
        "Effect Certainty": "Not Applicable",
        "Effect Type": "Unknown",
        "Fetch Type": null,
        "GE Imagery Acquisition Date": null,
        "General Description": null,
        "General Description Type": null,
        "Geometry Extent Certainty": "Negligible",
        "Geometry Qualifier": "",
        "Google Earth Assessment": "None",
        "Grid ID": ", E14N31-33",
        "Heritage Place Function": "Domestic, Defensive/Fortification, Agricultural/Pastoral",
        "Heritage Place Function Certainty ": "High, High, High",
        "Heritage Place Resource Instance": null,
        "Heritage Place Type": "Archaeological Site",
        "Imagery Acquisition Date": null,
        "Information Resource": null,
        "Information Resource Acquisition Date": null,
        "Intervention Activity Type": null,
        "Investigator Role Type": "",
        "Land Cover Assessment Date": null,
        "Land Cover Type": null,
        "Location Certainty": "Low",
        "Material Class": null,
        "Material Type": null,
        "Maximum Depth/Min Elevation": null,
        "Measurement Number": null,
        "Measurement Source Type ": null,
        "Measurement Unit": null,
        "Minimum Depth/Max Elevation": null,
        "Name Type": "Toponym, Alternative Reference, Designation, Alternative Reference",
        "Overall Archaeological Certainty Value ": "Definite",
        "Overall Condition State Type": "Unknown",
        "Overall Site Morphology Type": "Positive/Built Feature",
        "Overall Site Shape Type": "Unknown, ",
        "Priority Type": null,
        "Recommendation Type": null,
        "Related Geoarchaeology/Palaeolandscape": null,
        "Resource Name": "Gasr Manasur, Md258-g, E14N31-33_000046, BUL035",
        "Resource Orientation": ", ",
        "Restricted Access Record Designation": null,
        "SH Date From": null,
        "SH Date to": null,
        "Site Feature Arrangement Type": "Unknown",
        "Site Feature Form Type": "Structure",
        "Site Feature Form Type Certainty": "Definite",
        "Site Feature Interpretation Certainty": "High, High",
        "Site Feature Interpretation Number Type": "1, 1",
        "Site Feature Interpretation Type": "Farm Building, Settlement/Habitation Site",
        "Site Feature Number Type": "1",
        "Site Feature Shape Type": "Unknown",
        "Spatial Coordinates Ref System": "",
        "Surficial Geology Type": null,
        "Threat Category": "Unknown",
        "Threat Cause Type": "Unknown",
        "Threat Inference Making Assessor Name - Actor": "None",
        "Threat Probability ": "Not Applicable",
        "Tidal Range": null,
        "Topography Type": "Plain/Plateau, Precipice/Edge",
        "Wave Climate": null
      },
      "type": "Feature"
    },
    {
      "geometry": {
        "coordinates": [
          14.085531,
          31.791959
        ],
        "type": "Point"
      },
      "properties": {
        "AH Date From": null,
        "AH Date To": null,
        "Address": null,
        "Address Type": null,
        "Administrative Division ": null,
        "Administrative Division Type": null,
        "Archaeological From Date": null,
        "Archaeological To Date": null,
        "Assessment Activity Date": "2019-07-17",
        "Assessment Activity Type": "Literature Interpretation/Digitisation",
        "Assessment Investigator - Actor": "Nichole Sheldrick",
        "BP Date From": null,
        "BP Date To": null,
        "Bedrock Geology Type": null,
        "Built Component": null,
        "Cadastral Reference": "None",
        "Construction Technique": null,
        "Country Type": "Libya",
        "Cultural Period Certainty": "Not Applicable",
        "Cultural Period Type": "Unknown",
        "Cultural Sub-period Certainty": "Not Applicable",
        "Cultural Sub-period Type": "Unknown",
        "Damage Extent Type": "Unknown",
        "Date Inference Making Actor Name": "UNESCO Libyan Valleys Survey Gazetteer",
        "Datum Description/EPSG code": null,
        "Datum Type": null,
        "Depositional Process": null,
        "Designation": null,
        "Designation From Date": null,
        "Designation To Date": null,
        "Detailed Condition Assessments": null,
        "Dimension Type": null,
        "Disturbance Cause Assignment Assessor Name - Actor": "Nichole Sheldrick",
        "Disturbance Cause Category Type": "Unknown",
        "Disturbance Cause Certainty ": "Not Applicable",
        "Disturbance Cause Type ": "Unknown",
        "Disturbance Date From": "None",
        "Disturbance Date Occurred Before": "None",
        "Disturbance Date Occurred On ": "None",
        "Disturbance Date To ": "None",
        "EAMENA ID": "EAMENA-0189436",
        "Effect Certainty": "Not Applicable",
        "Effect Type": "Unknown",
        "Fetch Type": null,
        "GE Imagery Acquisition Date": null,
        "General Description": null,
        "General Description Type": null,
        "Geometry Extent Certainty": "Negligible",
        "Geometry Qualifier": "",
        "Google Earth Assessment": "None",
        "Grid ID": "E14N31-33",
        "Heritage Place Function": "Unknown",
        "Heritage Place Function Certainty ": "Not Applicable",
        "Heritage Place Resource Instance": null,
        "Heritage Place Type": "Archaeological Site",
        "Imagery Acquisition Date": null,
        "Information Resource": null,
        "Information Resource Acquisition Date": null,
        "Intervention Activity Type": null,
        "Investigator Role Type": "EAMENA Project Staff",
        "Land Cover Assessment Date": null,
        "Land Cover Type": null,
        "Location Certainty": "Low",
        "Material Class": null,
        "Material Type": null,
        "Maximum Depth/Min Elevation": null,
        "Measurement Number": null,
        "Measurement Source Type ": null,
        "Measurement Unit": null,
        "Minimum Depth/Max Elevation": null,
        "Name Type": "Alternative Reference, Alternative Reference, Alternative Reference",
        "Overall Archaeological Certainty Value ": "Medium",
        "Overall Condition State Type": "Unknown",
        "Overall Site Morphology Type": "Surface Feature",
        "Overall Site Shape Type": "",
        "Priority Type": null,
        "Recommendation Type": null,
        "Related Geoarchaeology/Palaeolandscape": null,
        "Resource Name": "Md269, Md 00269, BUL037",
        "Resource Orientation": "",
        "Restricted Access Record Designation": null,
        "SH Date From": null,
        "SH Date to": null,
        "Site Feature Arrangement Type": "Unknown",
        "Site Feature Form Type": "Rubble Spread/Architectural Fragments",
        "Site Feature Form Type Certainty": "Definite",
        "Site Feature Interpretation Certainty": "Not Applicable",
        "Site Feature Interpretation Number Type": "Unknown",
        "Site Feature Interpretation Type": "Unknown",
        "Site Feature Number Type": "Unknown",
        "Site Feature Shape Type": "Unknown",
        "Spatial Coordinates Ref System": "",
        "Surficial Geology Type": null,
        "Threat Category": "Unknown",
        "Threat Cause Type": "Unknown",
        "Threat Inference Making Assessor Name - Actor": "Nichole Sheldrick",
        "Threat Probability ": "Not Applicable",
        "Tidal Range": null,
        "Topography Type": "Unknown",
        "Wave Climate": null
      },
      "type": "Feature"
    },
    {
      "geometry": {
        "coordinates": [
          14.086418,
          31.791598
        ],
        "type": "Point"
      },
      "properties": {
        "AH Date From": null,
        "AH Date To": null,
        "Address": null,
        "Address Type": null,
        "Administrative Division ": null,
        "Administrative Division Type": null,
        "Archaeological From Date": null,
        "Archaeological To Date": null,
        "Assessment Activity Date": "2020-05-01, 2019-07-17",
        "Assessment Activity Type": "Condition Assessment (Image Interpretation), Literature Interpretation/Digitisation",
        "Assessment Investigator - Actor": "Nichole Sheldrick, Nichole Sheldrick",
        "BP Date From": null,
        "BP Date To": null,
        "Bedrock Geology Type": null,
        "Built Component": null,
        "Cadastral Reference": "None",
        "Construction Technique": null,
        "Country Type": "Libya",
        "Cultural Period Certainty": "Not Applicable",
        "Cultural Period Type": "Unknown",
        "Cultural Sub-period Certainty": "Not Applicable",
        "Cultural Sub-period Type": "Unknown",
        "Damage Extent Type": "1-10%",
        "Date Inference Making Actor Name": "UNESCO Libyan Valleys Survey Gazetteer",
        "Datum Description/EPSG code": null,
        "Datum Type": null,
        "Depositional Process": null,
        "Designation": null,
        "Designation From Date": null,
        "Designation To Date": null,
        "Detailed Condition Assessments": null,
        "Dimension Type": null,
        "Disturbance Cause Assignment Assessor Name - Actor": "Nichole Sheldrick",
        "Disturbance Cause Category Type": "Unknown",
        "Disturbance Cause Certainty ": "Medium",
        "Disturbance Cause Type ": "Clearance (Bulldozing/Levelling)",
        "Disturbance Date From": "None",
        "Disturbance Date Occurred Before": "2009-10-19",
        "Disturbance Date Occurred On ": "None",
        "Disturbance Date To ": "None",
        "EAMENA ID": "EAMENA-0189439",
        "Effect Certainty": "Medium",
        "Effect Type": "Collapse/Structural Damage",
        "Fetch Type": null,
        "GE Imagery Acquisition Date": null,
        "General Description": null,
        "General Description Type": null,
        "Geometry Extent Certainty": "Negligible",
        "Geometry Qualifier": "",
        "Google Earth Assessment": "None, None",
        "Grid ID": "E14N31-33",
        "Heritage Place Function": "Funerary/Memorial",
        "Heritage Place Function Certainty ": "Definite",
        "Heritage Place Resource Instance": null,
        "Heritage Place Type": "Archaeological Site",
        "Imagery Acquisition Date": null,
        "Information Resource": null,
        "Information Resource Acquisition Date": null,
        "Intervention Activity Type": null,
        "Investigator Role Type": "EAMENA Project Staff, EAMENA Project Staff",
        "Land Cover Assessment Date": null,
        "Land Cover Type": null,
        "Location Certainty": "Definite",
        "Material Class": null,
        "Material Type": null,
        "Maximum Depth/Min Elevation": null,
        "Measurement Number": null,
        "Measurement Source Type ": null,
        "Measurement Unit": null,
        "Minimum Depth/Max Elevation": null,
        "Name Type": "Alternative Reference, Alternative Reference, Alternative Reference",
        "Overall Archaeological Certainty Value ": "High",
        "Overall Condition State Type": "Good",
        "Overall Site Morphology Type": null,
        "Overall Site Shape Type": "",
        "Priority Type": null,
        "Recommendation Type": null,
        "Related Geoarchaeology/Palaeolandscape": null,
        "Resource Name": "Md270, Md 00270, BUL038",
        "Resource Orientation": "",
        "Restricted Access Record Designation": null,
        "SH Date From": null,
        "SH Date to": null,
        "Site Feature Arrangement Type": null,
        "Site Feature Form Type": null,
        "Site Feature Form Type Certainty": null,
        "Site Feature Interpretation Certainty": "Definite, Definite",
        "Site Feature Interpretation Number Type": "Unknown, 1",
        "Site Feature Interpretation Type": "Tomb/Grave/Burial, Cemetery",
        "Site Feature Number Type": null,
        "Site Feature Shape Type": null,
        "Spatial Coordinates Ref System": "None",
        "Surficial Geology Type": null,
        "Threat Category": "Building and Development",
        "Threat Cause Type": "Unknown",
        "Threat Inference Making Assessor Name - Actor": "Nichole Sheldrick",
        "Threat Probability ": "Possible",
        "Tidal Range": null,
        "Topography Type": "Unknown",
        "Wave Climate": null
      },
      "type": "Feature"
    },
    {
      "geometry": {
        "coordinates": [
          14.084264,
          31.792013
        ],
        "type": "Point"
      },
      "properties": {
        "AH Date From": null,
        "AH Date To": null,
        "Address": null,
        "Address Type": null,
        "Administrative Division ": null,
        "Administrative Division Type": null,
        "Archaeological From Date": null,
        "Archaeological To Date": null,
        "Assessment Activity Date": "2019-07-17, 2020-05-01",
        "Assessment Activity Type": "Literature Interpretation/Digitisation, Condition Assessment (Image Interpretation)",
        "Assessment Investigator - Actor": "Nichole Sheldrick, Nichole Sheldrick",
        "BP Date From": null,
        "BP Date To": null,
        "Bedrock Geology Type": null,
        "Built Component": null,
        "Cadastral Reference": "None",
        "Construction Technique": null,
        "Country Type": "Libya",
        "Cultural Period Certainty": "Possible",
        "Cultural Period Type": "Islamic (North Africa)",
        "Cultural Sub-period Certainty": "Possible",
        "Cultural Sub-period Type": "Unknown",
        "Damage Extent Type": "Unknown",
        "Date Inference Making Actor Name": "UNESCO Libyan Valleys Survey Gazetteer",
        "Datum Description/EPSG code": null,
        "Datum Type": null,
        "Depositional Process": null,
        "Designation": null,
        "Designation From Date": null,
        "Designation To Date": null,
        "Detailed Condition Assessments": null,
        "Dimension Type": null,
        "Disturbance Cause Assignment Assessor Name - Actor": "Nichole Sheldrick",
        "Disturbance Cause Category Type": "Building and Development",
        "Disturbance Cause Certainty ": "Not Applicable",
        "Disturbance Cause Type ": "Unknown",
        "Disturbance Date From": "2009-10-19",
        "Disturbance Date Occurred Before": "None",
        "Disturbance Date Occurred On ": "None",
        "Disturbance Date To ": "2020-02-14",
        "EAMENA ID": "EAMENA-0189429",
        "Effect Certainty": "Not Applicable",
        "Effect Type": "Unknown",
        "Fetch Type": null,
        "GE Imagery Acquisition Date": null,
        "General Description": null,
        "General Description Type": null,
        "Geometry Extent Certainty": "Negligible",
        "Geometry Qualifier": "",
        "Google Earth Assessment": "None, None",
        "Grid ID": "E14N31-33",
        "Heritage Place Function": "Domestic",
        "Heritage Place Function Certainty ": "Definite",
        "Heritage Place Resource Instance": null,
        "Heritage Place Type": "Archaeological Site",
        "Imagery Acquisition Date": null,
        "Information Resource": null,
        "Information Resource Acquisition Date": null,
        "Intervention Activity Type": null,
        "Investigator Role Type": "EAMENA Project Staff, EAMENA Project Staff",
        "Land Cover Assessment Date": null,
        "Land Cover Type": null,
        "Location Certainty": "Medium",
        "Material Class": null,
        "Material Type": null,
        "Maximum Depth/Min Elevation": null,
        "Measurement Number": null,
        "Measurement Source Type ": null,
        "Measurement Unit": null,
        "Minimum Depth/Max Elevation": null,
        "Name Type": "Alternative Reference, Alternative Reference, Alternative Reference",
        "Overall Archaeological Certainty Value ": "High",
        "Overall Condition State Type": "Good",
        "Overall Site Morphology Type": "Positive/Built Feature",
        "Overall Site Shape Type": "",
        "Priority Type": null,
        "Recommendation Type": null,
        "Related Geoarchaeology/Palaeolandscape": null,
        "Resource Name": "Md259, Md 00259, BUL036",
        "Resource Orientation": "",
        "Restricted Access Record Designation": null,
        "SH Date From": null,
        "SH Date to": null,
        "Site Feature Arrangement Type": null,
        "Site Feature Form Type": null,
        "Site Feature Form Type Certainty": null,
        "Site Feature Interpretation Certainty": "Definite",
        "Site Feature Interpretation Number Type": "1",
        "Site Feature Interpretation Type": "Settlement/Habitation Site",
        "Site Feature Number Type": null,
        "Site Feature Shape Type": null,
        "Spatial Coordinates Ref System": "",
        "Surficial Geology Type": null,
        "Threat Category": "Building and Development",
        "Threat Cause Type": "Unknown",
        "Threat Inference Making Assessor Name - Actor": "Nichole Sheldrick",
        "Threat Probability ": "Possible",
        "Tidal Range": null,
        "Topography Type": "Unknown",
        "Wave Climate": null
      },
      "type": "Feature"
    },
    {
      "geometry": {
        "coordinates": [
          14.085296,
          31.795501
        ],
        "type": "Point"
      },
      "properties": {
        "AH Date From": null,
        "AH Date To": null,
        "Address": null,
        "Address Type": null,
        "Administrative Division ": null,
        "Administrative Division Type": null,
        "Archaeological From Date": null,
        "Archaeological To Date": null,
        "Assessment Activity Date": "2016-03-10",
        "Assessment Activity Type": "Desk-based",
        "Assessment Investigator - Actor": "Nichole Sheldrick",
        "BP Date From": null,
        "BP Date To": null,
        "Bedrock Geology Type": null,
        "Built Component": null,
        "Cadastral Reference": "None, None",
        "Construction Technique": null,
        "Country Type": "Libya, ",
        "Cultural Period Certainty": "Possible, Possible, Possible",
        "Cultural Period Type": "Classical/Protohistoric/Pre-Islamic (North Africa), Classical/Protohistoric/Pre-Islamic (North Africa), Classical/Protohistoric/Pre-Islamic (North Africa)",
        "Cultural Sub-period Certainty": "Possible, Possible, Possible",
        "Cultural Sub-period Type": "Roman Imperial, Late (North Africa), Byzantine (Maghreb), Vandal (Maghreb)",
        "Damage Extent Type": "Unknown",
        "Date Inference Making Actor Name": "None, None, None",
        "Datum Description/EPSG code": null,
        "Datum Type": null,
        "Depositional Process": null,
        "Designation": null,
        "Designation From Date": null,
        "Designation To Date": null,
        "Detailed Condition Assessments": null,
        "Dimension Type": null,
        "Disturbance Cause Assignment Assessor Name - Actor": "None",
        "Disturbance Cause Category Type": "Unknown",
        "Disturbance Cause Certainty ": "Not Applicable",
        "Disturbance Cause Type ": "Unknown",
        "Disturbance Date From": "None",
        "Disturbance Date Occurred Before": "None",
        "Disturbance Date Occurred On ": "None",
        "Disturbance Date To ": "None",
        "EAMENA ID": "EAMENA-0087054",
        "Effect Certainty": "Not Applicable",
        "Effect Type": "Unknown",
        "Fetch Type": null,
        "GE Imagery Acquisition Date": null,
        "General Description": null,
        "General Description Type": null,
        "Geometry Extent Certainty": "Negligible",
        "Geometry Qualifier": "",
        "Google Earth Assessment": "None",
        "Grid ID": ", E14N31-33",
        "Heritage Place Function": "Domestic, Defensive/Fortification, Agricultural/Pastoral",
        "Heritage Place Function Certainty ": "High, High, High",
        "Heritage Place Resource Instance": null,
        "Heritage Place Type": "Archaeological Site",
        "Imagery Acquisition Date": null,
        "Information Resource": null,
        "Information Resource Acquisition Date": null,
        "Intervention Activity Type": null,
        "Investigator Role Type": "",
        "Land Cover Assessment Date": null,
        "Land Cover Type": null,
        "Location Certainty": "High",
        "Material Class": null,
        "Material Type": null,
        "Maximum Depth/Min Elevation": null,
        "Measurement Number": null,
        "Measurement Source Type ": null,
        "Measurement Unit": null,
        "Minimum Depth/Max Elevation": null,
        "Name Type": "Alternative Reference, Designation, Alternative Reference",
        "Overall Archaeological Certainty Value ": "Definite",
        "Overall Condition State Type": "Unknown",
        "Overall Site Morphology Type": "Positive/Built Feature",
        "Overall Site Shape Type": "Unknown, ",
        "Priority Type": null,
        "Recommendation Type": null,
        "Related Geoarchaeology/Palaeolandscape": null,
        "Resource Name": "Md260-g, E14N31-33_000047, BUL040",
        "Resource Orientation": ", ",
        "Restricted Access Record Designation": null,
        "SH Date From": null,
        "SH Date to": null,
        "Site Feature Arrangement Type": "Unknown",
        "Site Feature Form Type": "Structure",
        "Site Feature Form Type Certainty": "Definite",
        "Site Feature Interpretation Certainty": "High, High",
        "Site Feature Interpretation Number Type": "1, 1",
        "Site Feature Interpretation Type": "Settlement/Habitation Site, Farm Building",
        "Site Feature Number Type": "1",
        "Site Feature Shape Type": "Unknown",
        "Spatial Coordinates Ref System": "None",
        "Surficial Geology Type": null,
        "Threat Category": "Unknown",
        "Threat Cause Type": "Unknown",
        "Threat Inference Making Assessor Name - Actor": "None",
        "Threat Probability ": "Not Applicable",
        "Tidal Range": null,
        "Topography Type": "Precipice/Edge, Plain/Plateau",
        "Wave Climate": null
      },
      "type": "Feature"
    },
    {
      "geometry": {
        "coordinates": [
          14.086207,
          31.792592
        ],
        "type": "Point"
      },
      "properties": {
        "AH Date From": null,
        "AH Date To": null,
        "Address": null,
        "Address Type": null,
        "Administrative Division ": null,
        "Administrative Division Type": null,
        "Archaeological From Date": null,
        "Archaeological To Date": null,
        "Assessment Activity Date": "2024-05-21",
        "Assessment Activity Type": "Archaeological Assessment (Image Interpretation)",
        "Assessment Investigator - Actor": "Nichole Sheldrick",
        "BP Date From": null,
        "BP Date To": null,
        "Bedrock Geology Type": null,
        "Built Component": null,
        "Cadastral Reference": "",
        "Construction Technique": null,
        "Country Type": "Libya",
        "Cultural Period Certainty": null,
        "Cultural Period Type": null,
        "Cultural Sub-period Certainty": null,
        "Cultural Sub-period Type": null,
        "Damage Extent Type": null,
        "Date Inference Making Actor Name": null,
        "Datum Description/EPSG code": null,
        "Datum Type": null,
        "Depositional Process": null,
        "Designation": null,
        "Designation From Date": null,
        "Designation To Date": null,
        "Detailed Condition Assessments": null,
        "Dimension Type": null,
        "Disturbance Cause Assignment Assessor Name - Actor": null,
        "Disturbance Cause Category Type": null,
        "Disturbance Cause Certainty ": null,
        "Disturbance Cause Type ": null,
        "Disturbance Date From": null,
        "Disturbance Date Occurred Before": null,
        "Disturbance Date Occurred On ": null,
        "Disturbance Date To ": null,
        "EAMENA ID": "EAMENA-0261877",
        "Effect Certainty": null,
        "Effect Type": null,
        "Fetch Type": null,
        "GE Imagery Acquisition Date": null,
        "General Description": null,
        "General Description Type": null,
        "Geometry Extent Certainty": "Negligible",
        "Geometry Qualifier": "Center Point",
        "Google Earth Assessment": "True",
        "Grid ID": "E14N31-33",
        "Heritage Place Function": "Domestic",
        "Heritage Place Function Certainty ": "Medium",
        "Heritage Place Resource Instance": null,
        "Heritage Place Type": null,
        "Imagery Acquisition Date": null,
        "Information Resource": null,
        "Information Resource Acquisition Date": null,
        "Intervention Activity Type": null,
        "Investigator Role Type": "EAMENA Project Staff",
        "Land Cover Assessment Date": null,
        "Land Cover Type": null,
        "Location Certainty": "High",
        "Material Class": null,
        "Material Type": null,
        "Maximum Depth/Min Elevation": null,
        "Measurement Number": null,
        "Measurement Source Type ": null,
        "Measurement Unit": null,
        "Minimum Depth/Max Elevation": null,
        "Name Type": "Alternative Reference",
        "Overall Archaeological Certainty Value ": "High",
        "Overall Condition State Type": null,
        "Overall Site Morphology Type": null,
        "Overall Site Shape Type": "Irregular",
        "Priority Type": null,
        "Recommendation Type": null,
        "Related Geoarchaeology/Palaeolandscape": null,
        "Resource Name": "BUL039",
        "Resource Orientation": "",
        "Restricted Access Record Designation": null,
        "SH Date From": null,
        "SH Date to": null,
        "Site Feature Arrangement Type": null,
        "Site Feature Form Type": null,
        "Site Feature Form Type Certainty": null,
        "Site Feature Interpretation Certainty": "Medium",
        "Site Feature Interpretation Number Type": "2 to 5",
        "Site Feature Interpretation Type": "Building/Enclosure",
        "Site Feature Number Type": null,
        "Site Feature Shape Type": null,
        "Spatial Coordinates Ref System": "",
        "Surficial Geology Type": null,
        "Threat Category": null,
        "Threat Cause Type": null,
        "Threat Inference Making Assessor Name - Actor": null,
        "Threat Probability ": null,
        "Tidal Range": null,
        "Topography Type": null,
        "Wave Climate": null
      },
      "type": "Feature"
    },
    {
      "geometry": {
        "coordinates": [
          14.086367,
          31.794234
        ],
        "type": "Point"
      },
      "properties": {
        "AH Date From": null,
        "AH Date To": null,
        "Address": null,
        "Address Type": null,
        "Administrative Division ": null,
        "Administrative Division Type": null,
        "Archaeological From Date": null,
        "Archaeological To Date": null,
        "Assessment Activity Date": "2019-07-17, 2020-05-01",
        "Assessment Activity Type": "Literature Interpretation/Digitisation, Condition Assessment (Image Interpretation)",
        "Assessment Investigator - Actor": "Nichole Sheldrick, Nichole Sheldrick",
        "BP Date From": null,
        "BP Date To": null,
        "Bedrock Geology Type": null,
        "Built Component": null,
        "Cadastral Reference": "None",
        "Construction Technique": null,
        "Country Type": "Libya",
        "Cultural Period Certainty": "Not Applicable",
        "Cultural Period Type": "Unknown",
        "Cultural Sub-period Certainty": "Not Applicable",
        "Cultural Sub-period Type": "Unknown",
        "Damage Extent Type": "Unknown",
        "Date Inference Making Actor Name": "UNESCO Libyan Valleys Survey Gazetteer",
        "Datum Description/EPSG code": null,
        "Datum Type": null,
        "Depositional Process": null,
        "Designation": null,
        "Designation From Date": null,
        "Designation To Date": null,
        "Detailed Condition Assessments": null,
        "Dimension Type": null,
        "Disturbance Cause Assignment Assessor Name - Actor": "Nichole Sheldrick",
        "Disturbance Cause Category Type": "Building and Development",
        "Disturbance Cause Certainty ": "High",
        "Disturbance Cause Type ": "Construction",
        "Disturbance Date From": "None",
        "Disturbance Date Occurred Before": "2009-10-19",
        "Disturbance Date Occurred On ": "None",
        "Disturbance Date To ": "None",
        "EAMENA ID": "EAMENA-0189440",
        "Effect Certainty": "Not Applicable",
        "Effect Type": "Unknown",
        "Fetch Type": null,
        "GE Imagery Acquisition Date": null,
        "General Description": null,
        "General Description Type": null,
        "Geometry Extent Certainty": "Negligible",
        "Geometry Qualifier": "",
        "Google Earth Assessment": "None, None",
        "Grid ID": "E14N31-33",
        "Heritage Place Function": "Funerary/Memorial",
        "Heritage Place Function Certainty ": "Medium",
        "Heritage Place Resource Instance": null,
        "Heritage Place Type": "Archaeological Site",
        "Imagery Acquisition Date": null,
        "Information Resource": null,
        "Information Resource Acquisition Date": null,
        "Intervention Activity Type": null,
        "Investigator Role Type": "EAMENA Project Staff, EAMENA Project Staff",
        "Land Cover Assessment Date": null,
        "Land Cover Type": null,
        "Location Certainty": "Definite",
        "Material Class": null,
        "Material Type": null,
        "Maximum Depth/Min Elevation": null,
        "Measurement Number": null,
        "Measurement Source Type ": null,
        "Measurement Unit": null,
        "Minimum Depth/Max Elevation": null,
        "Name Type": "Alternative Reference, Alternative Reference, Alternative Reference",
        "Overall Archaeological Certainty Value ": "Medium",
        "Overall Condition State Type": "Fair",
        "Overall Site Morphology Type": null,
        "Overall Site Shape Type": "",
        "Priority Type": null,
        "Recommendation Type": null,
        "Related Geoarchaeology/Palaeolandscape": null,
        "Resource Name": "Md271, Md 00271, BUL041",
        "Resource Orientation": "",
        "Restricted Access Record Designation": null,
        "SH Date From": null,
        "SH Date to": null,
        "Site Feature Arrangement Type": null,
        "Site Feature Form Type": null,
        "Site Feature Form Type Certainty": null,
        "Site Feature Interpretation Certainty": "Medium, Medium",
        "Site Feature Interpretation Number Type": "1, Unknown",
        "Site Feature Interpretation Type": "Cemetery, Tomb/Grave/Burial",
        "Site Feature Number Type": null,
        "Site Feature Shape Type": null,
        "Spatial Coordinates Ref System": "None",
        "Surficial Geology Type": null,
        "Threat Category": "Building and Development",
        "Threat Cause Type": "Unknown",
        "Threat Inference Making Assessor Name - Actor": "Nichole Sheldrick",
        "Threat Probability ": "Possible",
        "Tidal Range": null,
        "Topography Type": "Unknown",
        "Wave Climate": null
      },
      "type": "Feature"
    },
    {
      "geometry": {
        "coordinates": [
          14.086653,
          31.797919
        ],
        "type": "Point"
      },
      "properties": {
        "AH Date From": null,
        "AH Date To": null,
        "Address": null,
        "Address Type": null,
        "Administrative Division ": null,
        "Administrative Division Type": null,
        "Archaeological From Date": null,
        "Archaeological To Date": null,
        "Assessment Activity Date": "2019-07-17",
        "Assessment Activity Type": "Literature Interpretation/Digitisation",
        "Assessment Investigator - Actor": "Nichole Sheldrick",
        "BP Date From": null,
        "BP Date To": null,
        "Bedrock Geology Type": null,
        "Built Component": null,
        "Cadastral Reference": "None",
        "Construction Technique": null,
        "Country Type": "Libya",
        "Cultural Period Certainty": "Possible, Possible",
        "Cultural Period Type": "Islamic (North Africa), Classical/Protohistoric/Pre-Islamic (North Africa)",
        "Cultural Sub-period Certainty": "Possible, Possible",
        "Cultural Sub-period Type": "Unknown, Roman/Late Antique (North Africa)",
        "Damage Extent Type": "Unknown",
        "Date Inference Making Actor Name": "UNESCO Libyan Valleys Survey Gazetteer, UNESCO Libyan Valleys Survey Gazetteer",
        "Datum Description/EPSG code": null,
        "Datum Type": null,
        "Depositional Process": null,
        "Designation": null,
        "Designation From Date": null,
        "Designation To Date": null,
        "Detailed Condition Assessments": null,
        "Dimension Type": null,
        "Disturbance Cause Assignment Assessor Name - Actor": "Nichole Sheldrick",
        "Disturbance Cause Category Type": "Unknown",
        "Disturbance Cause Certainty ": "Not Applicable",
        "Disturbance Cause Type ": "Unknown",
        "Disturbance Date From": "None",
        "Disturbance Date Occurred Before": "None",
        "Disturbance Date Occurred On ": "None",
        "Disturbance Date To ": "None",
        "EAMENA ID": "EAMENA-0189430",
        "Effect Certainty": "Not Applicable",
        "Effect Type": "Unknown",
        "Fetch Type": null,
        "GE Imagery Acquisition Date": null,
        "General Description": "Associated with Gasr Qamiret (Md262)?",
        "General Description Type": "Comments",
        "Geometry Extent Certainty": "Negligible",
        "Geometry Qualifier": "",
        "Google Earth Assessment": "None",
        "Grid ID": "E14N31-33",
        "Heritage Place Function": "Domestic",
        "Heritage Place Function Certainty ": "Definite",
        "Heritage Place Resource Instance": null,
        "Heritage Place Type": "Archaeological Site",
        "Imagery Acquisition Date": null,
        "Information Resource": null,
        "Information Resource Acquisition Date": null,
        "Intervention Activity Type": null,
        "Investigator Role Type": "EAMENA Project Staff",
        "Land Cover Assessment Date": null,
        "Land Cover Type": null,
        "Location Certainty": "Low",
        "Material Class": null,
        "Material Type": null,
        "Maximum Depth/Min Elevation": null,
        "Measurement Number": null,
        "Measurement Source Type ": null,
        "Measurement Unit": null,
        "Minimum Depth/Max Elevation": null,
        "Name Type": "Alternative Reference, Alternative Reference, Alternative Reference",
        "Overall Archaeological Certainty Value ": "High",
        "Overall Condition State Type": "Unknown",
        "Overall Site Morphology Type": "Positive/Built Feature",
        "Overall Site Shape Type": "",
        "Priority Type": null,
        "Recommendation Type": null,
        "Related Geoarchaeology/Palaeolandscape": null,
        "Resource Name": "Md261, Md 00261, BUL042",
        "Resource Orientation": "",
        "Restricted Access Record Designation": null,
        "SH Date From": null,
        "SH Date to": null,
        "Site Feature Arrangement Type": null,
        "Site Feature Form Type": null,
        "Site Feature Form Type Certainty": null,
        "Site Feature Interpretation Certainty": "Definite",
        "Site Feature Interpretation Number Type": "1",
        "Site Feature Interpretation Type": "Settlement/Habitation Site",
        "Site Feature Number Type": null,
        "Site Feature Shape Type": null,
        "Spatial Coordinates Ref System": "",
        "Surficial Geology Type": null,
        "Threat Category": "Unknown",
        "Threat Cause Type": "Unknown",
        "Threat Inference Making Assessor Name - Actor": "Nichole Sheldrick",
        "Threat Probability ": "Not Applicable",
        "Tidal Range": null,
        "Topography Type": "Plain/Plateau, Precipice/Edge",
        "Wave Climate": null
      },
      "type": "Feature"
    },
    {
      "geometry": {
        "coordinates": [
          14.087189,
          31.800203
        ],
        "type": "Point"
      },
      "properties": {
        "AH Date From": null,
        "AH Date To": null,
        "Address": null,
        "Address Type": null,
        "Administrative Division ": null,
        "Administrative Division Type": null,
        "Archaeological From Date": null,
        "Archaeological To Date": null,
        "Assessment Activity Date": "2016-03-10",
        "Assessment Activity Type": "Desk-based",
        "Assessment Investigator - Actor": "Nichole Sheldrick",
        "BP Date From": null,
        "BP Date To": null,
        "Bedrock Geology Type": null,
        "Built Component": null,
        "Cadastral Reference": "None",
        "Construction Technique": null,
        "Country Type": "Libya",
        "Cultural Period Certainty": "Possible, Possible, Possible",
        "Cultural Period Type": "Classical/Protohistoric/Pre-Islamic (North Africa), Classical/Protohistoric/Pre-Islamic (North Africa), Classical/Protohistoric/Pre-Islamic (North Africa)",
        "Cultural Sub-period Certainty": "Possible, Possible, Possible",
        "Cultural Sub-period Type": "Roman Imperial, Late (North Africa), Byzantine (Maghreb), Vandal (Maghreb)",
        "Damage Extent Type": "Unknown",
        "Date Inference Making Actor Name": "None, None, None",
        "Datum Description/EPSG code": null,
        "Datum Type": null,
        "Depositional Process": null,
        "Designation": null,
        "Designation From Date": null,
        "Designation To Date": null,
        "Detailed Condition Assessments": null,
        "Dimension Type": null,
        "Disturbance Cause Assignment Assessor Name - Actor": "None",
        "Disturbance Cause Category Type": "Unknown",
        "Disturbance Cause Certainty ": "Not Applicable",
        "Disturbance Cause Type ": "Unknown",
        "Disturbance Date From": "None",
        "Disturbance Date Occurred Before": "None",
        "Disturbance Date Occurred On ": "None",
        "Disturbance Date To ": "None",
        "EAMENA ID": "EAMENA-0087055",
        "Effect Certainty": "Not Applicable",
        "Effect Type": "Unknown",
        "Fetch Type": null,
        "GE Imagery Acquisition Date": null,
        "General Description": null,
        "General Description Type": null,
        "Geometry Extent Certainty": "",
        "Geometry Qualifier": "",
        "Google Earth Assessment": "None",
        "Grid ID": "E14N31-33",
        "Heritage Place Function": "Domestic, Defensive/Fortification, Agricultural/Pastoral",
        "Heritage Place Function Certainty ": "High, High, High",
        "Heritage Place Resource Instance": null,
        "Heritage Place Type": "Archaeological Site",
        "Imagery Acquisition Date": null,
        "Information Resource": null,
        "Information Resource Acquisition Date": null,
        "Intervention Activity Type": null,
        "Investigator Role Type": "",
        "Land Cover Assessment Date": null,
        "Land Cover Type": null,
        "Location Certainty": "Negligible",
        "Material Class": null,
        "Material Type": null,
        "Maximum Depth/Min Elevation": null,
        "Measurement Number": null,
        "Measurement Source Type ": null,
        "Measurement Unit": null,
        "Minimum Depth/Max Elevation": null,
        "Name Type": "Designation, Toponym, Alternative Reference, Alternative Reference",
        "Overall Archaeological Certainty Value ": "Definite",
        "Overall Condition State Type": "Unknown",
        "Overall Site Morphology Type": "Positive/Built Feature",
        "Overall Site Shape Type": "Unknown",
        "Priority Type": null,
        "Recommendation Type": null,
        "Related Geoarchaeology/Palaeolandscape": null,
        "Resource Name": "E14N31-33_000048, Gasr Qamiret, Md262-g, BUL043",
        "Resource Orientation": "",
        "Restricted Access Record Designation": null,
        "SH Date From": null,
        "SH Date to": null,
        "Site Feature Arrangement Type": "Unknown",
        "Site Feature Form Type": "Structure",
        "Site Feature Form Type Certainty": "Definite",
        "Site Feature Interpretation Certainty": "High, High",
        "Site Feature Interpretation Number Type": "1, 1",
        "Site Feature Interpretation Type": "Settlement/Habitation Site, Farm Building",
        "Site Feature Number Type": "1",
        "Site Feature Shape Type": "Unknown",
        "Spatial Coordinates Ref System": "",
        "Surficial Geology Type": null,
        "Threat Category": "Unknown",
        "Threat Cause Type": "Unknown",
        "Threat Inference Making Assessor Name - Actor": "None",
        "Threat Probability ": "Not Applicable",
        "Tidal Range": null,
        "Topography Type": null,
        "Wave Climate": null
      },
      "type": "Feature"
    },
    {
      "geometry": {
        "coordinates": [
          14.086543,
          31.802897
        ],
        "type": "Point"
      },
      "properties": {
        "AH Date From": null,
        "AH Date To": null,
        "Address": null,
        "Address Type": null,
        "Administrative Division ": null,
        "Administrative Division Type": null,
        "Archaeological From Date": null,
        "Archaeological To Date": null,
        "Assessment Activity Date": "2019-07-17",
        "Assessment Activity Type": "Literature Interpretation/Digitisation",
        "Assessment Investigator - Actor": "Nichole Sheldrick",
        "BP Date From": null,
        "BP Date To": null,
        "Bedrock Geology Type": null,
        "Built Component": null,
        "Cadastral Reference": "None",
        "Construction Technique": null,
        "Country Type": "Libya",
        "Cultural Period Certainty": "Possible",
        "Cultural Period Type": "Classical/Protohistoric/Pre-Islamic (North Africa)",
        "Cultural Sub-period Certainty": "Possible",
        "Cultural Sub-period Type": "Roman/Late Antique (North Africa)",
        "Damage Extent Type": "Unknown",
        "Date Inference Making Actor Name": "UNESCO Libyan Valleys Survey Gazetteer",
        "Datum Description/EPSG code": null,
        "Datum Type": null,
        "Depositional Process": null,
        "Designation": null,
        "Designation From Date": null,
        "Designation To Date": null,
        "Detailed Condition Assessments": null,
        "Dimension Type": null,
        "Disturbance Cause Assignment Assessor Name - Actor": "Nichole Sheldrick",
        "Disturbance Cause Category Type": "Unknown",
        "Disturbance Cause Certainty ": "Not Applicable",
        "Disturbance Cause Type ": "Unknown",
        "Disturbance Date From": "None",
        "Disturbance Date Occurred Before": "None",
        "Disturbance Date Occurred On ": "None",
        "Disturbance Date To ": "None",
        "EAMENA ID": "EAMENA-0189441",
        "Effect Certainty": "Not Applicable",
        "Effect Type": "Unknown",
        "Fetch Type": null,
        "GE Imagery Acquisition Date": null,
        "General Description": null,
        "General Description Type": null,
        "Geometry Extent Certainty": "Negligible",
        "Geometry Qualifier": "",
        "Google Earth Assessment": "None",
        "Grid ID": "E14N31-33",
        "Heritage Place Function": "Hydrological",
        "Heritage Place Function Certainty ": "Definite",
        "Heritage Place Resource Instance": null,
        "Heritage Place Type": "Archaeological Site",
        "Imagery Acquisition Date": null,
        "Information Resource": null,
        "Information Resource Acquisition Date": null,
        "Intervention Activity Type": null,
        "Investigator Role Type": "EAMENA Project Staff",
        "Land Cover Assessment Date": null,
        "Land Cover Type": null,
        "Location Certainty": "High",
        "Material Class": null,
        "Material Type": null,
        "Maximum Depth/Min Elevation": null,
        "Measurement Number": null,
        "Measurement Source Type ": null,
        "Measurement Unit": null,
        "Minimum Depth/Max Elevation": null,
        "Name Type": "Alternative Reference, Alternative Reference, Alternative Reference",
        "Overall Archaeological Certainty Value ": "High",
        "Overall Condition State Type": "Unknown",
        "Overall Site Morphology Type": "Positive/Built Feature",
        "Overall Site Shape Type": "",
        "Priority Type": null,
        "Recommendation Type": null,
        "Related Geoarchaeology/Palaeolandscape": null,
        "Resource Name": "Md272, Md 00272, BUL044",
        "Resource Orientation": "",
        "Restricted Access Record Designation": null,
        "SH Date From": null,
        "SH Date to": null,
        "Site Feature Arrangement Type": null,
        "Site Feature Form Type": null,
        "Site Feature Form Type Certainty": null,
        "Site Feature Interpretation Certainty": "Definite",
        "Site Feature Interpretation Number Type": "Unknown",
        "Site Feature Interpretation Type": "Wadi Wall",
        "Site Feature Number Type": null,
        "Site Feature Shape Type": null,
        "Spatial Coordinates Ref System": "",
        "Surficial Geology Type": null,
        "Threat Category": "Unknown",
        "Threat Cause Type": "Unknown",
        "Threat Inference Making Assessor Name - Actor": "Nichole Sheldrick",
        "Threat Probability ": "Not Applicable",
        "Tidal Range": null,
        "Topography Type": "Watercourse Bed",
        "Wave Climate": null
      },
      "type": "Feature"
    },
    {
      "geometry": {
        "coordinates": [
          14.085679,
          31.804001
        ],
        "type": "Point"
      },
      "properties": {
        "AH Date From": null,
        "AH Date To": null,
        "Address": null,
        "Address Type": null,
        "Administrative Division ": null,
        "Administrative Division Type": null,
        "Archaeological From Date": null,
        "Archaeological To Date": null,
        "Assessment Activity Date": "2016-03-10",
        "Assessment Activity Type": "Desk-based",
        "Assessment Investigator - Actor": "Nichole Sheldrick",
        "BP Date From": null,
        "BP Date To": null,
        "Bedrock Geology Type": null,
        "Built Component": null,
        "Cadastral Reference": "None",
        "Construction Technique": null,
        "Country Type": "Libya",
        "Cultural Period Certainty": "Possible, Possible, Possible",
        "Cultural Period Type": "Classical/Protohistoric/Pre-Islamic (North Africa), Classical/Protohistoric/Pre-Islamic (North Africa), Classical/Protohistoric/Pre-Islamic (North Africa)",
        "Cultural Sub-period Certainty": "Possible, Possible, Possible",
        "Cultural Sub-period Type": "Vandal (Maghreb), Roman Imperial, Late (North Africa), Byzantine (Maghreb)",
        "Damage Extent Type": "Unknown",
        "Date Inference Making Actor Name": "None, None, None",
        "Datum Description/EPSG code": null,
        "Datum Type": null,
        "Depositional Process": null,
        "Designation": null,
        "Designation From Date": null,
        "Designation To Date": null,
        "Detailed Condition Assessments": null,
        "Dimension Type": null,
        "Disturbance Cause Assignment Assessor Name - Actor": "None",
        "Disturbance Cause Category Type": "Unknown",
        "Disturbance Cause Certainty ": "Not Applicable",
        "Disturbance Cause Type ": "Unknown",
        "Disturbance Date From": "None",
        "Disturbance Date Occurred Before": "None",
        "Disturbance Date Occurred On ": "None",
        "Disturbance Date To ": "None",
        "EAMENA ID": "EAMENA-0087057",
        "Effect Certainty": "Not Applicable",
        "Effect Type": "Unknown",
        "Fetch Type": null,
        "GE Imagery Acquisition Date": null,
        "General Description": null,
        "General Description Type": null,
        "Geometry Extent Certainty": "Negligible",
        "Geometry Qualifier": "Center Point",
        "Google Earth Assessment": "None",
        "Grid ID": "E14N31-33",
        "Heritage Place Function": "Domestic, Defensive/Fortification, Agricultural/Pastoral",
        "Heritage Place Function Certainty ": "High, High, High",
        "Heritage Place Resource Instance": null,
        "Heritage Place Type": "Archaeological Site",
        "Imagery Acquisition Date": null,
        "Information Resource": null,
        "Information Resource Acquisition Date": null,
        "Intervention Activity Type": null,
        "Investigator Role Type": "",
        "Land Cover Assessment Date": null,
        "Land Cover Type": null,
        "Location Certainty": "Medium",
        "Material Class": null,
        "Material Type": null,
        "Maximum Depth/Min Elevation": null,
        "Measurement Number": null,
        "Measurement Source Type ": null,
        "Measurement Unit": null,
        "Minimum Depth/Max Elevation": null,
        "Name Type": "Alternative Reference, Designation, Alternative Reference",
        "Overall Archaeological Certainty Value ": "Definite",
        "Overall Condition State Type": "Unknown",
        "Overall Site Morphology Type": "Positive/Built Feature",
        "Overall Site Shape Type": "Unknown",
        "Priority Type": null,
        "Recommendation Type": null,
        "Related Geoarchaeology/Palaeolandscape": null,
        "Resource Name": "Md273-g, E14N31-33_000050, BUL045",
        "Resource Orientation": "",
        "Restricted Access Record Designation": null,
        "SH Date From": null,
        "SH Date to": null,
        "Site Feature Arrangement Type": "Unknown",
        "Site Feature Form Type": "Structure",
        "Site Feature Form Type Certainty": "Definite",
        "Site Feature Interpretation Certainty": "High, High",
        "Site Feature Interpretation Number Type": "1, 1",
        "Site Feature Interpretation Type": "Settlement/Habitation Site, Farm Building",
        "Site Feature Number Type": "1",
        "Site Feature Shape Type": "Unknown",
        "Spatial Coordinates Ref System": "",
        "Surficial Geology Type": null,
        "Threat Category": "Unknown",
        "Threat Cause Type": "Unknown",
        "Threat Inference Making Assessor Name - Actor": "None",
        "Threat Probability ": "Not Applicable",
        "Tidal Range": null,
        "Topography Type": null,
        "Wave Climate": null
      },
      "type": "Feature"
    },
    {
      "geometry": {
        "coordinates": [
          14.086421,
          31.814228
        ],
        "type": "Point"
      },
      "properties": {
        "AH Date From": null,
        "AH Date To": null,
        "Address": null,
        "Address Type": null,
        "Administrative Division ": null,
        "Administrative Division Type": null,
        "Archaeological From Date": null,
        "Archaeological To Date": null,
        "Assessment Activity Date": "2016-03-10",
        "Assessment Activity Type": "Desk-based",
        "Assessment Investigator - Actor": "Nichole Sheldrick",
        "BP Date From": null,
        "BP Date To": null,
        "Bedrock Geology Type": null,
        "Built Component": null,
        "Cadastral Reference": "None",
        "Construction Technique": null,
        "Country Type": "Libya",
        "Cultural Period Certainty": "Possible, Possible, Possible",
        "Cultural Period Type": "Classical/Protohistoric/Pre-Islamic (North Africa), Classical/Protohistoric/Pre-Islamic (North Africa), Classical/Protohistoric/Pre-Islamic (North Africa)",
        "Cultural Sub-period Certainty": "Possible, Possible, Possible",
        "Cultural Sub-period Type": "Vandal (Maghreb), Roman Imperial, Late (North Africa), Byzantine (Maghreb)",
        "Damage Extent Type": "Unknown",
        "Date Inference Making Actor Name": "None, None, None",
        "Datum Description/EPSG code": null,
        "Datum Type": null,
        "Depositional Process": null,
        "Designation": null,
        "Designation From Date": null,
        "Designation To Date": null,
        "Detailed Condition Assessments": null,
        "Dimension Type": null,
        "Disturbance Cause Assignment Assessor Name - Actor": "None",
        "Disturbance Cause Category Type": "Unknown",
        "Disturbance Cause Certainty ": "Not Applicable",
        "Disturbance Cause Type ": "Unknown",
        "Disturbance Date From": "None",
        "Disturbance Date Occurred Before": "None",
        "Disturbance Date Occurred On ": "None",
        "Disturbance Date To ": "None",
        "EAMENA ID": "EAMENA-0087061",
        "Effect Certainty": "High",
        "Effect Type": "Collapse/Structural Damage",
        "Fetch Type": null,
        "GE Imagery Acquisition Date": null,
        "General Description": null,
        "General Description Type": null,
        "Geometry Extent Certainty": "",
        "Geometry Qualifier": "",
        "Google Earth Assessment": "None",
        "Grid ID": "E14N31-33",
        "Heritage Place Function": "Domestic, Defensive/Fortification, Agricultural/Pastoral",
        "Heritage Place Function Certainty ": "High, High, High",
        "Heritage Place Resource Instance": null,
        "Heritage Place Type": "Archaeological Site",
        "Imagery Acquisition Date": null,
        "Information Resource": null,
        "Information Resource Acquisition Date": null,
        "Intervention Activity Type": null,
        "Investigator Role Type": "",
        "Land Cover Assessment Date": null,
        "Land Cover Type": null,
        "Location Certainty": "Definite",
        "Material Class": null,
        "Material Type": null,
        "Maximum Depth/Min Elevation": null,
        "Measurement Number": null,
        "Measurement Source Type ": null,
        "Measurement Unit": null,
        "Minimum Depth/Max Elevation": null,
        "Name Type": "Alternative Reference, Designation, Alternative Reference",
        "Overall Archaeological Certainty Value ": "Definite",
        "Overall Condition State Type": "Poor",
        "Overall Site Morphology Type": "Positive/Built Feature",
        "Overall Site Shape Type": "Irregular",
        "Priority Type": null,
        "Recommendation Type": null,
        "Related Geoarchaeology/Palaeolandscape": null,
        "Resource Name": "Md276-g, E14N31-33_000054, BUL047",
        "Resource Orientation": "",
        "Restricted Access Record Designation": null,
        "SH Date From": null,
        "SH Date to": null,
        "Site Feature Arrangement Type": "Discrete, Adjoining",
        "Site Feature Form Type": "Tower, Structure",
        "Site Feature Form Type Certainty": "Medium, High",
        "Site Feature Interpretation Certainty": "High, High, High",
        "Site Feature Interpretation Number Type": "1, Unknown, 1",
        "Site Feature Interpretation Type": "Settlement/Habitation Site, Building/Enclosure, Farm Building",
        "Site Feature Number Type": "1, Unknown",
        "Site Feature Shape Type": "Rectangular/Square, Rectilinear",
        "Spatial Coordinates Ref System": "None",
        "Surficial Geology Type": null,
        "Threat Category": "Unknown",
        "Threat Cause Type": "Unknown",
        "Threat Inference Making Assessor Name - Actor": "None",
        "Threat Probability ": "Not Applicable",
        "Tidal Range": null,
        "Topography Type": null,
        "Wave Climate": null
      },
      "type": "Feature"
    },
    {
      "geometry": {
        "coordinates": [
          14.098269,
          31.820845
        ],
        "type": "Point"
      },
      "properties": {
        "AH Date From": null,
        "AH Date To": null,
        "Address": null,
        "Address Type": null,
        "Administrative Division ": null,
        "Administrative Division Type": null,
        "Archaeological From Date": null,
        "Archaeological To Date": null,
        "Assessment Activity Date": "2019-07-17, 2020-05-01",
        "Assessment Activity Type": "Literature Interpretation/Digitisation, Condition Assessment (Image Interpretation)",
        "Assessment Investigator - Actor": "Nichole Sheldrick, Nichole Sheldrick",
        "BP Date From": null,
        "BP Date To": null,
        "Bedrock Geology Type": null,
        "Built Component": null,
        "Cadastral Reference": "None",
        "Construction Technique": null,
        "Country Type": "Libya",
        "Cultural Period Certainty": "Possible",
        "Cultural Period Type": "Classical/Protohistoric/Pre-Islamic (North Africa)",
        "Cultural Sub-period Certainty": "Possible",
        "Cultural Sub-period Type": "Roman/Late Antique (North Africa)",
        "Damage Extent Type": "Unknown",
        "Date Inference Making Actor Name": "UNESCO Libyan Valleys Survey Gazetteer",
        "Datum Description/EPSG code": null,
        "Datum Type": null,
        "Depositional Process": null,
        "Designation": null,
        "Designation From Date": null,
        "Designation To Date": null,
        "Detailed Condition Assessments": null,
        "Dimension Type": null,
        "Disturbance Cause Assignment Assessor Name - Actor": "Nichole Sheldrick",
        "Disturbance Cause Category Type": "Agricultural/Pastoral",
        "Disturbance Cause Certainty ": "High",
        "Disturbance Cause Type ": "Occupation/Continued Use",
        "Disturbance Date From": "2009-10-19",
        "Disturbance Date Occurred Before": "None",
        "Disturbance Date Occurred On ": "None",
        "Disturbance Date To ": "2020-01-18",
        "EAMENA ID": "EAMENA-0189443",
        "Effect Certainty": "Not Applicable",
        "Effect Type": "Unknown",
        "Fetch Type": null,
        "GE Imagery Acquisition Date": null,
        "General Description": null,
        "General Description Type": null,
        "Geometry Extent Certainty": "Negligible",
        "Geometry Qualifier": "",
        "Google Earth Assessment": "None, None",
        "Grid ID": "E14N31-33",
        "Heritage Place Function": "Hydrological",
        "Heritage Place Function Certainty ": "Definite",
        "Heritage Place Resource Instance": null,
        "Heritage Place Type": "Archaeological Site",
        "Imagery Acquisition Date": null,
        "Information Resource": null,
        "Information Resource Acquisition Date": null,
        "Intervention Activity Type": null,
        "Investigator Role Type": "EAMENA Project Staff, EAMENA Project Staff",
        "Land Cover Assessment Date": null,
        "Land Cover Type": null,
        "Location Certainty": "High",
        "Material Class": null,
        "Material Type": null,
        "Maximum Depth/Min Elevation": null,
        "Measurement Number": null,
        "Measurement Source Type ": null,
        "Measurement Unit": null,
        "Minimum Depth/Max Elevation": null,
        "Name Type": "Alternative Reference, Alternative Reference, Alternative Reference",
        "Overall Archaeological Certainty Value ": "High",
        "Overall Condition State Type": "Good",
        "Overall Site Morphology Type": "Positive/Built Feature",
        "Overall Site Shape Type": "",
        "Priority Type": null,
        "Recommendation Type": null,
        "Related Geoarchaeology/Palaeolandscape": null,
        "Resource Name": "Md280, Md 00280, BUL048",
        "Resource Orientation": "",
        "Restricted Access Record Designation": null,
        "SH Date From": null,
        "SH Date to": null,
        "Site Feature Arrangement Type": null,
        "Site Feature Form Type": null,
        "Site Feature Form Type Certainty": null,
        "Site Feature Interpretation Certainty": "Definite",
        "Site Feature Interpretation Number Type": "Unknown",
        "Site Feature Interpretation Type": "Wadi Wall",
        "Site Feature Number Type": null,
        "Site Feature Shape Type": null,
        "Spatial Coordinates Ref System": "None",
        "Surficial Geology Type": null,
        "Threat Category": "Agricultural/Pastoral",
        "Threat Cause Type": "Occupation/Continued Use",
        "Threat Inference Making Assessor Name - Actor": "Nichole Sheldrick",
        "Threat Probability ": "Probable",
        "Tidal Range": null,
        "Topography Type": "Watercourse Bed",
        "Wave Climate": null
      },
      "type": "Feature"
    },
    {
      "geometry": {
        "coordinates": [
          14.083405,
          31.806785
        ],
        "type": "Point"
      },
      "properties": {
        "AH Date From": null,
        "AH Date To": null,
        "Address": null,
        "Address Type": null,
        "Administrative Division ": null,
        "Administrative Division Type": null,
        "Archaeological From Date": null,
        "Archaeological To Date": null,
        "Assessment Activity Date": "2024-05-21",
        "Assessment Activity Type": "Archaeological Assessment (Image Interpretation)",
        "Assessment Investigator - Actor": "Nichole Sheldrick",
        "BP Date From": null,
        "BP Date To": null,
        "Bedrock Geology Type": null,
        "Built Component": null,
        "Cadastral Reference": "",
        "Construction Technique": null,
        "Country Type": "Libya",
        "Cultural Period Certainty": null,
        "Cultural Period Type": null,
        "Cultural Sub-period Certainty": null,
        "Cultural Sub-period Type": null,
        "Damage Extent Type": null,
        "Date Inference Making Actor Name": null,
        "Datum Description/EPSG code": null,
        "Datum Type": null,
        "Depositional Process": null,
        "Designation": null,
        "Designation From Date": null,
        "Designation To Date": null,
        "Detailed Condition Assessments": null,
        "Dimension Type": null,
        "Disturbance Cause Assignment Assessor Name - Actor": null,
        "Disturbance Cause Category Type": null,
        "Disturbance Cause Certainty ": null,
        "Disturbance Cause Type ": null,
        "Disturbance Date From": null,
        "Disturbance Date Occurred Before": null,
        "Disturbance Date Occurred On ": null,
        "Disturbance Date To ": null,
        "EAMENA ID": "EAMENA-0261919",
        "Effect Certainty": null,
        "Effect Type": null,
        "Fetch Type": null,
        "GE Imagery Acquisition Date": null,
        "General Description": null,
        "General Description Type": null,
        "Geometry Extent Certainty": "Negligible",
        "Geometry Qualifier": "Center Point",
        "Google Earth Assessment": "True",
        "Grid ID": "E14N31-33",
        "Heritage Place Function": "Unknown",
        "Heritage Place Function Certainty ": "Not Applicable",
        "Heritage Place Resource Instance": null,
        "Heritage Place Type": "Archaeological Site",
        "Imagery Acquisition Date": null,
        "Information Resource": null,
        "Information Resource Acquisition Date": null,
        "Intervention Activity Type": null,
        "Investigator Role Type": "EAMENA Project Staff",
        "Land Cover Assessment Date": null,
        "Land Cover Type": null,
        "Location Certainty": "Low",
        "Material Class": null,
        "Material Type": null,
        "Maximum Depth/Min Elevation": null,
        "Measurement Number": null,
        "Measurement Source Type ": null,
        "Measurement Unit": null,
        "Minimum Depth/Max Elevation": null,
        "Name Type": "Alternative Reference",
        "Overall Archaeological Certainty Value ": "Low",
        "Overall Condition State Type": null,
        "Overall Site Morphology Type": null,
        "Overall Site Shape Type": "",
        "Priority Type": null,
        "Recommendation Type": null,
        "Related Geoarchaeology/Palaeolandscape": null,
        "Resource Name": "BUL046",
        "Resource Orientation": "",
        "Restricted Access Record Designation": null,
        "SH Date From": null,
        "SH Date to": null,
        "Site Feature Arrangement Type": null,
        "Site Feature Form Type": null,
        "Site Feature Form Type Certainty": null,
        "Site Feature Interpretation Certainty": null,
        "Site Feature Interpretation Number Type": null,
        "Site Feature Interpretation Type": null,
        "Site Feature Number Type": null,
        "Site Feature Shape Type": null,
        "Spatial Coordinates Ref System": "",
        "Surficial Geology Type": null,
        "Threat Category": null,
        "Threat Cause Type": null,
        "Threat Inference Making Assessor Name - Actor": null,
        "Threat Probability ": null,
        "Tidal Range": null,
        "Topography Type": null,
        "Wave Climate": null
      },
      "type": "Feature"
    },
    {
      "geometry": {
        "coordinates": [
          14.104005,
          31.820911
        ],
        "type": "Point"
      },
      "properties": {
        "AH Date From": null,
        "AH Date To": null,
        "Address": null,
        "Address Type": null,
        "Administrative Division ": null,
        "Administrative Division Type": null,
        "Archaeological From Date": null,
        "Archaeological To Date": null,
        "Assessment Activity Date": "2019-07-17, 2020-05-01",
        "Assessment Activity Type": "Literature Interpretation/Digitisation, Condition Assessment (Image Interpretation)",
        "Assessment Investigator - Actor": "Nichole Sheldrick, Nichole Sheldrick",
        "BP Date From": null,
        "BP Date To": null,
        "Bedrock Geology Type": null,
        "Built Component": null,
        "Cadastral Reference": "None",
        "Construction Technique": null,
        "Country Type": "Libya",
        "Cultural Period Certainty": "Possible, Definite, Possible",
        "Cultural Period Type": "Classical/Protohistoric/Pre-Islamic (North Africa), Contemporary Islamic (MENA), Islamic (North Africa)",
        "Cultural Sub-period Certainty": "Possible, Definite, Possible",
        "Cultural Sub-period Type": "Roman/Late Antique (North Africa), Unknown, Unknown",
        "Damage Extent Type": "Unknown",
        "Date Inference Making Actor Name": "UNESCO Libyan Valleys Survey Gazetteer, UNESCO Libyan Valleys Survey Gazetteer, UNESCO Libyan Valleys Survey Gazetteer",
        "Datum Description/EPSG code": null,
        "Datum Type": null,
        "Depositional Process": null,
        "Designation": null,
        "Designation From Date": null,
        "Designation To Date": null,
        "Detailed Condition Assessments": null,
        "Dimension Type": null,
        "Disturbance Cause Assignment Assessor Name - Actor": "Nichole Sheldrick",
        "Disturbance Cause Category Type": "Building and Development",
        "Disturbance Cause Certainty ": "Not Applicable",
        "Disturbance Cause Type ": "Unknown",
        "Disturbance Date From": "2009-10-19",
        "Disturbance Date Occurred Before": "None",
        "Disturbance Date Occurred On ": "None",
        "Disturbance Date To ": "2020-01-18",
        "EAMENA ID": "EAMENA-0189448",
        "Effect Certainty": "Not Applicable",
        "Effect Type": "Unknown",
        "Fetch Type": null,
        "GE Imagery Acquisition Date": null,
        "General Description": null,
        "General Description Type": null,
        "Geometry Extent Certainty": "Negligible",
        "Geometry Qualifier": "",
        "Google Earth Assessment": "None, None",
        "Grid ID": "E14N31-33",
        "Heritage Place Function": "Domestic",
        "Heritage Place Function Certainty ": "Definite",
        "Heritage Place Resource Instance": null,
        "Heritage Place Type": "Archaeological Site",
        "Imagery Acquisition Date": null,
        "Information Resource": null,
        "Information Resource Acquisition Date": null,
        "Intervention Activity Type": null,
        "Investigator Role Type": "EAMENA Project Staff, EAMENA Project Staff",
        "Land Cover Assessment Date": null,
        "Land Cover Type": null,
        "Location Certainty": "Medium",
        "Material Class": null,
        "Material Type": null,
        "Maximum Depth/Min Elevation": null,
        "Measurement Number": null,
        "Measurement Source Type ": null,
        "Measurement Unit": null,
        "Minimum Depth/Max Elevation": null,
        "Name Type": "Alternative Reference, Alternative Reference, Toponym, Alternative Reference",
        "Overall Archaeological Certainty Value ": "High",
        "Overall Condition State Type": "Good",
        "Overall Site Morphology Type": "Positive/Built Feature",
        "Overall Site Shape Type": "",
        "Priority Type": null,
        "Recommendation Type": null,
        "Related Geoarchaeology/Palaeolandscape": null,
        "Resource Name": "Md286, Md 00286, Brag Fah, BUL050",
        "Resource Orientation": "",
        "Restricted Access Record Designation": null,
        "SH Date From": null,
        "SH Date to": null,
        "Site Feature Arrangement Type": null,
        "Site Feature Form Type": null,
        "Site Feature Form Type Certainty": null,
        "Site Feature Interpretation Certainty": "Definite",
        "Site Feature Interpretation Number Type": "1",
        "Site Feature Interpretation Type": "Settlement/Habitation Site",
        "Site Feature Number Type": null,
        "Site Feature Shape Type": null,
        "Spatial Coordinates Ref System": "None",
        "Surficial Geology Type": null,
        "Threat Category": "Building and Development",
        "Threat Cause Type": "Unknown",
        "Threat Inference Making Assessor Name - Actor": "Nichole Sheldrick",
        "Threat Probability ": "Possible",
        "Tidal Range": null,
        "Topography Type": "Unknown",
        "Wave Climate": null
      },
      "type": "Feature"
    },
    {
      "geometry": {
        "coordinates": [
          14.100442,
          31.821216
        ],
        "type": "Point"
      },
      "properties": {
        "AH Date From": null,
        "AH Date To": null,
        "Address": null,
        "Address Type": null,
        "Administrative Division ": null,
        "Administrative Division Type": null,
        "Archaeological From Date": null,
        "Archaeological To Date": null,
        "Assessment Activity Date": "2019-07-17",
        "Assessment Activity Type": "Literature Interpretation/Digitisation",
        "Assessment Investigator - Actor": "Nichole Sheldrick",
        "BP Date From": null,
        "BP Date To": null,
        "Bedrock Geology Type": null,
        "Built Component": null,
        "Cadastral Reference": "None",
        "Construction Technique": null,
        "Country Type": "Libya",
        "Cultural Period Certainty": "Not Applicable",
        "Cultural Period Type": "Unknown",
        "Cultural Sub-period Certainty": "Not Applicable",
        "Cultural Sub-period Type": "Unknown",
        "Damage Extent Type": "Unknown",
        "Date Inference Making Actor Name": "UNESCO Libyan Valleys Survey Gazetteer",
        "Datum Description/EPSG code": null,
        "Datum Type": null,
        "Depositional Process": null,
        "Designation": null,
        "Designation From Date": null,
        "Designation To Date": null,
        "Detailed Condition Assessments": null,
        "Dimension Type": null,
        "Disturbance Cause Assignment Assessor Name - Actor": "Nichole Sheldrick",
        "Disturbance Cause Category Type": "Unknown",
        "Disturbance Cause Certainty ": "Not Applicable",
        "Disturbance Cause Type ": "Unknown",
        "Disturbance Date From": "None",
        "Disturbance Date Occurred Before": "None",
        "Disturbance Date Occurred On ": "None",
        "Disturbance Date To ": "None",
        "EAMENA ID": "EAMENA-0189444",
        "Effect Certainty": "Not Applicable",
        "Effect Type": "Unknown",
        "Fetch Type": null,
        "GE Imagery Acquisition Date": null,
        "General Description": null,
        "General Description Type": null,
        "Geometry Extent Certainty": "Negligible",
        "Geometry Qualifier": "",
        "Google Earth Assessment": "None",
        "Grid ID": "E14N31-33",
        "Heritage Place Function": "Unknown",
        "Heritage Place Function Certainty ": "Not Applicable",
        "Heritage Place Resource Instance": null,
        "Heritage Place Type": "Archaeological Site",
        "Imagery Acquisition Date": null,
        "Information Resource": null,
        "Information Resource Acquisition Date": null,
        "Intervention Activity Type": null,
        "Investigator Role Type": "EAMENA Project Staff",
        "Land Cover Assessment Date": null,
        "Land Cover Type": null,
        "Location Certainty": "Low",
        "Material Class": null,
        "Material Type": null,
        "Maximum Depth/Min Elevation": null,
        "Measurement Number": null,
        "Measurement Source Type ": null,
        "Measurement Unit": null,
        "Minimum Depth/Max Elevation": null,
        "Name Type": "Alternative Reference, Alternative Reference, Alternative Reference",
        "Overall Archaeological Certainty Value ": "Medium",
        "Overall Condition State Type": "Unknown",
        "Overall Site Morphology Type": "Surface Feature",
        "Overall Site Shape Type": "",
        "Priority Type": null,
        "Recommendation Type": null,
        "Related Geoarchaeology/Palaeolandscape": null,
        "Resource Name": "Md281, Md 00281, BUL049",
        "Resource Orientation": "",
        "Restricted Access Record Designation": null,
        "SH Date From": null,
        "SH Date to": null,
        "Site Feature Arrangement Type": "Unknown",
        "Site Feature Form Type": "Rubble Spread/Architectural Fragments",
        "Site Feature Form Type Certainty": "Definite",
        "Site Feature Interpretation Certainty": "Not Applicable",
        "Site Feature Interpretation Number Type": "Unknown",
        "Site Feature Interpretation Type": "Unknown",
        "Site Feature Number Type": "Unknown",
        "Site Feature Shape Type": "Unknown",
        "Spatial Coordinates Ref System": "None",
        "Surficial Geology Type": null,
        "Threat Category": "Unknown",
        "Threat Cause Type": "Unknown",
        "Threat Inference Making Assessor Name - Actor": "Nichole Sheldrick",
        "Threat Probability ": "Not Applicable",
        "Tidal Range": null,
        "Topography Type": "Unknown",
        "Wave Climate": null
      },
      "type": "Feature"
    },
    {
      "geometry": {
        "coordinates": [
          14.124103,
          31.817527
        ],
        "type": "Point"
      },
      "properties": {
        "AH Date From": null,
        "AH Date To": null,
        "Address": null,
        "Address Type": null,
        "Administrative Division ": null,
        "Administrative Division Type": null,
        "Archaeological From Date": null,
        "Archaeological To Date": null,
        "Assessment Activity Date": "2016-03-10",
        "Assessment Activity Type": "Desk-based",
        "Assessment Investigator - Actor": "Nichole Sheldrick",
        "BP Date From": null,
        "BP Date To": null,
        "Bedrock Geology Type": null,
        "Built Component": null,
        "Cadastral Reference": "None",
        "Construction Technique": null,
        "Country Type": "Libya",
        "Cultural Period Certainty": "Possible, Possible, Possible",
        "Cultural Period Type": "Classical/Protohistoric/Pre-Islamic (North Africa), Classical/Protohistoric/Pre-Islamic (North Africa), Classical/Protohistoric/Pre-Islamic (North Africa)",
        "Cultural Sub-period Certainty": "Possible, Possible, Possible",
        "Cultural Sub-period Type": "Roman Imperial, Late (North Africa), Byzantine (Maghreb), Vandal (Maghreb)",
        "Damage Extent Type": "Unknown",
        "Date Inference Making Actor Name": "None, None, None",
        "Datum Description/EPSG code": null,
        "Datum Type": null,
        "Depositional Process": null,
        "Designation": null,
        "Designation From Date": null,
        "Designation To Date": null,
        "Detailed Condition Assessments": null,
        "Dimension Type": null,
        "Disturbance Cause Assignment Assessor Name - Actor": "None",
        "Disturbance Cause Category Type": "Unknown",
        "Disturbance Cause Certainty ": "Not Applicable",
        "Disturbance Cause Type ": "Unknown",
        "Disturbance Date From": "None",
        "Disturbance Date Occurred Before": "None",
        "Disturbance Date Occurred On ": "None",
        "Disturbance Date To ": "None",
        "EAMENA ID": "EAMENA-0087065",
        "Effect Certainty": "Not Applicable",
        "Effect Type": "Unknown",
        "Fetch Type": null,
        "GE Imagery Acquisition Date": null,
        "General Description": null,
        "General Description Type": null,
        "Geometry Extent Certainty": "",
        "Geometry Qualifier": "",
        "Google Earth Assessment": "None",
        "Grid ID": "E14N31-33",
        "Heritage Place Function": "Domestic, Defensive/Fortification, Agricultural/Pastoral",
        "Heritage Place Function Certainty ": "High, High, High",
        "Heritage Place Resource Instance": null,
        "Heritage Place Type": "Archaeological Site",
        "Imagery Acquisition Date": null,
        "Information Resource": null,
        "Information Resource Acquisition Date": null,
        "Intervention Activity Type": null,
        "Investigator Role Type": "",
        "Land Cover Assessment Date": null,
        "Land Cover Type": null,
        "Location Certainty": "Negligible",
        "Material Class": null,
        "Material Type": null,
        "Maximum Depth/Min Elevation": null,
        "Measurement Number": null,
        "Measurement Source Type ": null,
        "Measurement Unit": null,
        "Minimum Depth/Max Elevation": null,
        "Name Type": "Toponym, Alternative Reference, Designation, Alternative Reference",
        "Overall Archaeological Certainty Value ": "Definite",
        "Overall Condition State Type": "Unknown",
        "Overall Site Morphology Type": "Positive/Built Feature",
        "Overall Site Shape Type": "Unknown",
        "Priority Type": null,
        "Recommendation Type": null,
        "Related Geoarchaeology/Palaeolandscape": null,
        "Resource Name": "Gasr al Hajlat, Md291-g, E14N31-33_000058, BUL053",
        "Resource Orientation": "",
        "Restricted Access Record Designation": null,
        "SH Date From": null,
        "SH Date to": null,
        "Site Feature Arrangement Type": "Unknown",
        "Site Feature Form Type": "Structure",
        "Site Feature Form Type Certainty": "Definite",
        "Site Feature Interpretation Certainty": "High, High",
        "Site Feature Interpretation Number Type": "1, 1",
        "Site Feature Interpretation Type": "Settlement/Habitation Site, Farm Building",
        "Site Feature Number Type": "1",
        "Site Feature Shape Type": "Unknown",
        "Spatial Coordinates Ref System": "",
        "Surficial Geology Type": null,
        "Threat Category": "Unknown",
        "Threat Cause Type": "Unknown",
        "Threat Inference Making Assessor Name - Actor": "None",
        "Threat Probability ": "Not Applicable",
        "Tidal Range": null,
        "Topography Type": null,
        "Wave Climate": null
      },
      "type": "Feature"
    },
    {
      "geometry": {
        "coordinates": [
          14.110376,
          31.820208
        ],
        "type": "Point"
      },
      "properties": {
        "AH Date From": null,
        "AH Date To": null,
        "Address": null,
        "Address Type": null,
        "Administrative Division ": null,
        "Administrative Division Type": null,
        "Archaeological From Date": null,
        "Archaeological To Date": null,
        "Assessment Activity Date": "2019-07-17",
        "Assessment Activity Type": "Literature Interpretation/Digitisation",
        "Assessment Investigator - Actor": "Nichole Sheldrick",
        "BP Date From": null,
        "BP Date To": null,
        "Bedrock Geology Type": null,
        "Built Component": null,
        "Cadastral Reference": "None",
        "Construction Technique": null,
        "Country Type": "Libya",
        "Cultural Period Certainty": "Definite, Possible",
        "Cultural Period Type": "Contemporary Islamic (MENA), Islamic (North Africa)",
        "Cultural Sub-period Certainty": "Definite, Possible",
        "Cultural Sub-period Type": "Unknown, Unknown",
        "Damage Extent Type": "Unknown",
        "Date Inference Making Actor Name": "UNESCO Libyan Valleys Survey Gazetteer, UNESCO Libyan Valleys Survey Gazetteer",
        "Datum Description/EPSG code": null,
        "Datum Type": null,
        "Depositional Process": null,
        "Designation": null,
        "Designation From Date": null,
        "Designation To Date": null,
        "Detailed Condition Assessments": null,
        "Dimension Type": null,
        "Disturbance Cause Assignment Assessor Name - Actor": "Nichole Sheldrick",
        "Disturbance Cause Category Type": "Unknown",
        "Disturbance Cause Certainty ": "Not Applicable",
        "Disturbance Cause Type ": "Unknown",
        "Disturbance Date From": "None",
        "Disturbance Date Occurred Before": "None",
        "Disturbance Date Occurred On ": "None",
        "Disturbance Date To ": "None",
        "EAMENA ID": "EAMENA-0189451",
        "Effect Certainty": "Not Applicable",
        "Effect Type": "Unknown",
        "Fetch Type": null,
        "GE Imagery Acquisition Date": null,
        "General Description": null,
        "General Description Type": null,
        "Geometry Extent Certainty": "Negligible",
        "Geometry Qualifier": "",
        "Google Earth Assessment": "None",
        "Grid ID": "E14N31-33",
        "Heritage Place Function": "Domestic",
        "Heritage Place Function Certainty ": "Definite",
        "Heritage Place Resource Instance": null,
        "Heritage Place Type": "Archaeological Site",
        "Imagery Acquisition Date": null,
        "Information Resource": null,
        "Information Resource Acquisition Date": null,
        "Intervention Activity Type": null,
        "Investigator Role Type": "EAMENA Project Staff",
        "Land Cover Assessment Date": null,
        "Land Cover Type": null,
        "Location Certainty": "Low",
        "Material Class": null,
        "Material Type": null,
        "Maximum Depth/Min Elevation": null,
        "Measurement Number": null,
        "Measurement Source Type ": null,
        "Measurement Unit": null,
        "Minimum Depth/Max Elevation": null,
        "Name Type": "Alternative Reference, Alternative Reference, Alternative Reference",
        "Overall Archaeological Certainty Value ": "High",
        "Overall Condition State Type": "Unknown",
        "Overall Site Morphology Type": "Positive/Built Feature",
        "Overall Site Shape Type": "",
        "Priority Type": null,
        "Recommendation Type": null,
        "Related Geoarchaeology/Palaeolandscape": null,
        "Resource Name": "Md 00290, Md290, BUL052",
        "Resource Orientation": "",
        "Restricted Access Record Designation": null,
        "SH Date From": null,
        "SH Date to": null,
        "Site Feature Arrangement Type": null,
        "Site Feature Form Type": null,
        "Site Feature Form Type Certainty": null,
        "Site Feature Interpretation Certainty": "Definite",
        "Site Feature Interpretation Number Type": "1",
        "Site Feature Interpretation Type": "Settlement/Habitation Site",
        "Site Feature Number Type": null,
        "Site Feature Shape Type": null,
        "Spatial Coordinates Ref System": "",
        "Surficial Geology Type": null,
        "Threat Category": "Unknown",
        "Threat Cause Type": "Unknown",
        "Threat Inference Making Assessor Name - Actor": "Nichole Sheldrick",
        "Threat Probability ": "Not Applicable",
        "Tidal Range": null,
        "Topography Type": "Unknown",
        "Wave Climate": null
      },
      "type": "Feature"
    },
    {
      "geometry": {
        "coordinates": [
          14.152649,
          31.837493
        ],
        "type": "Point"
      },
      "properties": {
        "AH Date From": null,
        "AH Date To": null,
        "Address": null,
        "Address Type": null,
        "Administrative Division ": null,
        "Administrative Division Type": null,
        "Archaeological From Date": null,
        "Archaeological To Date": null,
        "Assessment Activity Date": "2016-03-10",
        "Assessment Activity Type": "Desk-based",
        "Assessment Investigator - Actor": "Nichole Sheldrick",
        "BP Date From": null,
        "BP Date To": null,
        "Bedrock Geology Type": null,
        "Built Component": null,
        "Cadastral Reference": "None",
        "Construction Technique": null,
        "Country Type": "Libya",
        "Cultural Period Certainty": "Possible, Possible, Possible",
        "Cultural Period Type": "Classical/Protohistoric/Pre-Islamic (North Africa), Classical/Protohistoric/Pre-Islamic (North Africa), Classical/Protohistoric/Pre-Islamic (North Africa)",
        "Cultural Sub-period Certainty": "Possible, Possible, Possible",
        "Cultural Sub-period Type": "Byzantine (Maghreb), Roman Imperial, Late (North Africa), Vandal (Maghreb)",
        "Damage Extent Type": "Unknown",
        "Date Inference Making Actor Name": "None, None, None",
        "Datum Description/EPSG code": null,
        "Datum Type": null,
        "Depositional Process": null,
        "Designation": null,
        "Designation From Date": null,
        "Designation To Date": null,
        "Detailed Condition Assessments": null,
        "Dimension Type": null,
        "Disturbance Cause Assignment Assessor Name - Actor": "None",
        "Disturbance Cause Category Type": "Unknown",
        "Disturbance Cause Certainty ": "Not Applicable",
        "Disturbance Cause Type ": "Unknown",
        "Disturbance Date From": "None",
        "Disturbance Date Occurred Before": "None",
        "Disturbance Date Occurred On ": "None",
        "Disturbance Date To ": "None",
        "EAMENA ID": "EAMENA-0087073",
        "Effect Certainty": "High",
        "Effect Type": "Collapse/Structural Damage",
        "Fetch Type": null,
        "GE Imagery Acquisition Date": null,
        "General Description": null,
        "General Description Type": null,
        "Geometry Extent Certainty": "",
        "Geometry Qualifier": "",
        "Google Earth Assessment": "None",
        "Grid ID": "E14N31-33",
        "Heritage Place Function": "Domestic, Defensive/Fortification, Agricultural/Pastoral",
        "Heritage Place Function Certainty ": "High, High, High",
        "Heritage Place Resource Instance": null,
        "Heritage Place Type": "Archaeological Site",
        "Imagery Acquisition Date": null,
        "Information Resource": null,
        "Information Resource Acquisition Date": null,
        "Intervention Activity Type": null,
        "Investigator Role Type": "",
        "Land Cover Assessment Date": null,
        "Land Cover Type": null,
        "Location Certainty": "Definite",
        "Material Class": null,
        "Material Type": null,
        "Maximum Depth/Min Elevation": null,
        "Measurement Number": null,
        "Measurement Source Type ": null,
        "Measurement Unit": null,
        "Minimum Depth/Max Elevation": null,
        "Name Type": "Alternative Reference, Designation, Alternative Reference",
        "Overall Archaeological Certainty Value ": "Definite",
        "Overall Condition State Type": "Fair",
        "Overall Site Morphology Type": "Positive/Built Feature",
        "Overall Site Shape Type": "Irregular",
        "Priority Type": null,
        "Recommendation Type": null,
        "Related Geoarchaeology/Palaeolandscape": null,
        "Resource Name": "Md299-g, E14N31-33_000066, BUL055",
        "Resource Orientation": "",
        "Restricted Access Record Designation": null,
        "SH Date From": null,
        "SH Date to": null,
        "Site Feature Arrangement Type": "Discrete, Adjoining",
        "Site Feature Form Type": "Tower, Structure",
        "Site Feature Form Type Certainty": "Medium, High",
        "Site Feature Interpretation Certainty": "High, High, High",
        "Site Feature Interpretation Number Type": "1, Unknown, 1",
        "Site Feature Interpretation Type": "Settlement/Habitation Site, Building/Enclosure, Farm Building",
        "Site Feature Number Type": "1, Unknown",
        "Site Feature Shape Type": "Rectangular/Square, Unknown",
        "Spatial Coordinates Ref System": "None",
        "Surficial Geology Type": null,
        "Threat Category": "",
        "Threat Cause Type": "No Visible/Known",
        "Threat Inference Making Assessor Name - Actor": "None",
        "Threat Probability ": "Not Applicable",
        "Tidal Range": null,
        "Topography Type": null,
        "Wave Climate": null
      },
      "type": "Feature"
    },
    {
      "geometry": {
        "coordinates": [
          14.136873,
          31.832952
        ],
        "type": "Point"
      },
      "properties": {
        "AH Date From": null,
        "AH Date To": null,
        "Address": null,
        "Address Type": null,
        "Administrative Division ": null,
        "Administrative Division Type": null,
        "Archaeological From Date": null,
        "Archaeological To Date": null,
        "Assessment Activity Date": "2016-03-10",
        "Assessment Activity Type": "Desk-based",
        "Assessment Investigator - Actor": "Nichole Sheldrick",
        "BP Date From": null,
        "BP Date To": null,
        "Bedrock Geology Type": null,
        "Built Component": null,
        "Cadastral Reference": "None",
        "Construction Technique": null,
        "Country Type": "Libya",
        "Cultural Period Certainty": "Possible, Possible, Possible",
        "Cultural Period Type": "Classical/Protohistoric/Pre-Islamic (North Africa), Classical/Protohistoric/Pre-Islamic (North Africa), Classical/Protohistoric/Pre-Islamic (North Africa)",
        "Cultural Sub-period Certainty": "Possible, Possible, Possible",
        "Cultural Sub-period Type": "Roman Imperial, Late (North Africa), Byzantine (Maghreb), Vandal (Maghreb)",
        "Damage Extent Type": "Unknown",
        "Date Inference Making Actor Name": "None, None, None",
        "Datum Description/EPSG code": null,
        "Datum Type": null,
        "Depositional Process": null,
        "Designation": null,
        "Designation From Date": null,
        "Designation To Date": null,
        "Detailed Condition Assessments": null,
        "Dimension Type": null,
        "Disturbance Cause Assignment Assessor Name - Actor": "None",
        "Disturbance Cause Category Type": "Unknown",
        "Disturbance Cause Certainty ": "Not Applicable",
        "Disturbance Cause Type ": "Unknown",
        "Disturbance Date From": "None",
        "Disturbance Date Occurred Before": "None",
        "Disturbance Date Occurred On ": "None",
        "Disturbance Date To ": "None",
        "EAMENA ID": "EAMENA-0087068",
        "Effect Certainty": "High",
        "Effect Type": "Collapse/Structural Damage",
        "Fetch Type": null,
        "GE Imagery Acquisition Date": null,
        "General Description": null,
        "General Description Type": null,
        "Geometry Extent Certainty": "",
        "Geometry Qualifier": "",
        "Google Earth Assessment": "None",
        "Grid ID": "E14N31-33",
        "Heritage Place Function": "Domestic, Defensive/Fortification, Agricultural/Pastoral",
        "Heritage Place Function Certainty ": "High, High, High",
        "Heritage Place Resource Instance": null,
        "Heritage Place Type": "Archaeological Site",
        "Imagery Acquisition Date": null,
        "Information Resource": null,
        "Information Resource Acquisition Date": null,
        "Intervention Activity Type": null,
        "Investigator Role Type": "",
        "Land Cover Assessment Date": null,
        "Land Cover Type": null,
        "Location Certainty": "Definite",
        "Material Class": null,
        "Material Type": null,
        "Maximum Depth/Min Elevation": null,
        "Measurement Number": null,
        "Measurement Source Type ": null,
        "Measurement Unit": null,
        "Minimum Depth/Max Elevation": null,
        "Name Type": "Toponym, Alternative Reference, Designation, Alternative Reference",
        "Overall Archaeological Certainty Value ": "Definite",
        "Overall Condition State Type": "Unknown",
        "Overall Site Morphology Type": "Positive/Built Feature",
        "Overall Site Shape Type": "Unknown",
        "Priority Type": null,
        "Recommendation Type": null,
        "Related Geoarchaeology/Palaeolandscape": null,
        "Resource Name": "Gasr Shabat Mahmoud, Md294-g?, E14N31-33_000061, BUL054",
        "Resource Orientation": "",
        "Restricted Access Record Designation": null,
        "SH Date From": null,
        "SH Date to": null,
        "Site Feature Arrangement Type": "Unknown",
        "Site Feature Form Type": "Structure",
        "Site Feature Form Type Certainty": "Definite",
        "Site Feature Interpretation Certainty": "High, High",
        "Site Feature Interpretation Number Type": "1, 1",
        "Site Feature Interpretation Type": "Settlement/Habitation Site, Farm Building",
        "Site Feature Number Type": "1",
        "Site Feature Shape Type": "Unknown",
        "Spatial Coordinates Ref System": "None",
        "Surficial Geology Type": null,
        "Threat Category": "Unknown",
        "Threat Cause Type": "Unknown",
        "Threat Inference Making Assessor Name - Actor": "None",
        "Threat Probability ": "Not Applicable",
        "Tidal Range": null,
        "Topography Type": null,
        "Wave Climate": null
      },
      "type": "Feature"
    },
    {
      "geometry": {
        "coordinates": [
          14.107799,
          31.823359
        ],
        "type": "Point"
      },
      "properties": {
        "AH Date From": null,
        "AH Date To": null,
        "Address": null,
        "Address Type": null,
        "Administrative Division ": null,
        "Administrative Division Type": null,
        "Archaeological From Date": null,
        "Archaeological To Date": null,
        "Assessment Activity Date": "2019-07-17",
        "Assessment Activity Type": "Literature Interpretation/Digitisation",
        "Assessment Investigator - Actor": "Nichole Sheldrick",
        "BP Date From": null,
        "BP Date To": null,
        "Bedrock Geology Type": null,
        "Built Component": null,
        "Cadastral Reference": "None",
        "Construction Technique": null,
        "Country Type": "Libya",
        "Cultural Period Certainty": "Possible",
        "Cultural Period Type": "Classical/Protohistoric/Pre-Islamic (North Africa)",
        "Cultural Sub-period Certainty": "Possible",
        "Cultural Sub-period Type": "Roman/Late Antique (North Africa)",
        "Damage Extent Type": "Unknown",
        "Date Inference Making Actor Name": "UNESCO Libyan Valleys Survey Gazetteer",
        "Datum Description/EPSG code": null,
        "Datum Type": null,
        "Depositional Process": null,
        "Designation": null,
        "Designation From Date": null,
        "Designation To Date": null,
        "Detailed Condition Assessments": null,
        "Dimension Type": null,
        "Disturbance Cause Assignment Assessor Name - Actor": "Nichole Sheldrick",
        "Disturbance Cause Category Type": "Unknown",
        "Disturbance Cause Certainty ": "Not Applicable",
        "Disturbance Cause Type ": "Unknown",
        "Disturbance Date From": "None",
        "Disturbance Date Occurred Before": "None",
        "Disturbance Date Occurred On ": "None",
        "Disturbance Date To ": "None",
        "EAMENA ID": "EAMENA-0189450",
        "Effect Certainty": "Not Applicable",
        "Effect Type": "Unknown",
        "Fetch Type": null,
        "GE Imagery Acquisition Date": null,
        "General Description": null,
        "General Description Type": null,
        "Geometry Extent Certainty": "Negligible",
        "Geometry Qualifier": "",
        "Google Earth Assessment": "None",
        "Grid ID": "E14N31-33",
        "Heritage Place Function": "Hydrological",
        "Heritage Place Function Certainty ": "Definite",
        "Heritage Place Resource Instance": null,
        "Heritage Place Type": "Archaeological Site",
        "Imagery Acquisition Date": null,
        "Information Resource": null,
        "Information Resource Acquisition Date": null,
        "Intervention Activity Type": null,
        "Investigator Role Type": "EAMENA Project Staff",
        "Land Cover Assessment Date": null,
        "Land Cover Type": null,
        "Location Certainty": "Low",
        "Material Class": null,
        "Material Type": null,
        "Maximum Depth/Min Elevation": null,
        "Measurement Number": null,
        "Measurement Source Type ": null,
        "Measurement Unit": null,
        "Minimum Depth/Max Elevation": null,
        "Name Type": "Alternative Reference, Alternative Reference, Alternative Reference",
        "Overall Archaeological Certainty Value ": "High",
        "Overall Condition State Type": "Unknown",
        "Overall Site Morphology Type": "Positive/Built Feature",
        "Overall Site Shape Type": "",
        "Priority Type": null,
        "Recommendation Type": null,
        "Related Geoarchaeology/Palaeolandscape": null,
        "Resource Name": "Md287, Md 00287, BUL051",
        "Resource Orientation": "",
        "Restricted Access Record Designation": null,
        "SH Date From": null,
        "SH Date to": null,
        "Site Feature Arrangement Type": null,
        "Site Feature Form Type": null,
        "Site Feature Form Type Certainty": null,
        "Site Feature Interpretation Certainty": "Definite",
        "Site Feature Interpretation Number Type": "1",
        "Site Feature Interpretation Type": "Wadi Wall",
        "Site Feature Number Type": null,
        "Site Feature Shape Type": null,
        "Spatial Coordinates Ref System": "None",
        "Surficial Geology Type": null,
        "Threat Category": "Unknown",
        "Threat Cause Type": "Unknown",
        "Threat Inference Making Assessor Name - Actor": "Nichole Sheldrick",
        "Threat Probability ": "Not Applicable",
        "Tidal Range": null,
        "Topography Type": "Watercourse Bed",
        "Wave Climate": null
      },
      "type": "Feature"
    },
    {
      "geometry": {
        "coordinates": [
          14.021153,
          31.76903
        ],
        "type": "Point"
      },
      "properties": {
        "AH Date From": null,
        "AH Date To": null,
        "Address": null,
        "Address Type": null,
        "Administrative Division ": null,
        "Administrative Division Type": null,
        "Archaeological From Date": null,
        "Archaeological To Date": null,
        "Assessment Activity Date": "2019-07-17",
        "Assessment Activity Type": "Literature Interpretation/Digitisation",
        "Assessment Investigator - Actor": "Nichole Sheldrick",
        "BP Date From": null,
        "BP Date To": null,
        "Bedrock Geology Type": null,
        "Built Component": null,
        "Cadastral Reference": "None",
        "Construction Technique": null,
        "Country Type": "Libya",
        "Cultural Period Certainty": "Definite, Definite",
        "Cultural Period Type": "Contemporary Islamic (MENA), Islamic (North Africa)",
        "Cultural Sub-period Certainty": "Definite, Definite",
        "Cultural Sub-period Type": "Unknown, Unknown",
        "Damage Extent Type": "Unknown",
        "Date Inference Making Actor Name": "UNESCO Libyan Valleys Survey Gazetteer, UNESCO Libyan Valleys Survey Gazetteer",
        "Datum Description/EPSG code": null,
        "Datum Type": null,
        "Depositional Process": null,
        "Designation": null,
        "Designation From Date": null,
        "Designation To Date": null,
        "Detailed Condition Assessments": null,
        "Dimension Type": null,
        "Disturbance Cause Assignment Assessor Name - Actor": "Nichole Sheldrick",
        "Disturbance Cause Category Type": "Unknown",
        "Disturbance Cause Certainty ": "Not Applicable",
        "Disturbance Cause Type ": "Unknown",
        "Disturbance Date From": "None",
        "Disturbance Date Occurred Before": "None",
        "Disturbance Date Occurred On ": "None",
        "Disturbance Date To ": "None",
        "EAMENA ID": "EAMENA-0189403",
        "Effect Certainty": "Not Applicable",
        "Effect Type": "Unknown",
        "Fetch Type": null,
        "GE Imagery Acquisition Date": null,
        "General Description": null,
        "General Description Type": null,
        "Geometry Extent Certainty": "Negligible",
        "Geometry Qualifier": "",
        "Google Earth Assessment": "None",
        "Grid ID": "E14N31-33",
        "Heritage Place Function": "Domestic",
        "Heritage Place Function Certainty ": "Definite",
        "Heritage Place Resource Instance": null,
        "Heritage Place Type": "Archaeological Site",
        "Imagery Acquisition Date": null,
        "Information Resource": null,
        "Information Resource Acquisition Date": null,
        "Intervention Activity Type": null,
        "Investigator Role Type": "EAMENA Project Staff",
        "Land Cover Assessment Date": null,
        "Land Cover Type": null,
        "Location Certainty": "Low",
        "Material Class": null,
        "Material Type": null,
        "Maximum Depth/Min Elevation": null,
        "Measurement Number": null,
        "Measurement Source Type ": null,
        "Measurement Unit": null,
        "Minimum Depth/Max Elevation": null,
        "Name Type": "Alternative Reference, Alternative Reference, Alternative Reference",
        "Overall Archaeological Certainty Value ": "High",
        "Overall Condition State Type": "Unknown",
        "Overall Site Morphology Type": "Positive/Built Feature",
        "Overall Site Shape Type": "",
        "Priority Type": null,
        "Recommendation Type": null,
        "Related Geoarchaeology/Palaeolandscape": null,
        "Resource Name": "Md202, Md 00202, BUL056",
        "Resource Orientation": "",
        "Restricted Access Record Designation": null,
        "SH Date From": null,
        "SH Date to": null,
        "Site Feature Arrangement Type": null,
        "Site Feature Form Type": null,
        "Site Feature Form Type Certainty": null,
        "Site Feature Interpretation Certainty": "Definite",
        "Site Feature Interpretation Number Type": "1",
        "Site Feature Interpretation Type": "Settlement/Habitation Site",
        "Site Feature Number Type": null,
        "Site Feature Shape Type": null,
        "Spatial Coordinates Ref System": "",
        "Surficial Geology Type": null,
        "Threat Category": "Unknown",
        "Threat Cause Type": "Unknown",
        "Threat Inference Making Assessor Name - Actor": "Nichole Sheldrick",
        "Threat Probability ": "Not Applicable",
        "Tidal Range": null,
        "Topography Type": "Unknown",
        "Wave Climate": null
      },
      "type": "Feature"
    },
    {
      "geometry": {
        "coordinates": [
          14.024302,
          31.767925
        ],
        "type": "Point"
      },
      "properties": {
        "AH Date From": null,
        "AH Date To": null,
        "Address": null,
        "Address Type": null,
        "Administrative Division ": null,
        "Administrative Division Type": null,
        "Archaeological From Date": null,
        "Archaeological To Date": null,
        "Assessment Activity Date": "2019-07-17",
        "Assessment Activity Type": "Literature Interpretation/Digitisation",
        "Assessment Investigator - Actor": "Nichole Sheldrick",
        "BP Date From": null,
        "BP Date To": null,
        "Bedrock Geology Type": null,
        "Built Component": null,
        "Cadastral Reference": "None",
        "Construction Technique": null,
        "Country Type": "Libya",
        "Cultural Period Certainty": "Not Applicable",
        "Cultural Period Type": "Unknown",
        "Cultural Sub-period Certainty": "Not Applicable",
        "Cultural Sub-period Type": "Unknown",
        "Damage Extent Type": "Unknown",
        "Date Inference Making Actor Name": "UNESCO Libyan Valleys Survey Gazetteer",
        "Datum Description/EPSG code": null,
        "Datum Type": null,
        "Depositional Process": null,
        "Designation": null,
        "Designation From Date": null,
        "Designation To Date": null,
        "Detailed Condition Assessments": null,
        "Dimension Type": null,
        "Disturbance Cause Assignment Assessor Name - Actor": "Nichole Sheldrick",
        "Disturbance Cause Category Type": "Unknown",
        "Disturbance Cause Certainty ": "Not Applicable",
        "Disturbance Cause Type ": "Unknown",
        "Disturbance Date From": "None",
        "Disturbance Date Occurred Before": "None",
        "Disturbance Date Occurred On ": "None",
        "Disturbance Date To ": "None",
        "EAMENA ID": "EAMENA-0189405",
        "Effect Certainty": "Not Applicable",
        "Effect Type": "Unknown",
        "Fetch Type": null,
        "GE Imagery Acquisition Date": null,
        "General Description": null,
        "General Description Type": null,
        "Geometry Extent Certainty": "Negligible",
        "Geometry Qualifier": "",
        "Google Earth Assessment": "None",
        "Grid ID": "E14N31-33",
        "Heritage Place Function": "Domestic",
        "Heritage Place Function Certainty ": "Definite",
        "Heritage Place Resource Instance": null,
        "Heritage Place Type": "Archaeological Site",
        "Imagery Acquisition Date": null,
        "Information Resource": null,
        "Information Resource Acquisition Date": null,
        "Intervention Activity Type": null,
        "Investigator Role Type": "EAMENA Project Staff",
        "Land Cover Assessment Date": null,
        "Land Cover Type": null,
        "Location Certainty": "Low",
        "Material Class": null,
        "Material Type": null,
        "Maximum Depth/Min Elevation": null,
        "Measurement Number": null,
        "Measurement Source Type ": null,
        "Measurement Unit": null,
        "Minimum Depth/Max Elevation": null,
        "Name Type": "Alternative Reference, Alternative Reference, Alternative Reference",
        "Overall Archaeological Certainty Value ": "High",
        "Overall Condition State Type": "Unknown",
        "Overall Site Morphology Type": "Positive/Built Feature",
        "Overall Site Shape Type": "",
        "Priority Type": null,
        "Recommendation Type": null,
        "Related Geoarchaeology/Palaeolandscape": null,
        "Resource Name": "Md204, Md 00204, BUL058",
        "Resource Orientation": "",
        "Restricted Access Record Designation": null,
        "SH Date From": null,
        "SH Date to": null,
        "Site Feature Arrangement Type": null,
        "Site Feature Form Type": null,
        "Site Feature Form Type Certainty": null,
        "Site Feature Interpretation Certainty": "Definite",
        "Site Feature Interpretation Number Type": "1",
        "Site Feature Interpretation Type": "Settlement/Habitation Site",
        "Site Feature Number Type": null,
        "Site Feature Shape Type": null,
        "Spatial Coordinates Ref System": "None",
        "Surficial Geology Type": null,
        "Threat Category": "Unknown",
        "Threat Cause Type": "Unknown",
        "Threat Inference Making Assessor Name - Actor": "Nichole Sheldrick",
        "Threat Probability ": "Not Applicable",
        "Tidal Range": null,
        "Topography Type": "Unknown",
        "Wave Climate": null
      },
      "type": "Feature"
    },
    {
      "geometry": {
        "coordinates": [
          14.021931,
          31.768758
        ],
        "type": "Point"
      },
      "properties": {
        "AH Date From": null,
        "AH Date To": null,
        "Address": null,
        "Address Type": null,
        "Administrative Division ": null,
        "Administrative Division Type": null,
        "Archaeological From Date": null,
        "Archaeological To Date": null,
        "Assessment Activity Date": "2020-04-16, 2020-04-16",
        "Assessment Activity Type": "Archaeological Assessment (Image Interpretation), Archaeological Assessment (Image Interpretation)",
        "Assessment Investigator - Actor": "Louise Rayne, Martin Sterry",
        "BP Date From": null,
        "BP Date To": null,
        "Bedrock Geology Type": null,
        "Built Component": null,
        "Cadastral Reference": "None, None",
        "Construction Technique": null,
        "Country Type": "Libya, ",
        "Cultural Period Certainty": "Possible",
        "Cultural Period Type": "Contemporary Islamic (MENA)",
        "Cultural Sub-period Certainty": null,
        "Cultural Sub-period Type": null,
        "Damage Extent Type": "91-100%",
        "Date Inference Making Actor Name": "Louise Rayne",
        "Datum Description/EPSG code": null,
        "Datum Type": null,
        "Depositional Process": null,
        "Designation": null,
        "Designation From Date": null,
        "Designation To Date": null,
        "Detailed Condition Assessments": null,
        "Dimension Type": null,
        "Disturbance Cause Assignment Assessor Name - Actor": "Louise Rayne",
        "Disturbance Cause Category Type": "Unknown",
        "Disturbance Cause Certainty ": "Medium",
        "Disturbance Cause Type ": "Demolition/Destruction",
        "Disturbance Date From": "None",
        "Disturbance Date Occurred Before": "2013-07-30",
        "Disturbance Date Occurred On ": "None",
        "Disturbance Date To ": "None",
        "EAMENA ID": "EAMENA-0178877",
        "Effect Certainty": null,
        "Effect Type": null,
        "Fetch Type": null,
        "GE Imagery Acquisition Date": null,
        "General Description": null,
        "General Description Type": null,
        "Geometry Extent Certainty": "",
        "Geometry Qualifier": "",
        "Google Earth Assessment": "None, None",
        "Grid ID": "E14N31-33, ",
        "Heritage Place Function": "Funerary/Memorial",
        "Heritage Place Function Certainty ": "Medium",
        "Heritage Place Resource Instance": null,
        "Heritage Place Type": "Structural Heritage",
        "Imagery Acquisition Date": null,
        "Information Resource": null,
        "Information Resource Acquisition Date": null,
        "Intervention Activity Type": null,
        "Investigator Role Type": "EAMENA Project Staff, EAMENA Project Staff",
        "Land Cover Assessment Date": null,
        "Land Cover Type": null,
        "Location Certainty": "High",
        "Material Class": null,
        "Material Type": null,
        "Maximum Depth/Min Elevation": null,
        "Measurement Number": null,
        "Measurement Source Type ": null,
        "Measurement Unit": null,
        "Minimum Depth/Max Elevation": null,
        "Name Type": "Alternative Reference",
        "Overall Archaeological Certainty Value ": "Medium",
        "Overall Condition State Type": "Destroyed",
        "Overall Site Morphology Type": "Positive/Built Feature",
        "Overall Site Shape Type": ", Rectangular/Square",
        "Priority Type": null,
        "Recommendation Type": null,
        "Related Geoarchaeology/Palaeolandscape": null,
        "Resource Name": "BUL057",
        "Resource Orientation": ", ",
        "Restricted Access Record Designation": null,
        "SH Date From": null,
        "SH Date to": null,
        "Site Feature Arrangement Type": "Discrete",
        "Site Feature Form Type": "Structure",
        "Site Feature Form Type Certainty": "High",
        "Site Feature Interpretation Certainty": "High",
        "Site Feature Interpretation Number Type": "1",
        "Site Feature Interpretation Type": "Mosque/Imam/Marabout",
        "Site Feature Number Type": "1",
        "Site Feature Shape Type": "Rectangular/Square",
        "Spatial Coordinates Ref System": "None",
        "Surficial Geology Type": null,
        "Threat Category": "",
        "Threat Cause Type": "",
        "Threat Inference Making Assessor Name - Actor": "Louise Rayne",
        "Threat Probability ": "",
        "Tidal Range": null,
        "Topography Type": null,
        "Wave Climate": null
      },
      "type": "Feature"
    },
    {
      "geometry": {
        "coordinates": [
          14.025942,
          31.767861
        ],
        "type": "Point"
      },
      "properties": {
        "AH Date From": null,
        "AH Date To": null,
        "Address": null,
        "Address Type": null,
        "Administrative Division ": null,
        "Administrative Division Type": null,
        "Archaeological From Date": null,
        "Archaeological To Date": null,
        "Assessment Activity Date": "2016-03-10",
        "Assessment Activity Type": "Desk-based",
        "Assessment Investigator - Actor": "Nichole Sheldrick",
        "BP Date From": null,
        "BP Date To": null,
        "Bedrock Geology Type": null,
        "Built Component": null,
        "Cadastral Reference": "None",
        "Construction Technique": null,
        "Country Type": "Libya",
        "Cultural Period Certainty": "Possible, Possible, Possible",
        "Cultural Period Type": "Classical/Protohistoric/Pre-Islamic (North Africa), Classical/Protohistoric/Pre-Islamic (North Africa), Classical/Protohistoric/Pre-Islamic (North Africa)",
        "Cultural Sub-period Certainty": "Possible, Possible, Possible",
        "Cultural Sub-period Type": "Roman Imperial, Late (North Africa), Byzantine (Maghreb), Vandal (Maghreb)",
        "Damage Extent Type": "Unknown",
        "Date Inference Making Actor Name": "None, None, None",
        "Datum Description/EPSG code": null,
        "Datum Type": null,
        "Depositional Process": null,
        "Designation": null,
        "Designation From Date": null,
        "Designation To Date": null,
        "Detailed Condition Assessments": null,
        "Dimension Type": null,
        "Disturbance Cause Assignment Assessor Name - Actor": "None",
        "Disturbance Cause Category Type": "Unknown",
        "Disturbance Cause Certainty ": "Not Applicable",
        "Disturbance Cause Type ": "Unknown",
        "Disturbance Date From": "None",
        "Disturbance Date Occurred Before": "None",
        "Disturbance Date Occurred On ": "None",
        "Disturbance Date To ": "None",
        "EAMENA ID": "EAMENA-0087038",
        "Effect Certainty": "High",
        "Effect Type": "Collapse/Structural Damage",
        "Fetch Type": null,
        "GE Imagery Acquisition Date": null,
        "General Description": null,
        "General Description Type": null,
        "Geometry Extent Certainty": "",
        "Geometry Qualifier": "",
        "Google Earth Assessment": "None",
        "Grid ID": "E14N31-33",
        "Heritage Place Function": "Domestic, Defensive/Fortification, Agricultural/Pastoral",
        "Heritage Place Function Certainty ": "High, High, High",
        "Heritage Place Resource Instance": null,
        "Heritage Place Type": "Archaeological Site",
        "Imagery Acquisition Date": null,
        "Information Resource": null,
        "Information Resource Acquisition Date": null,
        "Intervention Activity Type": null,
        "Investigator Role Type": "",
        "Land Cover Assessment Date": null,
        "Land Cover Type": null,
        "Location Certainty": "Definite",
        "Material Class": null,
        "Material Type": null,
        "Maximum Depth/Min Elevation": null,
        "Measurement Number": null,
        "Measurement Source Type ": null,
        "Measurement Unit": null,
        "Minimum Depth/Max Elevation": null,
        "Name Type": "Toponym, Alternative Reference, Designation, Alternative Reference",
        "Overall Archaeological Certainty Value ": "Definite",
        "Overall Condition State Type": "Fair",
        "Overall Site Morphology Type": "Positive/Built Feature",
        "Overall Site Shape Type": "Rectangular/Square",
        "Priority Type": null,
        "Recommendation Type": null,
        "Related Geoarchaeology/Palaeolandscape": null,
        "Resource Name": "Gasr Orella, Md203-g?, E14N31-33_000031, BUL059",
        "Resource Orientation": "",
        "Restricted Access Record Designation": null,
        "SH Date From": null,
        "SH Date to": null,
        "Site Feature Arrangement Type": "Isolated",
        "Site Feature Form Type": "Structure",
        "Site Feature Form Type Certainty": "Definite",
        "Site Feature Interpretation Certainty": "High, High",
        "Site Feature Interpretation Number Type": "1, 1",
        "Site Feature Interpretation Type": "Settlement/Habitation Site, Farm Building",
        "Site Feature Number Type": "1",
        "Site Feature Shape Type": "Rectangular/Square",
        "Spatial Coordinates Ref System": "",
        "Surficial Geology Type": null,
        "Threat Category": "Unknown",
        "Threat Cause Type": "Unknown",
        "Threat Inference Making Assessor Name - Actor": "None",
        "Threat Probability ": "Not Applicable",
        "Tidal Range": null,
        "Topography Type": null,
        "Wave Climate": null
      },
      "type": "Feature"
    },
    {
      "geometry": {
        "coordinates": [
          14.037285,
          31.767604
        ],
        "type": "Point"
      },
      "properties": {
        "AH Date From": null,
        "AH Date To": null,
        "Address": null,
        "Address Type": null,
        "Administrative Division ": null,
        "Administrative Division Type": null,
        "Archaeological From Date": null,
        "Archaeological To Date": null,
        "Assessment Activity Date": "2016-03-10",
        "Assessment Activity Type": "Desk-based",
        "Assessment Investigator - Actor": "Nichole Sheldrick",
        "BP Date From": null,
        "BP Date To": null,
        "Bedrock Geology Type": null,
        "Built Component": null,
        "Cadastral Reference": "None",
        "Construction Technique": null,
        "Country Type": "Libya",
        "Cultural Period Certainty": "Possible, Possible, Possible",
        "Cultural Period Type": "Classical/Protohistoric/Pre-Islamic (North Africa), Classical/Protohistoric/Pre-Islamic (North Africa), Classical/Protohistoric/Pre-Islamic (North Africa)",
        "Cultural Sub-period Certainty": "Possible, Possible, Possible",
        "Cultural Sub-period Type": "Byzantine (Maghreb), Vandal (Maghreb), Roman Imperial, Late (North Africa)",
        "Damage Extent Type": "Unknown",
        "Date Inference Making Actor Name": "None, None, None",
        "Datum Description/EPSG code": null,
        "Datum Type": null,
        "Depositional Process": null,
        "Designation": null,
        "Designation From Date": null,
        "Designation To Date": null,
        "Detailed Condition Assessments": null,
        "Dimension Type": null,
        "Disturbance Cause Assignment Assessor Name - Actor": "None",
        "Disturbance Cause Category Type": "Unknown",
        "Disturbance Cause Certainty ": "Not Applicable",
        "Disturbance Cause Type ": "Unknown",
        "Disturbance Date From": "None",
        "Disturbance Date Occurred Before": "None",
        "Disturbance Date Occurred On ": "None",
        "Disturbance Date To ": "None",
        "EAMENA ID": "EAMENA-0087039",
        "Effect Certainty": "High",
        "Effect Type": "Collapse/Structural Damage",
        "Fetch Type": null,
        "GE Imagery Acquisition Date": null,
        "General Description": null,
        "General Description Type": null,
        "Geometry Extent Certainty": "",
        "Geometry Qualifier": "",
        "Google Earth Assessment": "None",
        "Grid ID": "E14N31-33",
        "Heritage Place Function": "Domestic, Defensive/Fortification, Agricultural/Pastoral",
        "Heritage Place Function Certainty ": "High, High, High",
        "Heritage Place Resource Instance": null,
        "Heritage Place Type": "Archaeological Site",
        "Imagery Acquisition Date": null,
        "Information Resource": null,
        "Information Resource Acquisition Date": null,
        "Intervention Activity Type": null,
        "Investigator Role Type": "",
        "Land Cover Assessment Date": null,
        "Land Cover Type": null,
        "Location Certainty": "Definite",
        "Material Class": null,
        "Material Type": null,
        "Maximum Depth/Min Elevation": null,
        "Measurement Number": null,
        "Measurement Source Type ": null,
        "Measurement Unit": null,
        "Minimum Depth/Max Elevation": null,
        "Name Type": "Alternative Reference, Designation, Alternative Reference, Alternative Reference",
        "Overall Archaeological Certainty Value ": "Definite",
        "Overall Condition State Type": "Fair",
        "Overall Site Morphology Type": "Positive/Built Feature",
        "Overall Site Shape Type": "Unknown",
        "Priority Type": null,
        "Recommendation Type": null,
        "Related Geoarchaeology/Palaeolandscape": null,
        "Resource Name": "Md210-g?, E14N31-33_000032, BUL060, BUL061",
        "Resource Orientation": "",
        "Restricted Access Record Designation": null,
        "SH Date From": null,
        "SH Date to": null,
        "Site Feature Arrangement Type": "Isolated",
        "Site Feature Form Type": "Structure",
        "Site Feature Form Type Certainty": "Definite",
        "Site Feature Interpretation Certainty": "High, High",
        "Site Feature Interpretation Number Type": "1, 1",
        "Site Feature Interpretation Type": "Settlement/Habitation Site, Farm Building",
        "Site Feature Number Type": "1",
        "Site Feature Shape Type": "Unknown",
        "Spatial Coordinates Ref System": "",
        "Surficial Geology Type": null,
        "Threat Category": "Unknown",
        "Threat Cause Type": "Unknown",
        "Threat Inference Making Assessor Name - Actor": "None",
        "Threat Probability ": "Not Applicable",
        "Tidal Range": null,
        "Topography Type": null,
        "Wave Climate": null
      },
      "type": "Feature"
    },
    {
      "geometry": {
        "coordinates": [
          14.043239,
          31.76761
        ],
        "type": "Point"
      },
      "properties": {
        "AH Date From": null,
        "AH Date To": null,
        "Address": null,
        "Address Type": null,
        "Administrative Division ": null,
        "Administrative Division Type": null,
        "Archaeological From Date": null,
        "Archaeological To Date": null,
        "Assessment Activity Date": "2019-07-17",
        "Assessment Activity Type": "Literature Interpretation/Digitisation",
        "Assessment Investigator - Actor": "Nichole Sheldrick",
        "BP Date From": null,
        "BP Date To": null,
        "Bedrock Geology Type": null,
        "Built Component": null,
        "Cadastral Reference": "None",
        "Construction Technique": null,
        "Country Type": "Libya",
        "Cultural Period Certainty": "Possible",
        "Cultural Period Type": "Islamic (North Africa)",
        "Cultural Sub-period Certainty": "Possible",
        "Cultural Sub-period Type": "Unknown",
        "Damage Extent Type": "Unknown",
        "Date Inference Making Actor Name": "UNESCO Libyan Valleys Survey Gazetteer",
        "Datum Description/EPSG code": null,
        "Datum Type": null,
        "Depositional Process": null,
        "Designation": null,
        "Designation From Date": null,
        "Designation To Date": null,
        "Detailed Condition Assessments": null,
        "Dimension Type": null,
        "Disturbance Cause Assignment Assessor Name - Actor": "Nichole Sheldrick",
        "Disturbance Cause Category Type": "Unknown",
        "Disturbance Cause Certainty ": "Not Applicable",
        "Disturbance Cause Type ": "Unknown",
        "Disturbance Date From": "None",
        "Disturbance Date Occurred Before": "None",
        "Disturbance Date Occurred On ": "None",
        "Disturbance Date To ": "None",
        "EAMENA ID": "EAMENA-0189413",
        "Effect Certainty": "Not Applicable",
        "Effect Type": "Unknown",
        "Fetch Type": null,
        "GE Imagery Acquisition Date": null,
        "General Description": null,
        "General Description Type": null,
        "Geometry Extent Certainty": "Negligible",
        "Geometry Qualifier": "",
        "Google Earth Assessment": "None",
        "Grid ID": "E14N31-33",
        "Heritage Place Function": "Domestic",
        "Heritage Place Function Certainty ": "Definite",
        "Heritage Place Resource Instance": null,
        "Heritage Place Type": "Archaeological Site",
        "Imagery Acquisition Date": null,
        "Information Resource": null,
        "Information Resource Acquisition Date": null,
        "Intervention Activity Type": null,
        "Investigator Role Type": "EAMENA Project Staff",
        "Land Cover Assessment Date": null,
        "Land Cover Type": null,
        "Location Certainty": "Low",
        "Material Class": null,
        "Material Type": null,
        "Maximum Depth/Min Elevation": null,
        "Measurement Number": null,
        "Measurement Source Type ": null,
        "Measurement Unit": null,
        "Minimum Depth/Max Elevation": null,
        "Name Type": "Alternative Reference, Alternative Reference, Alternative Reference",
        "Overall Archaeological Certainty Value ": "High",
        "Overall Condition State Type": "Unknown",
        "Overall Site Morphology Type": "Positive/Built Feature",
        "Overall Site Shape Type": "",
        "Priority Type": null,
        "Recommendation Type": null,
        "Related Geoarchaeology/Palaeolandscape": null,
        "Resource Name": "Md219, Md 00219, BUL062",
        "Resource Orientation": "",
        "Restricted Access Record Designation": null,
        "SH Date From": null,
        "SH Date to": null,
        "Site Feature Arrangement Type": null,
        "Site Feature Form Type": null,
        "Site Feature Form Type Certainty": null,
        "Site Feature Interpretation Certainty": "Definite",
        "Site Feature Interpretation Number Type": "1",
        "Site Feature Interpretation Type": "Settlement/Habitation Site",
        "Site Feature Number Type": null,
        "Site Feature Shape Type": null,
        "Spatial Coordinates Ref System": "",
        "Surficial Geology Type": null,
        "Threat Category": "Unknown",
        "Threat Cause Type": "Unknown",
        "Threat Inference Making Assessor Name - Actor": "Nichole Sheldrick",
        "Threat Probability ": "Not Applicable",
        "Tidal Range": null,
        "Topography Type": "Unknown",
        "Wave Climate": null
      },
      "type": "Feature"
    },
    {
      "geometry": {
        "coordinates": [
          14.041988,
          31.769869
        ],
        "type": "Point"
      },
      "properties": {
        "AH Date From": null,
        "AH Date To": null,
        "Address": null,
        "Address Type": null,
        "Administrative Division ": null,
        "Administrative Division Type": null,
        "Archaeological From Date": null,
        "Archaeological To Date": null,
        "Assessment Activity Date": "2016-03-10",
        "Assessment Activity Type": "Desk-based",
        "Assessment Investigator - Actor": "Nichole Sheldrick",
        "BP Date From": null,
        "BP Date To": null,
        "Bedrock Geology Type": null,
        "Built Component": null,
        "Cadastral Reference": "None",
        "Construction Technique": null,
        "Country Type": "Libya",
        "Cultural Period Certainty": "Possible, Possible, Possible",
        "Cultural Period Type": "Classical/Protohistoric/Pre-Islamic (North Africa), Classical/Protohistoric/Pre-Islamic (North Africa), Classical/Protohistoric/Pre-Islamic (North Africa)",
        "Cultural Sub-period Certainty": "Possible, Possible, Possible",
        "Cultural Sub-period Type": "Roman Imperial, Late (North Africa), Byzantine (Maghreb), Vandal (Maghreb)",
        "Damage Extent Type": "91-100%",
        "Date Inference Making Actor Name": "None, None, None",
        "Datum Description/EPSG code": null,
        "Datum Type": null,
        "Depositional Process": null,
        "Designation": null,
        "Designation From Date": null,
        "Designation To Date": null,
        "Detailed Condition Assessments": null,
        "Dimension Type": null,
        "Disturbance Cause Assignment Assessor Name - Actor": "None",
        "Disturbance Cause Category Type": "Unknown",
        "Disturbance Cause Certainty ": "Not Applicable",
        "Disturbance Cause Type ": "Unknown",
        "Disturbance Date From": "None",
        "Disturbance Date Occurred Before": "None",
        "Disturbance Date Occurred On ": "None",
        "Disturbance Date To ": "None",
        "EAMENA ID": "EAMENA-0087040",
        "Effect Certainty": "Not Applicable",
        "Effect Type": "Unknown",
        "Fetch Type": null,
        "GE Imagery Acquisition Date": null,
        "General Description": null,
        "General Description Type": null,
        "Geometry Extent Certainty": "Negligible",
        "Geometry Qualifier": "Center Point",
        "Google Earth Assessment": "None",
        "Grid ID": "E14N31-33",
        "Heritage Place Function": "Domestic, Defensive/Fortification, Agricultural/Pastoral",
        "Heritage Place Function Certainty ": "High, High, High",
        "Heritage Place Resource Instance": null,
        "Heritage Place Type": "Archaeological Site",
        "Imagery Acquisition Date": null,
        "Information Resource": null,
        "Information Resource Acquisition Date": null,
        "Intervention Activity Type": null,
        "Investigator Role Type": "",
        "Land Cover Assessment Date": null,
        "Land Cover Type": null,
        "Location Certainty": "Medium",
        "Material Class": null,
        "Material Type": null,
        "Maximum Depth/Min Elevation": null,
        "Measurement Number": null,
        "Measurement Source Type ": null,
        "Measurement Unit": null,
        "Minimum Depth/Max Elevation": null,
        "Name Type": "Alternative Reference, Designation, Alternative Reference",
        "Overall Archaeological Certainty Value ": "Definite",
        "Overall Condition State Type": "Destroyed",
        "Overall Site Morphology Type": "Positive/Built Feature",
        "Overall Site Shape Type": "Unknown",
        "Priority Type": null,
        "Recommendation Type": null,
        "Related Geoarchaeology/Palaeolandscape": null,
        "Resource Name": "Md211-g, E14N31-33_000033, BUL063",
        "Resource Orientation": "",
        "Restricted Access Record Designation": null,
        "SH Date From": null,
        "SH Date to": null,
        "Site Feature Arrangement Type": "Unknown",
        "Site Feature Form Type": "Structure",
        "Site Feature Form Type Certainty": "Definite",
        "Site Feature Interpretation Certainty": "High, High",
        "Site Feature Interpretation Number Type": "1, 1",
        "Site Feature Interpretation Type": "Settlement/Habitation Site, Farm Building",
        "Site Feature Number Type": "1",
        "Site Feature Shape Type": "Unknown",
        "Spatial Coordinates Ref System": "",
        "Surficial Geology Type": null,
        "Threat Category": "Unknown",
        "Threat Cause Type": "Unknown",
        "Threat Inference Making Assessor Name - Actor": "None",
        "Threat Probability ": "Not Applicable",
        "Tidal Range": null,
        "Topography Type": null,
        "Wave Climate": null
      },
      "type": "Feature"
    },
    {
      "geometry": {
        "coordinates": [
          14.041241,
          31.772911
        ],
        "type": "Point"
      },
      "properties": {
        "AH Date From": null,
        "AH Date To": null,
        "Address": null,
        "Address Type": null,
        "Administrative Division ": null,
        "Administrative Division Type": null,
        "Archaeological From Date": null,
        "Archaeological To Date": null,
        "Assessment Activity Date": "2016-02-29",
        "Assessment Activity Type": "Desk-based",
        "Assessment Investigator - Actor": "Nichole Sheldrick",
        "BP Date From": null,
        "BP Date To": null,
        "Bedrock Geology Type": null,
        "Built Component": null,
        "Cadastral Reference": "None",
        "Construction Technique": null,
        "Country Type": "Libya",
        "Cultural Period Certainty": "Probable",
        "Cultural Period Type": "Classical/Protohistoric/Pre-Islamic (North Africa)",
        "Cultural Sub-period Certainty": "Probable",
        "Cultural Sub-period Type": "Roman Imperial (North Africa)",
        "Damage Extent Type": "Unknown",
        "Date Inference Making Actor Name": "None",
        "Datum Description/EPSG code": null,
        "Datum Type": null,
        "Depositional Process": null,
        "Designation": null,
        "Designation From Date": null,
        "Designation To Date": null,
        "Detailed Condition Assessments": null,
        "Dimension Type": null,
        "Disturbance Cause Assignment Assessor Name - Actor": "None",
        "Disturbance Cause Category Type": "Unknown",
        "Disturbance Cause Certainty ": "Not Applicable",
        "Disturbance Cause Type ": "Unknown",
        "Disturbance Date From": "None",
        "Disturbance Date Occurred Before": "None",
        "Disturbance Date Occurred On ": "None",
        "Disturbance Date To ": "None",
        "EAMENA ID": "EAMENA-0086426",
        "Effect Certainty": "Not Applicable",
        "Effect Type": "Unknown",
        "Fetch Type": null,
        "GE Imagery Acquisition Date": null,
        "General Description": null,
        "General Description Type": null,
        "Geometry Extent Certainty": "Negligible",
        "Geometry Qualifier": "Center Point",
        "Google Earth Assessment": "None",
        "Grid ID": "E14N31-33",
        "Heritage Place Function": "Agricultural/Pastoral, Domestic",
        "Heritage Place Function Certainty ": "High, High",
        "Heritage Place Resource Instance": null,
        "Heritage Place Type": "Archaeological Site",
        "Imagery Acquisition Date": null,
        "Information Resource": null,
        "Information Resource Acquisition Date": null,
        "Intervention Activity Type": null,
        "Investigator Role Type": "",
        "Land Cover Assessment Date": null,
        "Land Cover Type": null,
        "Location Certainty": "Low",
        "Material Class": null,
        "Material Type": null,
        "Maximum Depth/Min Elevation": null,
        "Measurement Number": null,
        "Measurement Source Type ": null,
        "Measurement Unit": null,
        "Minimum Depth/Max Elevation": null,
        "Name Type": "Alternative Reference, Designation, Alternative Reference",
        "Overall Archaeological Certainty Value ": "Definite",
        "Overall Condition State Type": "Unknown",
        "Overall Site Morphology Type": "Positive/Built Feature",
        "Overall Site Shape Type": "Unknown",
        "Priority Type": null,
        "Recommendation Type": null,
        "Related Geoarchaeology/Palaeolandscape": null,
        "Resource Name": "Md229-f, E14N31-33_000010, BUL064",
        "Resource Orientation": "",
        "Restricted Access Record Designation": null,
        "SH Date From": null,
        "SH Date to": null,
        "Site Feature Arrangement Type": "Isolated",
        "Site Feature Form Type": "Structure",
        "Site Feature Form Type Certainty": "Definite",
        "Site Feature Interpretation Certainty": "High, High",
        "Site Feature Interpretation Number Type": "1, 1",
        "Site Feature Interpretation Type": "Farm Building, Settlement/Habitation Site",
        "Site Feature Number Type": "1",
        "Site Feature Shape Type": "Unknown",
        "Spatial Coordinates Ref System": "",
        "Surficial Geology Type": null,
        "Threat Category": "Unknown",
        "Threat Cause Type": "Unknown",
        "Threat Inference Making Assessor Name - Actor": "None",
        "Threat Probability ": "Not Applicable",
        "Tidal Range": null,
        "Topography Type": null,
        "Wave Climate": null
      },
      "type": "Feature"
    },
    {
      "geometry": {
        "coordinates": [
          14.04166,
          31.77483
        ],
        "type": "Point"
      },
      "properties": {
        "AH Date From": null,
        "AH Date To": null,
        "Address": null,
        "Address Type": null,
        "Administrative Division ": null,
        "Administrative Division Type": null,
        "Archaeological From Date": null,
        "Archaeological To Date": null,
        "Assessment Activity Date": "2016-02-29",
        "Assessment Activity Type": "Desk-based",
        "Assessment Investigator - Actor": "Nichole Sheldrick",
        "BP Date From": null,
        "BP Date To": null,
        "Bedrock Geology Type": null,
        "Built Component": null,
        "Cadastral Reference": "None",
        "Construction Technique": null,
        "Country Type": "Libya",
        "Cultural Period Certainty": "Probable",
        "Cultural Period Type": "Classical/Protohistoric/Pre-Islamic (North Africa)",
        "Cultural Sub-period Certainty": "Probable",
        "Cultural Sub-period Type": "Roman Imperial (North Africa)",
        "Damage Extent Type": "Unknown",
        "Date Inference Making Actor Name": "None",
        "Datum Description/EPSG code": null,
        "Datum Type": null,
        "Depositional Process": null,
        "Designation": null,
        "Designation From Date": null,
        "Designation To Date": null,
        "Detailed Condition Assessments": null,
        "Dimension Type": null,
        "Disturbance Cause Assignment Assessor Name - Actor": "None",
        "Disturbance Cause Category Type": "Unknown",
        "Disturbance Cause Certainty ": "Not Applicable",
        "Disturbance Cause Type ": "Unknown",
        "Disturbance Date From": "None",
        "Disturbance Date Occurred Before": "None",
        "Disturbance Date Occurred On ": "None",
        "Disturbance Date To ": "None",
        "EAMENA ID": "EAMENA-0086423",
        "Effect Certainty": "Not Applicable",
        "Effect Type": "Unknown",
        "Fetch Type": null,
        "GE Imagery Acquisition Date": null,
        "General Description": null,
        "General Description Type": null,
        "Geometry Extent Certainty": "",
        "Geometry Qualifier": "",
        "Google Earth Assessment": "None",
        "Grid ID": "E14N31-33",
        "Heritage Place Function": "Domestic, Agricultural/Pastoral",
        "Heritage Place Function Certainty ": "High, High",
        "Heritage Place Resource Instance": null,
        "Heritage Place Type": "Archaeological Site",
        "Imagery Acquisition Date": null,
        "Information Resource": null,
        "Information Resource Acquisition Date": null,
        "Intervention Activity Type": null,
        "Investigator Role Type": "",
        "Land Cover Assessment Date": null,
        "Land Cover Type": null,
        "Location Certainty": "Negligible",
        "Material Class": null,
        "Material Type": null,
        "Maximum Depth/Min Elevation": null,
        "Measurement Number": null,
        "Measurement Source Type ": null,
        "Measurement Unit": null,
        "Minimum Depth/Max Elevation": null,
        "Name Type": "Alternative Reference, Designation, Alternative Reference",
        "Overall Archaeological Certainty Value ": "Definite",
        "Overall Condition State Type": "Unknown",
        "Overall Site Morphology Type": "Positive/Built Feature",
        "Overall Site Shape Type": "Unknown",
        "Priority Type": null,
        "Recommendation Type": null,
        "Related Geoarchaeology/Palaeolandscape": null,
        "Resource Name": "Md226-f, E14N31-33_000007, BUL065",
        "Resource Orientation": "",
        "Restricted Access Record Designation": null,
        "SH Date From": null,
        "SH Date to": null,
        "Site Feature Arrangement Type": "Isolated",
        "Site Feature Form Type": "Structure",
        "Site Feature Form Type Certainty": "Definite",
        "Site Feature Interpretation Certainty": "High, High",
        "Site Feature Interpretation Number Type": "1, 1",
        "Site Feature Interpretation Type": "Farm Building, Settlement/Habitation Site",
        "Site Feature Number Type": "1",
        "Site Feature Shape Type": "Unknown",
        "Spatial Coordinates Ref System": "None",
        "Surficial Geology Type": null,
        "Threat Category": "Unknown",
        "Threat Cause Type": "Unknown",
        "Threat Inference Making Assessor Name - Actor": "None",
        "Threat Probability ": "Not Applicable",
        "Tidal Range": null,
        "Topography Type": null,
        "Wave Climate": null
      },
      "type": "Feature"
    },
    {
      "geometry": {
        "coordinates": [
          14.041875,
          31.776335
        ],
        "type": "Point"
      },
      "properties": {
        "AH Date From": null,
        "AH Date To": null,
        "Address": null,
        "Address Type": null,
        "Administrative Division ": null,
        "Administrative Division Type": null,
        "Archaeological From Date": null,
        "Archaeological To Date": null,
        "Assessment Activity Date": "2016-02-29",
        "Assessment Activity Type": "Desk-based",
        "Assessment Investigator - Actor": "Nichole Sheldrick",
        "BP Date From": null,
        "BP Date To": null,
        "Bedrock Geology Type": null,
        "Built Component": null,
        "Cadastral Reference": "None",
        "Construction Technique": null,
        "Country Type": "Libya",
        "Cultural Period Certainty": "Probable",
        "Cultural Period Type": "Classical/Protohistoric/Pre-Islamic (North Africa)",
        "Cultural Sub-period Certainty": "Probable",
        "Cultural Sub-period Type": "Roman Imperial (North Africa)",
        "Damage Extent Type": "Unknown",
        "Date Inference Making Actor Name": "None",
        "Datum Description/EPSG code": null,
        "Datum Type": null,
        "Depositional Process": null,
        "Designation": null,
        "Designation From Date": null,
        "Designation To Date": null,
        "Detailed Condition Assessments": null,
        "Dimension Type": null,
        "Disturbance Cause Assignment Assessor Name - Actor": "None",
        "Disturbance Cause Category Type": "Unknown",
        "Disturbance Cause Certainty ": "Not Applicable",
        "Disturbance Cause Type ": "Unknown",
        "Disturbance Date From": "None",
        "Disturbance Date Occurred Before": "None",
        "Disturbance Date Occurred On ": "None",
        "Disturbance Date To ": "None",
        "EAMENA ID": "EAMENA-0086424",
        "Effect Certainty": "Not Applicable",
        "Effect Type": "Unknown",
        "Fetch Type": null,
        "GE Imagery Acquisition Date": null,
        "General Description": null,
        "General Description Type": null,
        "Geometry Extent Certainty": "",
        "Geometry Qualifier": "",
        "Google Earth Assessment": "None",
        "Grid ID": "E14N31-33",
        "Heritage Place Function": "Agricultural/Pastoral, Domestic",
        "Heritage Place Function Certainty ": "High, High",
        "Heritage Place Resource Instance": null,
        "Heritage Place Type": "Archaeological Site",
        "Imagery Acquisition Date": null,
        "Information Resource": null,
        "Information Resource Acquisition Date": null,
        "Intervention Activity Type": null,
        "Investigator Role Type": "",
        "Land Cover Assessment Date": null,
        "Land Cover Type": null,
        "Location Certainty": "Negligible",
        "Material Class": null,
        "Material Type": null,
        "Maximum Depth/Min Elevation": null,
        "Measurement Number": null,
        "Measurement Source Type ": null,
        "Measurement Unit": null,
        "Minimum Depth/Max Elevation": null,
        "Name Type": "Alternative Reference, Designation, Alternative Reference",
        "Overall Archaeological Certainty Value ": "Definite",
        "Overall Condition State Type": "Unknown",
        "Overall Site Morphology Type": "Positive/Built Feature",
        "Overall Site Shape Type": "Unknown",
        "Priority Type": null,
        "Recommendation Type": null,
        "Related Geoarchaeology/Palaeolandscape": null,
        "Resource Name": "Md227-f, E14N31-33_000008, BUL066",
        "Resource Orientation": "",
        "Restricted Access Record Designation": null,
        "SH Date From": null,
        "SH Date to": null,
        "Site Feature Arrangement Type": "Isolated",
        "Site Feature Form Type": "Structure",
        "Site Feature Form Type Certainty": "Definite",
        "Site Feature Interpretation Certainty": "High, High",
        "Site Feature Interpretation Number Type": "1, 1",
        "Site Feature Interpretation Type": "Farm Building, Settlement/Habitation Site",
        "Site Feature Number Type": "1",
        "Site Feature Shape Type": "Unknown",
        "Spatial Coordinates Ref System": "None",
        "Surficial Geology Type": null,
        "Threat Category": "Unknown",
        "Threat Cause Type": "Unknown",
        "Threat Inference Making Assessor Name - Actor": "None",
        "Threat Probability ": "Not Applicable",
        "Tidal Range": null,
        "Topography Type": null,
        "Wave Climate": null
      },
      "type": "Feature"
    },
    {
      "geometry": {
        "coordinates": [
          14.042289,
          31.778206
        ],
        "type": "Point"
      },
      "properties": {
        "AH Date From": null,
        "AH Date To": null,
        "Address": null,
        "Address Type": null,
        "Administrative Division ": null,
        "Administrative Division Type": null,
        "Archaeological From Date": null,
        "Archaeological To Date": null,
        "Assessment Activity Date": "2016-03-10",
        "Assessment Activity Type": "Desk-based",
        "Assessment Investigator - Actor": "Nichole Sheldrick",
        "BP Date From": null,
        "BP Date To": null,
        "Bedrock Geology Type": null,
        "Built Component": null,
        "Cadastral Reference": "None",
        "Construction Technique": null,
        "Country Type": "Libya",
        "Cultural Period Certainty": "Possible, Possible, Possible",
        "Cultural Period Type": "Classical/Protohistoric/Pre-Islamic (North Africa), Classical/Protohistoric/Pre-Islamic (North Africa), Classical/Protohistoric/Pre-Islamic (North Africa)",
        "Cultural Sub-period Certainty": "Possible, Possible, Possible",
        "Cultural Sub-period Type": "Roman Imperial, Late (North Africa), Byzantine (Maghreb), Vandal (Maghreb)",
        "Damage Extent Type": "Unknown",
        "Date Inference Making Actor Name": "None, None, None",
        "Datum Description/EPSG code": null,
        "Datum Type": null,
        "Depositional Process": null,
        "Designation": null,
        "Designation From Date": null,
        "Designation To Date": null,
        "Detailed Condition Assessments": null,
        "Dimension Type": null,
        "Disturbance Cause Assignment Assessor Name - Actor": "None",
        "Disturbance Cause Category Type": "Unknown",
        "Disturbance Cause Certainty ": "Not Applicable",
        "Disturbance Cause Type ": "Unknown",
        "Disturbance Date From": "None",
        "Disturbance Date Occurred Before": "None",
        "Disturbance Date Occurred On ": "None",
        "Disturbance Date To ": "None",
        "EAMENA ID": "EAMENA-0087044",
        "Effect Certainty": "Not Applicable",
        "Effect Type": "Unknown",
        "Fetch Type": null,
        "GE Imagery Acquisition Date": null,
        "General Description": null,
        "General Description Type": null,
        "Geometry Extent Certainty": "",
        "Geometry Qualifier": "",
        "Google Earth Assessment": "None",
        "Grid ID": "E14N31-33",
        "Heritage Place Function": "Domestic, Defensive/Fortification, Agricultural/Pastoral",
        "Heritage Place Function Certainty ": "High, High, High",
        "Heritage Place Resource Instance": null,
        "Heritage Place Type": "Archaeological Site",
        "Imagery Acquisition Date": null,
        "Information Resource": null,
        "Information Resource Acquisition Date": null,
        "Intervention Activity Type": null,
        "Investigator Role Type": "",
        "Land Cover Assessment Date": null,
        "Land Cover Type": null,
        "Location Certainty": "Negligible",
        "Material Class": null,
        "Material Type": null,
        "Maximum Depth/Min Elevation": null,
        "Measurement Number": null,
        "Measurement Source Type ": null,
        "Measurement Unit": null,
        "Minimum Depth/Max Elevation": null,
        "Name Type": "Alternative Reference, Toponym, Designation, Alternative Reference",
        "Overall Archaeological Certainty Value ": "Definite",
        "Overall Condition State Type": "Unknown",
        "Overall Site Morphology Type": "Positive/Built Feature",
        "Overall Site Shape Type": "Unknown",
        "Priority Type": null,
        "Recommendation Type": null,
        "Related Geoarchaeology/Palaeolandscape": null,
        "Resource Name": "Md225-g, Gasr el Awasa, E14N31-33_000037, BUL068",
        "Resource Orientation": "",
        "Restricted Access Record Designation": null,
        "SH Date From": null,
        "SH Date to": null,
        "Site Feature Arrangement Type": "Unknown",
        "Site Feature Form Type": "Structure",
        "Site Feature Form Type Certainty": "Definite",
        "Site Feature Interpretation Certainty": "High, High",
        "Site Feature Interpretation Number Type": "1, 1",
        "Site Feature Interpretation Type": "Settlement/Habitation Site, Farm Building",
        "Site Feature Number Type": "1",
        "Site Feature Shape Type": "Unknown",
        "Spatial Coordinates Ref System": "None",
        "Surficial Geology Type": null,
        "Threat Category": "Unknown",
        "Threat Cause Type": "Unknown",
        "Threat Inference Making Assessor Name - Actor": "None",
        "Threat Probability ": "Not Applicable",
        "Tidal Range": null,
        "Topography Type": null,
        "Wave Climate": null
      },
      "type": "Feature"
    },
    {
      "geometry": {
        "coordinates": [
          14.042054,
          31.777087
        ],
        "type": "Point"
      },
      "properties": {
        "AH Date From": null,
        "AH Date To": null,
        "Address": null,
        "Address Type": null,
        "Administrative Division ": null,
        "Administrative Division Type": null,
        "Archaeological From Date": null,
        "Archaeological To Date": null,
        "Assessment Activity Date": "2016-02-29",
        "Assessment Activity Type": "Desk-based",
        "Assessment Investigator - Actor": "Nichole Sheldrick",
        "BP Date From": null,
        "BP Date To": null,
        "Bedrock Geology Type": null,
        "Built Component": null,
        "Cadastral Reference": "None",
        "Construction Technique": null,
        "Country Type": "Libya",
        "Cultural Period Certainty": "Probable",
        "Cultural Period Type": "Classical/Protohistoric/Pre-Islamic (North Africa)",
        "Cultural Sub-period Certainty": "Probable",
        "Cultural Sub-period Type": "Roman Imperial (North Africa)",
        "Damage Extent Type": "Unknown",
        "Date Inference Making Actor Name": "None",
        "Datum Description/EPSG code": null,
        "Datum Type": null,
        "Depositional Process": null,
        "Designation": null,
        "Designation From Date": null,
        "Designation To Date": null,
        "Detailed Condition Assessments": null,
        "Dimension Type": null,
        "Disturbance Cause Assignment Assessor Name - Actor": "None",
        "Disturbance Cause Category Type": "Unknown",
        "Disturbance Cause Certainty ": "Not Applicable",
        "Disturbance Cause Type ": "Unknown",
        "Disturbance Date From": "None",
        "Disturbance Date Occurred Before": "None",
        "Disturbance Date Occurred On ": "None",
        "Disturbance Date To ": "None",
        "EAMENA ID": "EAMENA-0086425",
        "Effect Certainty": "Not Applicable",
        "Effect Type": "Unknown",
        "Fetch Type": null,
        "GE Imagery Acquisition Date": null,
        "General Description": null,
        "General Description Type": null,
        "Geometry Extent Certainty": "",
        "Geometry Qualifier": "",
        "Google Earth Assessment": "None",
        "Grid ID": "E14N31-33",
        "Heritage Place Function": "Domestic, Agricultural/Pastoral",
        "Heritage Place Function Certainty ": "High, High",
        "Heritage Place Resource Instance": null,
        "Heritage Place Type": "Archaeological Site",
        "Imagery Acquisition Date": null,
        "Information Resource": null,
        "Information Resource Acquisition Date": null,
        "Intervention Activity Type": null,
        "Investigator Role Type": "",
        "Land Cover Assessment Date": null,
        "Land Cover Type": null,
        "Location Certainty": "Negligible",
        "Material Class": null,
        "Material Type": null,
        "Maximum Depth/Min Elevation": null,
        "Measurement Number": null,
        "Measurement Source Type ": null,
        "Measurement Unit": null,
        "Minimum Depth/Max Elevation": null,
        "Name Type": "Alternative Reference, Designation, Alternative Reference",
        "Overall Archaeological Certainty Value ": "Definite",
        "Overall Condition State Type": "Unknown",
        "Overall Site Morphology Type": "Positive/Built Feature",
        "Overall Site Shape Type": "Unknown",
        "Priority Type": null,
        "Recommendation Type": null,
        "Related Geoarchaeology/Palaeolandscape": null,
        "Resource Name": "Md228-f, E14N31-33_000009, BUL067",
        "Resource Orientation": "",
        "Restricted Access Record Designation": null,
        "SH Date From": null,
        "SH Date to": null,
        "Site Feature Arrangement Type": "Isolated",
        "Site Feature Form Type": "Structure",
        "Site Feature Form Type Certainty": "Definite",
        "Site Feature Interpretation Certainty": "High, High",
        "Site Feature Interpretation Number Type": "1, 1",
        "Site Feature Interpretation Type": "Farm Building, Settlement/Habitation Site",
        "Site Feature Number Type": "1",
        "Site Feature Shape Type": "Unknown",
        "Spatial Coordinates Ref System": "None",
        "Surficial Geology Type": null,
        "Threat Category": "Unknown",
        "Threat Cause Type": "Unknown",
        "Threat Inference Making Assessor Name - Actor": "None",
        "Threat Probability ": "Not Applicable",
        "Tidal Range": null,
        "Topography Type": null,
        "Wave Climate": null
      },
      "type": "Feature"
    },
    {
      "geometry": {
        "coordinates": [
          14.050687,
          31.781455
        ],
        "type": "Point"
      },
      "properties": {
        "AH Date From": null,
        "AH Date To": null,
        "Address": null,
        "Address Type": null,
        "Administrative Division ": null,
        "Administrative Division Type": null,
        "Archaeological From Date": null,
        "Archaeological To Date": null,
        "Assessment Activity Date": "2016-03-10, 2020-04-25",
        "Assessment Activity Type": "Desk-based, Literature Interpretation/Digitisation",
        "Assessment Investigator - Actor": "Nichole Sheldrick, Nichole Sheldrick",
        "BP Date From": null,
        "BP Date To": null,
        "Bedrock Geology Type": null,
        "Built Component": null,
        "Cadastral Reference": "None, None",
        "Construction Technique": null,
        "Country Type": ", Libya",
        "Cultural Period Certainty": "Possible, Possible, Possible, Possible, Possible",
        "Cultural Period Type": "Classical/Protohistoric/Pre-Islamic (North Africa), Islamic (North Africa), Classical/Protohistoric/Pre-Islamic (North Africa), Classical/Protohistoric/Pre-Islamic (North Africa), Classical/Protohistoric/Pre-Islamic (North Africa)",
        "Cultural Sub-period Certainty": "Possible, Possible, Possible, Possible, Possible",
        "Cultural Sub-period Type": "Roman/Late Antique (North Africa), Unknown, Vandal (Maghreb), Byzantine (Maghreb), Roman Imperial, Late (North Africa)",
        "Damage Extent Type": "Unknown",
        "Date Inference Making Actor Name": "Nichole Sheldrick, Nichole Sheldrick, None, None, None",
        "Datum Description/EPSG code": null,
        "Datum Type": null,
        "Depositional Process": null,
        "Designation": null,
        "Designation From Date": null,
        "Designation To Date": null,
        "Detailed Condition Assessments": null,
        "Dimension Type": null,
        "Disturbance Cause Assignment Assessor Name - Actor": "None",
        "Disturbance Cause Category Type": "Unknown",
        "Disturbance Cause Certainty ": "Not Applicable",
        "Disturbance Cause Type ": "Unknown",
        "Disturbance Date From": "None",
        "Disturbance Date Occurred Before": "None",
        "Disturbance Date Occurred On ": "None",
        "Disturbance Date To ": "None",
        "EAMENA ID": "EAMENA-0087046",
        "Effect Certainty": "Not Applicable",
        "Effect Type": "Unknown",
        "Fetch Type": null,
        "GE Imagery Acquisition Date": null,
        "General Description": null,
        "General Description Type": null,
        "Geometry Extent Certainty": "Negligible",
        "Geometry Qualifier": "",
        "Google Earth Assessment": "None, None",
        "Grid ID": "E14N31-33, ",
        "Heritage Place Function": "Domestic, Agricultural/Pastoral, Defensive/Fortification",
        "Heritage Place Function Certainty ": "High, High, High",
        "Heritage Place Resource Instance": null,
        "Heritage Place Type": "Archaeological Site",
        "Imagery Acquisition Date": null,
        "Information Resource": null,
        "Information Resource Acquisition Date": null,
        "Intervention Activity Type": null,
        "Investigator Role Type": ", EAMENA Project Staff",
        "Land Cover Assessment Date": null,
        "Land Cover Type": null,
        "Location Certainty": "Negligible",
        "Material Class": null,
        "Material Type": null,
        "Maximum Depth/Min Elevation": null,
        "Measurement Number": null,
        "Measurement Source Type ": null,
        "Measurement Unit": null,
        "Minimum Depth/Max Elevation": null,
        "Name Type": "Alternative Reference, Designation, Alternative Reference, Alternative Reference, Toponym, Alternative Reference",
        "Overall Archaeological Certainty Value ": "Definite",
        "Overall Condition State Type": "Unknown",
        "Overall Site Morphology Type": "Positive/Built Feature",
        "Overall Site Shape Type": ", Unknown",
        "Priority Type": null,
        "Recommendation Type": null,
        "Related Geoarchaeology/Palaeolandscape": null,
        "Resource Name": "Md234-g, E14N31-33_000039, Md232, Md233, Tlemat, BUL069",
        "Resource Orientation": ", ",
        "Restricted Access Record Designation": null,
        "SH Date From": null,
        "SH Date to": null,
        "Site Feature Arrangement Type": "Unknown, Discrete",
        "Site Feature Form Type": "Structure, Structure",
        "Site Feature Form Type Certainty": "Definite, Definite",
        "Site Feature Interpretation Certainty": "High, Definite",
        "Site Feature Interpretation Number Type": "1, 1",
        "Site Feature Interpretation Type": "Farm Building, Settlement/Habitation Site",
        "Site Feature Number Type": "Unknown, 1",
        "Site Feature Shape Type": "Rectangular/Square, Unknown",
        "Spatial Coordinates Ref System": "None",
        "Surficial Geology Type": null,
        "Threat Category": "Unknown",
        "Threat Cause Type": "Unknown",
        "Threat Inference Making Assessor Name - Actor": "None",
        "Threat Probability ": "Not Applicable",
        "Tidal Range": null,
        "Topography Type": "Precipice/Edge, Plain/Plateau",
        "Wave Climate": null
      },
      "type": "Feature"
    },
    {
      "geometry": {
        "coordinates": [
          14.05394,
          31.784725
        ],
        "type": "Point"
      },
      "properties": {
        "AH Date From": null,
        "AH Date To": null,
        "Address": null,
        "Address Type": null,
        "Administrative Division ": null,
        "Administrative Division Type": null,
        "Archaeological From Date": null,
        "Archaeological To Date": null,
        "Assessment Activity Date": "2016-03-10",
        "Assessment Activity Type": "Desk-based",
        "Assessment Investigator - Actor": "Nichole Sheldrick",
        "BP Date From": null,
        "BP Date To": null,
        "Bedrock Geology Type": null,
        "Built Component": null,
        "Cadastral Reference": "None",
        "Construction Technique": null,
        "Country Type": "Libya",
        "Cultural Period Certainty": "Possible, Possible, Possible",
        "Cultural Period Type": "Classical/Protohistoric/Pre-Islamic (North Africa), Classical/Protohistoric/Pre-Islamic (North Africa), Classical/Protohistoric/Pre-Islamic (North Africa)",
        "Cultural Sub-period Certainty": "Possible, Possible, Possible",
        "Cultural Sub-period Type": "Roman Imperial, Late (North Africa), Byzantine (Maghreb), Vandal (Maghreb)",
        "Damage Extent Type": "Unknown",
        "Date Inference Making Actor Name": "None, None, None",
        "Datum Description/EPSG code": null,
        "Datum Type": null,
        "Depositional Process": null,
        "Designation": null,
        "Designation From Date": null,
        "Designation To Date": null,
        "Detailed Condition Assessments": null,
        "Dimension Type": null,
        "Disturbance Cause Assignment Assessor Name - Actor": "None",
        "Disturbance Cause Category Type": "Unknown",
        "Disturbance Cause Certainty ": "Not Applicable",
        "Disturbance Cause Type ": "Unknown",
        "Disturbance Date From": "None",
        "Disturbance Date Occurred Before": "None",
        "Disturbance Date Occurred On ": "None",
        "Disturbance Date To ": "None",
        "EAMENA ID": "EAMENA-0087047",
        "Effect Certainty": "Not Applicable",
        "Effect Type": "Unknown",
        "Fetch Type": null,
        "GE Imagery Acquisition Date": null,
        "General Description": null,
        "General Description Type": null,
        "Geometry Extent Certainty": "",
        "Geometry Qualifier": "",
        "Google Earth Assessment": "None",
        "Grid ID": "E14N31-33",
        "Heritage Place Function": "Defensive/Fortification, Domestic, Agricultural/Pastoral",
        "Heritage Place Function Certainty ": "High, High, High",
        "Heritage Place Resource Instance": null,
        "Heritage Place Type": "Archaeological Site",
        "Imagery Acquisition Date": null,
        "Information Resource": null,
        "Information Resource Acquisition Date": null,
        "Intervention Activity Type": null,
        "Investigator Role Type": "",
        "Land Cover Assessment Date": null,
        "Land Cover Type": null,
        "Location Certainty": "Negligible",
        "Material Class": null,
        "Material Type": null,
        "Maximum Depth/Min Elevation": null,
        "Measurement Number": null,
        "Measurement Source Type ": null,
        "Measurement Unit": null,
        "Minimum Depth/Max Elevation": null,
        "Name Type": "Designation, Alternative Reference, Alternative Reference",
        "Overall Archaeological Certainty Value ": "Definite",
        "Overall Condition State Type": "Unknown",
        "Overall Site Morphology Type": "Positive/Built Feature",
        "Overall Site Shape Type": "Unknown",
        "Priority Type": null,
        "Recommendation Type": null,
        "Related Geoarchaeology/Palaeolandscape": null,
        "Resource Name": "E14N31-33_000040, Md235-g, BUL070",
        "Resource Orientation": "",
        "Restricted Access Record Designation": null,
        "SH Date From": null,
        "SH Date to": null,
        "Site Feature Arrangement Type": "Unknown",
        "Site Feature Form Type": "Structure",
        "Site Feature Form Type Certainty": "Definite",
        "Site Feature Interpretation Certainty": "High, High",
        "Site Feature Interpretation Number Type": "1, 1",
        "Site Feature Interpretation Type": "Settlement/Habitation Site, Farm Building",
        "Site Feature Number Type": "1",
        "Site Feature Shape Type": "Unknown",
        "Spatial Coordinates Ref System": "None",
        "Surficial Geology Type": null,
        "Threat Category": "Unknown",
        "Threat Cause Type": "Unknown",
        "Threat Inference Making Assessor Name - Actor": "None",
        "Threat Probability ": "Not Applicable",
        "Tidal Range": null,
        "Topography Type": null,
        "Wave Climate": null
      },
      "type": "Feature"
    },
    {
      "geometry": {
        "coordinates": [
          14.05572,
          31.784267
        ],
        "type": "Point"
      },
      "properties": {
        "AH Date From": null,
        "AH Date To": null,
        "Address": null,
        "Address Type": null,
        "Administrative Division ": null,
        "Administrative Division Type": null,
        "Archaeological From Date": null,
        "Archaeological To Date": null,
        "Assessment Activity Date": "2019-07-17",
        "Assessment Activity Type": "Literature Interpretation/Digitisation",
        "Assessment Investigator - Actor": "Nichole Sheldrick",
        "BP Date From": null,
        "BP Date To": null,
        "Bedrock Geology Type": null,
        "Built Component": null,
        "Cadastral Reference": "None",
        "Construction Technique": null,
        "Country Type": "Libya",
        "Cultural Period Certainty": "Not Applicable",
        "Cultural Period Type": "Unknown",
        "Cultural Sub-period Certainty": "Not Applicable",
        "Cultural Sub-period Type": "Unknown",
        "Damage Extent Type": "Unknown",
        "Date Inference Making Actor Name": "UNESCO Libyan Valleys Survey Gazetteer",
        "Datum Description/EPSG code": null,
        "Datum Type": null,
        "Depositional Process": null,
        "Designation": null,
        "Designation From Date": null,
        "Designation To Date": null,
        "Detailed Condition Assessments": null,
        "Dimension Type": null,
        "Disturbance Cause Assignment Assessor Name - Actor": "Nichole Sheldrick",
        "Disturbance Cause Category Type": "Unknown",
        "Disturbance Cause Certainty ": "Not Applicable",
        "Disturbance Cause Type ": "Unknown",
        "Disturbance Date From": "None",
        "Disturbance Date Occurred Before": "None",
        "Disturbance Date Occurred On ": "None",
        "Disturbance Date To ": "None",
        "EAMENA ID": "EAMENA-0189420",
        "Effect Certainty": "Not Applicable",
        "Effect Type": "Unknown",
        "Fetch Type": null,
        "GE Imagery Acquisition Date": null,
        "General Description": null,
        "General Description Type": null,
        "Geometry Extent Certainty": "Negligible",
        "Geometry Qualifier": "",
        "Google Earth Assessment": "None",
        "Grid ID": "E14N31-33",
        "Heritage Place Function": "Domestic",
        "Heritage Place Function Certainty ": "Definite",
        "Heritage Place Resource Instance": null,
        "Heritage Place Type": "Archaeological Site",
        "Imagery Acquisition Date": null,
        "Information Resource": null,
        "Information Resource Acquisition Date": null,
        "Intervention Activity Type": null,
        "Investigator Role Type": "EAMENA Project Staff",
        "Land Cover Assessment Date": null,
        "Land Cover Type": null,
        "Location Certainty": "Low",
        "Material Class": null,
        "Material Type": null,
        "Maximum Depth/Min Elevation": null,
        "Measurement Number": null,
        "Measurement Source Type ": null,
        "Measurement Unit": null,
        "Minimum Depth/Max Elevation": null,
        "Name Type": "Alternative Reference, Alternative Reference, Toponym, Alternative Reference",
        "Overall Archaeological Certainty Value ": "High",
        "Overall Condition State Type": "Unknown",
        "Overall Site Morphology Type": "Positive/Built Feature",
        "Overall Site Shape Type": "",
        "Priority Type": null,
        "Recommendation Type": null,
        "Related Geoarchaeology/Palaeolandscape": null,
        "Resource Name": "Md237, Md 00237, Hazazat, BUL071",
        "Resource Orientation": "",
        "Restricted Access Record Designation": null,
        "SH Date From": null,
        "SH Date to": null,
        "Site Feature Arrangement Type": null,
        "Site Feature Form Type": null,
        "Site Feature Form Type Certainty": null,
        "Site Feature Interpretation Certainty": "Definite",
        "Site Feature Interpretation Number Type": "1",
        "Site Feature Interpretation Type": "Settlement/Habitation Site",
        "Site Feature Number Type": null,
        "Site Feature Shape Type": null,
        "Spatial Coordinates Ref System": "None",
        "Surficial Geology Type": null,
        "Threat Category": "Unknown",
        "Threat Cause Type": "Unknown",
        "Threat Inference Making Assessor Name - Actor": "Nichole Sheldrick",
        "Threat Probability ": "Not Applicable",
        "Tidal Range": null,
        "Topography Type": "Unknown",
        "Wave Climate": null
      },
      "type": "Feature"
    },
    {
      "geometry": {
        "coordinates": [
          14.071235,
          31.798271
        ],
        "type": "Point"
      },
      "properties": {
        "AH Date From": null,
        "AH Date To": null,
        "Address": null,
        "Address Type": null,
        "Administrative Division ": null,
        "Administrative Division Type": null,
        "Archaeological From Date": null,
        "Archaeological To Date": null,
        "Assessment Activity Date": "2021-12-23, 2021-12-23",
        "Assessment Activity Type": "Archaeological Assessment (Image Interpretation), Condition Assessment (Image Interpretation)",
        "Assessment Investigator - Actor": "Thomas Millington, Thomas Millington",
        "BP Date From": null,
        "BP Date To": null,
        "Bedrock Geology Type": null,
        "Built Component": null,
        "Cadastral Reference": "None",
        "Construction Technique": null,
        "Country Type": "Libya",
        "Cultural Period Certainty": "Possible",
        "Cultural Period Type": "Islamic (North Africa)",
        "Cultural Sub-period Certainty": "Not Applicable",
        "Cultural Sub-period Type": "Unknown",
        "Damage Extent Type": "Unknown",
        "Date Inference Making Actor Name": "Thomas Millington",
        "Datum Description/EPSG code": null,
        "Datum Type": null,
        "Depositional Process": null,
        "Designation": null,
        "Designation From Date": null,
        "Designation To Date": null,
        "Detailed Condition Assessments": null,
        "Dimension Type": null,
        "Disturbance Cause Assignment Assessor Name - Actor": "Thomas Millington",
        "Disturbance Cause Category Type": "Building and Development",
        "Disturbance Cause Certainty ": "Medium",
        "Disturbance Cause Type ": "Construction",
        "Disturbance Date From": "None",
        "Disturbance Date Occurred Before": "2009-10-19",
        "Disturbance Date Occurred On ": "None",
        "Disturbance Date To ": "None",
        "EAMENA ID": "EAMENA-0194835",
        "Effect Certainty": "Medium",
        "Effect Type": "Collapse/Structural Damage",
        "Fetch Type": null,
        "GE Imagery Acquisition Date": "2009-10-19, 2021-09-22",
        "General Description": null,
        "General Description Type": null,
        "Geometry Extent Certainty": "Negligible",
        "Geometry Qualifier": "Center Point",
        "Google Earth Assessment": "True, True",
        "Grid ID": "E14N31-33",
        "Heritage Place Function": "Domestic",
        "Heritage Place Function Certainty ": "High",
        "Heritage Place Resource Instance": null,
        "Heritage Place Type": "Urban Heritage",
        "Imagery Acquisition Date": null,
        "Information Resource": null,
        "Information Resource Acquisition Date": null,
        "Intervention Activity Type": null,
        "Investigator Role Type": "Volunteer/Independent Researcher, Volunteer/Independent Researcher",
        "Land Cover Assessment Date": "2021-09-22",
        "Land Cover Type": "Lichen & Mosses/Sparse Vegetation",
        "Location Certainty": "High",
        "Material Class": null,
        "Material Type": null,
        "Maximum Depth/Min Elevation": null,
        "Measurement Number": null,
        "Measurement Source Type ": null,
        "Measurement Unit": null,
        "Minimum Depth/Max Elevation": null,
        "Name Type": "Alternative Reference, Alternative Reference",
        "Overall Archaeological Certainty Value ": "High",
        "Overall Condition State Type": "Poor",
        "Overall Site Morphology Type": "Positive/Built Feature",
        "Overall Site Shape Type": "Irregular",
        "Priority Type": null,
        "Recommendation Type": null,
        "Related Geoarchaeology/Palaeolandscape": null,
        "Resource Name": "TM E14N31-33_570, BUL083",
        "Resource Orientation": "",
        "Restricted Access Record Designation": null,
        "SH Date From": null,
        "SH Date to": null,
        "Site Feature Arrangement Type": "Clustered",
        "Site Feature Form Type": "Structure",
        "Site Feature Form Type Certainty": "High",
        "Site Feature Interpretation Certainty": "High, High",
        "Site Feature Interpretation Number Type": "1, 2 to 5",
        "Site Feature Interpretation Type": "Settlement/Habitation Site, House/Dwelling",
        "Site Feature Number Type": "2 to 5",
        "Site Feature Shape Type": "Rectilinear",
        "Spatial Coordinates Ref System": "None",
        "Surficial Geology Type": null,
        "Threat Category": "Building and Development",
        "Threat Cause Type": "Construction",
        "Threat Inference Making Assessor Name - Actor": "Thomas Millington",
        "Threat Probability ": "Possible",
        "Tidal Range": null,
        "Topography Type": "Slopes",
        "Wave Climate": null
      },
      "type": "Feature"
    },
    {
      "geometry": {
        "coordinates": [
          14.075746,
          31.796446
        ],
        "type": "Point"
      },
      "properties": {
        "AH Date From": null,
        "AH Date To": null,
        "Address": null,
        "Address Type": null,
        "Administrative Division ": null,
        "Administrative Division Type": null,
        "Archaeological From Date": null,
        "Archaeological To Date": null,
        "Assessment Activity Date": "2016-02-29",
        "Assessment Activity Type": "Desk-based",
        "Assessment Investigator - Actor": "Nichole Sheldrick",
        "BP Date From": null,
        "BP Date To": null,
        "Bedrock Geology Type": null,
        "Built Component": null,
        "Cadastral Reference": "None",
        "Construction Technique": null,
        "Country Type": "Libya",
        "Cultural Period Certainty": "Probable",
        "Cultural Period Type": "Classical/Protohistoric/Pre-Islamic (North Africa)",
        "Cultural Sub-period Certainty": "Probable",
        "Cultural Sub-period Type": "Roman Imperial (North Africa)",
        "Damage Extent Type": "Unknown",
        "Date Inference Making Actor Name": "None",
        "Datum Description/EPSG code": null,
        "Datum Type": null,
        "Depositional Process": null,
        "Designation": null,
        "Designation From Date": null,
        "Designation To Date": null,
        "Detailed Condition Assessments": null,
        "Dimension Type": null,
        "Disturbance Cause Assignment Assessor Name - Actor": "None",
        "Disturbance Cause Category Type": "Unknown",
        "Disturbance Cause Certainty ": "Not Applicable",
        "Disturbance Cause Type ": "Unknown",
        "Disturbance Date From": "None",
        "Disturbance Date Occurred Before": "None",
        "Disturbance Date Occurred On ": "None",
        "Disturbance Date To ": "None",
        "EAMENA ID": "EAMENA-0086640",
        "Effect Certainty": "Not Applicable",
        "Effect Type": "Unknown",
        "Fetch Type": null,
        "GE Imagery Acquisition Date": null,
        "General Description": null,
        "General Description Type": null,
        "Geometry Extent Certainty": "",
        "Geometry Qualifier": "",
        "Google Earth Assessment": "None",
        "Grid ID": "E14N31-33",
        "Heritage Place Function": "Domestic, Agricultural/Pastoral",
        "Heritage Place Function Certainty ": "High, High",
        "Heritage Place Resource Instance": null,
        "Heritage Place Type": null,
        "Imagery Acquisition Date": null,
        "Information Resource": null,
        "Information Resource Acquisition Date": null,
        "Intervention Activity Type": null,
        "Investigator Role Type": "",
        "Land Cover Assessment Date": null,
        "Land Cover Type": null,
        "Location Certainty": "Negligible",
        "Material Class": null,
        "Material Type": null,
        "Maximum Depth/Min Elevation": null,
        "Measurement Number": null,
        "Measurement Source Type ": null,
        "Measurement Unit": null,
        "Minimum Depth/Max Elevation": null,
        "Name Type": "Alternative Reference, Designation",
        "Overall Archaeological Certainty Value ": "Definite",
        "Overall Condition State Type": "Unknown",
        "Overall Site Morphology Type": "Positive/Built Feature",
        "Overall Site Shape Type": "Unknown",
        "Priority Type": null,
        "Recommendation Type": null,
        "Related Geoarchaeology/Palaeolandscape": null,
        "Resource Name": "Md247-f, E14N31-33_000014",
        "Resource Orientation": "",
        "Restricted Access Record Designation": null,
        "SH Date From": null,
        "SH Date to": null,
        "Site Feature Arrangement Type": "Isolated",
        "Site Feature Form Type": "Structure",
        "Site Feature Form Type Certainty": "Definite",
        "Site Feature Interpretation Certainty": "High, High",
        "Site Feature Interpretation Number Type": "1, 1",
        "Site Feature Interpretation Type": "Settlement/Habitation Site, Farm Building",
        "Site Feature Number Type": "1",
        "Site Feature Shape Type": "Unknown",
        "Spatial Coordinates Ref System": "",
        "Surficial Geology Type": null,
        "Threat Category": "Unknown",
        "Threat Cause Type": "Unknown",
        "Threat Inference Making Assessor Name - Actor": "None",
        "Threat Probability ": "Not Applicable",
        "Tidal Range": null,
        "Topography Type": null,
        "Wave Climate": null
      },
      "type": "Feature"
    },
    {
      "geometry": {
        "coordinates": [
          14.064395,
          31.792517
        ],
        "type": "Point"
      },
      "properties": {
        "AH Date From": null,
        "AH Date To": null,
        "Address": null,
        "Address Type": null,
        "Administrative Division ": null,
        "Administrative Division Type": null,
        "Archaeological From Date": null,
        "Archaeological To Date": null,
        "Assessment Activity Date": "2016-03-10",
        "Assessment Activity Type": "Desk-based",
        "Assessment Investigator - Actor": "Nichole Sheldrick",
        "BP Date From": null,
        "BP Date To": null,
        "Bedrock Geology Type": null,
        "Built Component": null,
        "Cadastral Reference": "None",
        "Construction Technique": null,
        "Country Type": "Libya",
        "Cultural Period Certainty": "Possible, Possible, Possible",
        "Cultural Period Type": "Classical/Protohistoric/Pre-Islamic (North Africa), Classical/Protohistoric/Pre-Islamic (North Africa), Classical/Protohistoric/Pre-Islamic (North Africa)",
        "Cultural Sub-period Certainty": "Possible, Possible, Possible",
        "Cultural Sub-period Type": "Roman Imperial, Late (North Africa), Byzantine (Maghreb), Vandal (Maghreb)",
        "Damage Extent Type": "Unknown",
        "Date Inference Making Actor Name": "None, None, None",
        "Datum Description/EPSG code": null,
        "Datum Type": null,
        "Depositional Process": null,
        "Designation": null,
        "Designation From Date": null,
        "Designation To Date": null,
        "Detailed Condition Assessments": null,
        "Dimension Type": null,
        "Disturbance Cause Assignment Assessor Name - Actor": "None",
        "Disturbance Cause Category Type": "Unknown",
        "Disturbance Cause Certainty ": "Not Applicable",
        "Disturbance Cause Type ": "Unknown",
        "Disturbance Date From": "None",
        "Disturbance Date Occurred Before": "None",
        "Disturbance Date Occurred On ": "None",
        "Disturbance Date To ": "None",
        "EAMENA ID": "EAMENA-0087048",
        "Effect Certainty": "High",
        "Effect Type": "Collapse/Structural Damage",
        "Fetch Type": null,
        "GE Imagery Acquisition Date": null,
        "General Description": null,
        "General Description Type": null,
        "Geometry Extent Certainty": "",
        "Geometry Qualifier": "",
        "Google Earth Assessment": "None",
        "Grid ID": "E14N31-33",
        "Heritage Place Function": "Domestic, Defensive/Fortification, Agricultural/Pastoral",
        "Heritage Place Function Certainty ": "High, High, High",
        "Heritage Place Resource Instance": null,
        "Heritage Place Type": "Archaeological Site",
        "Imagery Acquisition Date": null,
        "Information Resource": null,
        "Information Resource Acquisition Date": null,
        "Intervention Activity Type": null,
        "Investigator Role Type": "",
        "Land Cover Assessment Date": null,
        "Land Cover Type": null,
        "Location Certainty": "Definite",
        "Material Class": null,
        "Material Type": null,
        "Maximum Depth/Min Elevation": null,
        "Measurement Number": null,
        "Measurement Source Type ": null,
        "Measurement Unit": null,
        "Minimum Depth/Max Elevation": null,
        "Name Type": "Toponym, Alternative Reference, Designation, Alternative Reference",
        "Overall Archaeological Certainty Value ": "Definite",
        "Overall Condition State Type": "Poor",
        "Overall Site Morphology Type": "Positive/Built Feature",
        "Overall Site Shape Type": "Unknown",
        "Priority Type": null,
        "Recommendation Type": null,
        "Related Geoarchaeology/Palaeolandscape": null,
        "Resource Name": "Gasr Tementinia, Md242-g, E14N31-33_000041, BUL086",
        "Resource Orientation": "",
        "Restricted Access Record Designation": null,
        "SH Date From": null,
        "SH Date to": null,
        "Site Feature Arrangement Type": "Unknown",
        "Site Feature Form Type": "Structure",
        "Site Feature Form Type Certainty": "Definite",
        "Site Feature Interpretation Certainty": "High, High",
        "Site Feature Interpretation Number Type": "1, 1",
        "Site Feature Interpretation Type": "Settlement/Habitation Site, Farm Building",
        "Site Feature Number Type": "1",
        "Site Feature Shape Type": "Unknown",
        "Spatial Coordinates Ref System": "None",
        "Surficial Geology Type": null,
        "Threat Category": "Unknown",
        "Threat Cause Type": "Unknown",
        "Threat Inference Making Assessor Name - Actor": "None",
        "Threat Probability ": "Not Applicable",
        "Tidal Range": null,
        "Topography Type": null,
        "Wave Climate": null
      },
      "type": "Feature"
    },
    {
      "geometry": {
        "coordinates": [
          14.067118,
          31.793843
        ],
        "type": "Point"
      },
      "properties": {
        "AH Date From": null,
        "AH Date To": null,
        "Address": null,
        "Address Type": null,
        "Administrative Division ": null,
        "Administrative Division Type": null,
        "Archaeological From Date": null,
        "Archaeological To Date": null,
        "Assessment Activity Date": "2016-02-29",
        "Assessment Activity Type": "Desk-based",
        "Assessment Investigator - Actor": "Nichole Sheldrick",
        "BP Date From": null,
        "BP Date To": null,
        "Bedrock Geology Type": null,
        "Built Component": null,
        "Cadastral Reference": "None",
        "Construction Technique": null,
        "Country Type": "Libya",
        "Cultural Period Certainty": "Probable",
        "Cultural Period Type": "Classical/Protohistoric/Pre-Islamic (North Africa)",
        "Cultural Sub-period Certainty": "Probable",
        "Cultural Sub-period Type": "Roman Imperial (North Africa)",
        "Damage Extent Type": "Unknown",
        "Date Inference Making Actor Name": "None",
        "Datum Description/EPSG code": null,
        "Datum Type": null,
        "Depositional Process": null,
        "Designation": null,
        "Designation From Date": null,
        "Designation To Date": null,
        "Detailed Condition Assessments": null,
        "Dimension Type": null,
        "Disturbance Cause Assignment Assessor Name - Actor": "None",
        "Disturbance Cause Category Type": "Unknown",
        "Disturbance Cause Certainty ": "Not Applicable",
        "Disturbance Cause Type ": "Unknown",
        "Disturbance Date From": "None",
        "Disturbance Date Occurred Before": "None",
        "Disturbance Date Occurred On ": "None",
        "Disturbance Date To ": "None",
        "EAMENA ID": "EAMENA-0086634",
        "Effect Certainty": "Not Applicable",
        "Effect Type": "Unknown",
        "Fetch Type": null,
        "GE Imagery Acquisition Date": null,
        "General Description": null,
        "General Description Type": null,
        "Geometry Extent Certainty": "",
        "Geometry Qualifier": "",
        "Google Earth Assessment": "None",
        "Grid ID": "E14N31-33",
        "Heritage Place Function": "Domestic, Agricultural/Pastoral",
        "Heritage Place Function Certainty ": "High, High",
        "Heritage Place Resource Instance": null,
        "Heritage Place Type": "Archaeological Site",
        "Imagery Acquisition Date": null,
        "Information Resource": null,
        "Information Resource Acquisition Date": null,
        "Intervention Activity Type": null,
        "Investigator Role Type": "",
        "Land Cover Assessment Date": null,
        "Land Cover Type": null,
        "Location Certainty": "Negligible",
        "Material Class": null,
        "Material Type": null,
        "Maximum Depth/Min Elevation": null,
        "Measurement Number": null,
        "Measurement Source Type ": null,
        "Measurement Unit": null,
        "Minimum Depth/Max Elevation": null,
        "Name Type": "Alternative Reference, Designation, Alternative Reference",
        "Overall Archaeological Certainty Value ": "Definite",
        "Overall Condition State Type": "Unknown",
        "Overall Site Morphology Type": "Positive/Built Feature",
        "Overall Site Shape Type": "Unknown",
        "Priority Type": null,
        "Recommendation Type": null,
        "Related Geoarchaeology/Palaeolandscape": null,
        "Resource Name": "Md243-f, E14N31-33_000012, BUL085",
        "Resource Orientation": "",
        "Restricted Access Record Designation": null,
        "SH Date From": null,
        "SH Date to": null,
        "Site Feature Arrangement Type": "Isolated",
        "Site Feature Form Type": "Structure",
        "Site Feature Form Type Certainty": "Definite",
        "Site Feature Interpretation Certainty": "High, High",
        "Site Feature Interpretation Number Type": "1, 1",
        "Site Feature Interpretation Type": "Farm Building, Settlement/Habitation Site",
        "Site Feature Number Type": "1",
        "Site Feature Shape Type": "Unknown",
        "Spatial Coordinates Ref System": "None",
        "Surficial Geology Type": null,
        "Threat Category": "Unknown",
        "Threat Cause Type": "Unknown",
        "Threat Inference Making Assessor Name - Actor": "None",
        "Threat Probability ": "Not Applicable",
        "Tidal Range": null,
        "Topography Type": null,
        "Wave Climate": null
      },
      "type": "Feature"
    },
    {
      "geometry": {
        "coordinates": [
          14.059304,
          31.78999
        ],
        "type": "Point"
      },
      "properties": {
        "AH Date From": null,
        "AH Date To": null,
        "Address": null,
        "Address Type": null,
        "Administrative Division ": null,
        "Administrative Division Type": null,
        "Archaeological From Date": null,
        "Archaeological To Date": null,
        "Assessment Activity Date": "2016-02-29",
        "Assessment Activity Type": "Desk-based",
        "Assessment Investigator - Actor": "Nichole Sheldrick",
        "BP Date From": null,
        "BP Date To": null,
        "Bedrock Geology Type": null,
        "Built Component": null,
        "Cadastral Reference": "None",
        "Construction Technique": null,
        "Country Type": "Libya",
        "Cultural Period Certainty": "Probable",
        "Cultural Period Type": "Classical/Protohistoric/Pre-Islamic (North Africa)",
        "Cultural Sub-period Certainty": "Probable",
        "Cultural Sub-period Type": "Roman Imperial (North Africa)",
        "Damage Extent Type": "Unknown",
        "Date Inference Making Actor Name": "None",
        "Datum Description/EPSG code": null,
        "Datum Type": null,
        "Depositional Process": null,
        "Designation": null,
        "Designation From Date": null,
        "Designation To Date": null,
        "Detailed Condition Assessments": null,
        "Dimension Type": null,
        "Disturbance Cause Assignment Assessor Name - Actor": "None",
        "Disturbance Cause Category Type": "Unknown",
        "Disturbance Cause Certainty ": "Not Applicable",
        "Disturbance Cause Type ": "Unknown",
        "Disturbance Date From": "None",
        "Disturbance Date Occurred Before": "None",
        "Disturbance Date Occurred On ": "None",
        "Disturbance Date To ": "None",
        "EAMENA ID": "EAMENA-0087288",
        "Effect Certainty": "Not Applicable",
        "Effect Type": "Unknown",
        "Fetch Type": null,
        "GE Imagery Acquisition Date": null,
        "General Description": null,
        "General Description Type": null,
        "Geometry Extent Certainty": "",
        "Geometry Qualifier": "",
        "Google Earth Assessment": "None",
        "Grid ID": "E14N31-33",
        "Heritage Place Function": "Domestic, Agricultural/Pastoral",
        "Heritage Place Function Certainty ": "High, High",
        "Heritage Place Resource Instance": null,
        "Heritage Place Type": "Archaeological Site",
        "Imagery Acquisition Date": null,
        "Information Resource": null,
        "Information Resource Acquisition Date": null,
        "Intervention Activity Type": null,
        "Investigator Role Type": "",
        "Land Cover Assessment Date": null,
        "Land Cover Type": null,
        "Location Certainty": "Negligible",
        "Material Class": null,
        "Material Type": null,
        "Maximum Depth/Min Elevation": null,
        "Measurement Number": null,
        "Measurement Source Type ": null,
        "Measurement Unit": null,
        "Minimum Depth/Max Elevation": null,
        "Name Type": "Alternative Reference, Designation, Alternative Reference",
        "Overall Archaeological Certainty Value ": "Definite",
        "Overall Condition State Type": "Unknown",
        "Overall Site Morphology Type": "Positive/Built Feature",
        "Overall Site Shape Type": "Unknown",
        "Priority Type": null,
        "Recommendation Type": null,
        "Related Geoarchaeology/Palaeolandscape": null,
        "Resource Name": "Md250-f, E14N31-33_000017, BUL072",
        "Resource Orientation": "",
        "Restricted Access Record Designation": null,
        "SH Date From": null,
        "SH Date to": null,
        "Site Feature Arrangement Type": "Isolated",
        "Site Feature Form Type": "Structure",
        "Site Feature Form Type Certainty": "Definite",
        "Site Feature Interpretation Certainty": "High, High",
        "Site Feature Interpretation Number Type": "1, 1",
        "Site Feature Interpretation Type": "Farm Building, Settlement/Habitation Site",
        "Site Feature Number Type": "1",
        "Site Feature Shape Type": "Unknown",
        "Spatial Coordinates Ref System": "None",
        "Surficial Geology Type": null,
        "Threat Category": "Unknown",
        "Threat Cause Type": "Unknown",
        "Threat Inference Making Assessor Name - Actor": "None",
        "Threat Probability ": "Not Applicable",
        "Tidal Range": null,
        "Topography Type": null,
        "Wave Climate": null
      },
      "type": "Feature"
    },
    {
      "geometry": {
        "coordinates": [
          14.0752,
          31.796379
        ],
        "type": "Point"
      },
      "properties": {
        "AH Date From": null,
        "AH Date To": null,
        "Address": null,
        "Address Type": null,
        "Administrative Division ": null,
        "Administrative Division Type": null,
        "Archaeological From Date": null,
        "Archaeological To Date": null,
        "Assessment Activity Date": "2016-02-29",
        "Assessment Activity Type": "Desk-based",
        "Assessment Investigator - Actor": "Nichole Sheldrick",
        "BP Date From": null,
        "BP Date To": null,
        "Bedrock Geology Type": null,
        "Built Component": null,
        "Cadastral Reference": "None",
        "Construction Technique": null,
        "Country Type": "Libya",
        "Cultural Period Certainty": "Probable",
        "Cultural Period Type": "Classical/Protohistoric/Pre-Islamic (North Africa)",
        "Cultural Sub-period Certainty": "Probable",
        "Cultural Sub-period Type": "Roman Imperial (North Africa)",
        "Damage Extent Type": "Unknown",
        "Date Inference Making Actor Name": "None",
        "Datum Description/EPSG code": null,
        "Datum Type": null,
        "Depositional Process": null,
        "Designation": null,
        "Designation From Date": null,
        "Designation To Date": null,
        "Detailed Condition Assessments": null,
        "Dimension Type": null,
        "Disturbance Cause Assignment Assessor Name - Actor": "None",
        "Disturbance Cause Category Type": "Unknown",
        "Disturbance Cause Certainty ": "Not Applicable",
        "Disturbance Cause Type ": "Unknown",
        "Disturbance Date From": "None",
        "Disturbance Date Occurred Before": "None",
        "Disturbance Date Occurred On ": "None",
        "Disturbance Date To ": "None",
        "EAMENA ID": "EAMENA-0086641",
        "Effect Certainty": "Not Applicable",
        "Effect Type": "Unknown",
        "Fetch Type": null,
        "GE Imagery Acquisition Date": null,
        "General Description": null,
        "General Description Type": null,
        "Geometry Extent Certainty": "",
        "Geometry Qualifier": "",
        "Google Earth Assessment": "None",
        "Grid ID": "E14N31-33",
        "Heritage Place Function": "Domestic, Agricultural/Pastoral",
        "Heritage Place Function Certainty ": "High, High",
        "Heritage Place Resource Instance": null,
        "Heritage Place Type": "Archaeological Site",
        "Imagery Acquisition Date": null,
        "Information Resource": null,
        "Information Resource Acquisition Date": null,
        "Intervention Activity Type": null,
        "Investigator Role Type": "",
        "Land Cover Assessment Date": null,
        "Land Cover Type": null,
        "Location Certainty": "Negligible",
        "Material Class": null,
        "Material Type": null,
        "Maximum Depth/Min Elevation": null,
        "Measurement Number": null,
        "Measurement Source Type ": null,
        "Measurement Unit": null,
        "Minimum Depth/Max Elevation": null,
        "Name Type": "Alternative Reference, Designation, Alternative Reference",
        "Overall Archaeological Certainty Value ": "Definite",
        "Overall Condition State Type": "Unknown",
        "Overall Site Morphology Type": "Positive/Built Feature",
        "Overall Site Shape Type": "Unknown",
        "Priority Type": null,
        "Recommendation Type": null,
        "Related Geoarchaeology/Palaeolandscape": null,
        "Resource Name": "Md246-f, E14N31-33_000013, BUL088",
        "Resource Orientation": "",
        "Restricted Access Record Designation": null,
        "SH Date From": null,
        "SH Date to": null,
        "Site Feature Arrangement Type": "Isolated",
        "Site Feature Form Type": "Structure",
        "Site Feature Form Type Certainty": "Definite",
        "Site Feature Interpretation Certainty": "High, High",
        "Site Feature Interpretation Number Type": "1, 1",
        "Site Feature Interpretation Type": "Farm Building, Settlement/Habitation Site",
        "Site Feature Number Type": "1",
        "Site Feature Shape Type": "Unknown",
        "Spatial Coordinates Ref System": "None",
        "Surficial Geology Type": null,
        "Threat Category": "Unknown",
        "Threat Cause Type": "Unknown",
        "Threat Inference Making Assessor Name - Actor": "None",
        "Threat Probability ": "Not Applicable",
        "Tidal Range": null,
        "Topography Type": null,
        "Wave Climate": null
      },
      "type": "Feature"
    },
    {
      "geometry": {
        "coordinates": [
          14.070534,
          31.795697
        ],
        "type": "Point"
      },
      "properties": {
        "AH Date From": null,
        "AH Date To": null,
        "Address": null,
        "Address Type": null,
        "Administrative Division ": null,
        "Administrative Division Type": null,
        "Archaeological From Date": null,
        "Archaeological To Date": null,
        "Assessment Activity Date": null,
        "Assessment Activity Type": null,
        "Assessment Investigator - Actor": null,
        "BP Date From": null,
        "BP Date To": null,
        "Bedrock Geology Type": null,
        "Built Component": null,
        "Cadastral Reference": "None",
        "Construction Technique": null,
        "Country Type": "Libya",
        "Cultural Period Certainty": "Definite, Probable",
        "Cultural Period Type": "Islamic (North Africa), Contemporary Islamic (MENA)",
        "Cultural Sub-period Certainty": null,
        "Cultural Sub-period Type": null,
        "Damage Extent Type": null,
        "Date Inference Making Actor Name": "UNESCO Libyan Valleys Survey, UNESCO Libyan Valleys Survey",
        "Datum Description/EPSG code": null,
        "Datum Type": null,
        "Depositional Process": null,
        "Designation": null,
        "Designation From Date": null,
        "Designation To Date": null,
        "Detailed Condition Assessments": null,
        "Dimension Type": null,
        "Disturbance Cause Assignment Assessor Name - Actor": null,
        "Disturbance Cause Category Type": null,
        "Disturbance Cause Certainty ": null,
        "Disturbance Cause Type ": null,
        "Disturbance Date From": null,
        "Disturbance Date Occurred Before": null,
        "Disturbance Date Occurred On ": null,
        "Disturbance Date To ": null,
        "EAMENA ID": "EAMENA-0116445",
        "Effect Certainty": null,
        "Effect Type": null,
        "Fetch Type": null,
        "GE Imagery Acquisition Date": null,
        "General Description": null,
        "General Description Type": null,
        "Geometry Extent Certainty": "",
        "Geometry Qualifier": "",
        "Google Earth Assessment": null,
        "Grid ID": "E14N31-33",
        "Heritage Place Function": "Domestic",
        "Heritage Place Function Certainty ": "Definite",
        "Heritage Place Resource Instance": null,
        "Heritage Place Type": "Archaeological Site",
        "Imagery Acquisition Date": null,
        "Information Resource": null,
        "Information Resource Acquisition Date": null,
        "Intervention Activity Type": null,
        "Investigator Role Type": null,
        "Land Cover Assessment Date": null,
        "Land Cover Type": null,
        "Location Certainty": "",
        "Material Class": null,
        "Material Type": null,
        "Maximum Depth/Min Elevation": null,
        "Measurement Number": null,
        "Measurement Source Type ": null,
        "Measurement Unit": null,
        "Minimum Depth/Max Elevation": null,
        "Name Type": "Toponym, Alternative Reference, Alternative Reference, Alternative Reference",
        "Overall Archaeological Certainty Value ": "Definite",
        "Overall Condition State Type": null,
        "Overall Site Morphology Type": null,
        "Overall Site Shape Type": "",
        "Priority Type": null,
        "Recommendation Type": null,
        "Related Geoarchaeology/Palaeolandscape": null,
        "Resource Name": "Ben Telis, Md244, Md 00244, BUL084",
        "Resource Orientation": "",
        "Restricted Access Record Designation": null,
        "SH Date From": null,
        "SH Date to": null,
        "Site Feature Arrangement Type": null,
        "Site Feature Form Type": null,
        "Site Feature Form Type Certainty": null,
        "Site Feature Interpretation Certainty": "Definite, Definite",
        "Site Feature Interpretation Number Type": "1, 1",
        "Site Feature Interpretation Type": "Mosque/Imam/Marabout, Settlement/Habitation Site",
        "Site Feature Number Type": null,
        "Site Feature Shape Type": null,
        "Spatial Coordinates Ref System": "None",
        "Surficial Geology Type": null,
        "Threat Category": null,
        "Threat Cause Type": null,
        "Threat Inference Making Assessor Name - Actor": null,
        "Threat Probability ": null,
        "Tidal Range": null,
        "Topography Type": null,
        "Wave Climate": null
      },
      "type": "Feature"
    },
    {
      "geometry": {
        "coordinates": [
          14.073783,
          31.796616
        ],
        "type": "Point"
      },
      "properties": {
        "AH Date From": null,
        "AH Date To": null,
        "Address": null,
        "Address Type": null,
        "Administrative Division ": null,
        "Administrative Division Type": null,
        "Archaeological From Date": null,
        "Archaeological To Date": null,
        "Assessment Activity Date": "2016-03-10",
        "Assessment Activity Type": "Desk-based",
        "Assessment Investigator - Actor": "Nichole Sheldrick",
        "BP Date From": null,
        "BP Date To": null,
        "Bedrock Geology Type": null,
        "Built Component": null,
        "Cadastral Reference": "None",
        "Construction Technique": null,
        "Country Type": "Libya",
        "Cultural Period Certainty": "Possible, Possible, Possible",
        "Cultural Period Type": "Classical/Protohistoric/Pre-Islamic (North Africa), Classical/Protohistoric/Pre-Islamic (North Africa), Classical/Protohistoric/Pre-Islamic (North Africa)",
        "Cultural Sub-period Certainty": "Possible, Possible, Possible",
        "Cultural Sub-period Type": "Byzantine (Maghreb), Vandal (Maghreb), Roman Imperial, Late (North Africa)",
        "Damage Extent Type": "Unknown",
        "Date Inference Making Actor Name": "None, None, None",
        "Datum Description/EPSG code": null,
        "Datum Type": null,
        "Depositional Process": null,
        "Designation": null,
        "Designation From Date": null,
        "Designation To Date": null,
        "Detailed Condition Assessments": null,
        "Dimension Type": null,
        "Disturbance Cause Assignment Assessor Name - Actor": "None",
        "Disturbance Cause Category Type": "Unknown",
        "Disturbance Cause Certainty ": "Not Applicable",
        "Disturbance Cause Type ": "Unknown",
        "Disturbance Date From": "None",
        "Disturbance Date Occurred Before": "None",
        "Disturbance Date Occurred On ": "None",
        "Disturbance Date To ": "None",
        "EAMENA ID": "EAMENA-0087049",
        "Effect Certainty": "Not Applicable",
        "Effect Type": "Unknown",
        "Fetch Type": null,
        "GE Imagery Acquisition Date": null,
        "General Description": null,
        "General Description Type": null,
        "Geometry Extent Certainty": "",
        "Geometry Qualifier": "",
        "Google Earth Assessment": "None",
        "Grid ID": "E14N31-33",
        "Heritage Place Function": "Domestic, Defensive/Fortification, Agricultural/Pastoral",
        "Heritage Place Function Certainty ": "High, High, High",
        "Heritage Place Resource Instance": null,
        "Heritage Place Type": "Archaeological Site",
        "Imagery Acquisition Date": null,
        "Information Resource": null,
        "Information Resource Acquisition Date": null,
        "Intervention Activity Type": null,
        "Investigator Role Type": "",
        "Land Cover Assessment Date": null,
        "Land Cover Type": null,
        "Location Certainty": "Negligible",
        "Material Class": null,
        "Material Type": null,
        "Maximum Depth/Min Elevation": null,
        "Measurement Number": null,
        "Measurement Source Type ": null,
        "Measurement Unit": null,
        "Minimum Depth/Max Elevation": null,
        "Name Type": "Toponym, Alternative Reference, Designation, Alternative Reference",
        "Overall Archaeological Certainty Value ": "Definite",
        "Overall Condition State Type": "Unknown",
        "Overall Site Morphology Type": "Positive/Built Feature",
        "Overall Site Shape Type": "Unknown",
        "Priority Type": null,
        "Recommendation Type": null,
        "Related Geoarchaeology/Palaeolandscape": null,
        "Resource Name": "Gasr Agiba, Md245-g, E14N31-33_000042, BUL087",
        "Resource Orientation": "",
        "Restricted Access Record Designation": null,
        "SH Date From": null,
        "SH Date to": null,
        "Site Feature Arrangement Type": "Unknown",
        "Site Feature Form Type": "Structure",
        "Site Feature Form Type Certainty": "Definite",
        "Site Feature Interpretation Certainty": "High, High",
        "Site Feature Interpretation Number Type": "1, 1",
        "Site Feature Interpretation Type": "Settlement/Habitation Site, Farm Building",
        "Site Feature Number Type": "1",
        "Site Feature Shape Type": "Unknown",
        "Spatial Coordinates Ref System": "None",
        "Surficial Geology Type": null,
        "Threat Category": "Unknown",
        "Threat Cause Type": "Unknown",
        "Threat Inference Making Assessor Name - Actor": "None",
        "Threat Probability ": "Not Applicable",
        "Tidal Range": null,
        "Topography Type": null,
        "Wave Climate": null
      },
      "type": "Feature"
    },
    {
      "geometry": {
        "coordinates": [
          14.076914,
          31.79678
        ],
        "type": "Point"
      },
      "properties": {
        "AH Date From": null,
        "AH Date To": null,
        "Address": null,
        "Address Type": null,
        "Administrative Division ": null,
        "Administrative Division Type": null,
        "Archaeological From Date": null,
        "Archaeological To Date": null,
        "Assessment Activity Date": "2016-02-29",
        "Assessment Activity Type": "Desk-based",
        "Assessment Investigator - Actor": "Nichole Sheldrick",
        "BP Date From": null,
        "BP Date To": null,
        "Bedrock Geology Type": null,
        "Built Component": null,
        "Cadastral Reference": "None",
        "Construction Technique": null,
        "Country Type": "Libya",
        "Cultural Period Certainty": "Probable",
        "Cultural Period Type": "Classical/Protohistoric/Pre-Islamic (North Africa)",
        "Cultural Sub-period Certainty": "Probable",
        "Cultural Sub-period Type": "Roman Imperial (North Africa)",
        "Damage Extent Type": "Unknown",
        "Date Inference Making Actor Name": "None",
        "Datum Description/EPSG code": null,
        "Datum Type": null,
        "Depositional Process": null,
        "Designation": null,
        "Designation From Date": null,
        "Designation To Date": null,
        "Detailed Condition Assessments": null,
        "Dimension Type": null,
        "Disturbance Cause Assignment Assessor Name - Actor": "None",
        "Disturbance Cause Category Type": "Unknown",
        "Disturbance Cause Certainty ": "Not Applicable",
        "Disturbance Cause Type ": "Unknown",
        "Disturbance Date From": "None",
        "Disturbance Date Occurred Before": "None",
        "Disturbance Date Occurred On ": "None",
        "Disturbance Date To ": "None",
        "EAMENA ID": "EAMENA-0087287",
        "Effect Certainty": "Not Applicable",
        "Effect Type": "Unknown",
        "Fetch Type": null,
        "GE Imagery Acquisition Date": null,
        "General Description": null,
        "General Description Type": null,
        "Geometry Extent Certainty": "",
        "Geometry Qualifier": "",
        "Google Earth Assessment": "None",
        "Grid ID": "E14N31-33",
        "Heritage Place Function": "Domestic, Agricultural/Pastoral",
        "Heritage Place Function Certainty ": "High, High",
        "Heritage Place Resource Instance": null,
        "Heritage Place Type": "Archaeological Site",
        "Imagery Acquisition Date": null,
        "Information Resource": null,
        "Information Resource Acquisition Date": null,
        "Intervention Activity Type": null,
        "Investigator Role Type": "",
        "Land Cover Assessment Date": null,
        "Land Cover Type": null,
        "Location Certainty": "Negligible",
        "Material Class": null,
        "Material Type": null,
        "Maximum Depth/Min Elevation": null,
        "Measurement Number": null,
        "Measurement Source Type ": null,
        "Measurement Unit": null,
        "Minimum Depth/Max Elevation": null,
        "Name Type": "Alternative Reference, Designation, Alternative Reference",
        "Overall Archaeological Certainty Value ": "Definite",
        "Overall Condition State Type": "Unknown",
        "Overall Site Morphology Type": "Positive/Built Feature",
        "Overall Site Shape Type": "Unknown",
        "Priority Type": null,
        "Recommendation Type": null,
        "Related Geoarchaeology/Palaeolandscape": null,
        "Resource Name": "Md249-f, E14N31-33_000016, BUL090",
        "Resource Orientation": "",
        "Restricted Access Record Designation": null,
        "SH Date From": null,
        "SH Date to": null,
        "Site Feature Arrangement Type": "Isolated",
        "Site Feature Form Type": "Structure",
        "Site Feature Form Type Certainty": "Definite",
        "Site Feature Interpretation Certainty": "High, High",
        "Site Feature Interpretation Number Type": "1, 1",
        "Site Feature Interpretation Type": "Farm Building, Settlement/Habitation Site",
        "Site Feature Number Type": "1",
        "Site Feature Shape Type": "Unknown",
        "Spatial Coordinates Ref System": "",
        "Surficial Geology Type": null,
        "Threat Category": "Unknown",
        "Threat Cause Type": "Unknown",
        "Threat Inference Making Assessor Name - Actor": "None",
        "Threat Probability ": "Not Applicable",
        "Tidal Range": null,
        "Topography Type": null,
        "Wave Climate": null
      },
      "type": "Feature"
    },
    {
      "geometry": {
        "coordinates": [
          14.079802,
          31.801038
        ],
        "type": "Point"
      },
      "properties": {
        "AH Date From": null,
        "AH Date To": null,
        "Address": null,
        "Address Type": null,
        "Administrative Division ": null,
        "Administrative Division Type": null,
        "Archaeological From Date": null,
        "Archaeological To Date": null,
        "Assessment Activity Date": "2019-07-17",
        "Assessment Activity Type": "Literature Interpretation/Digitisation",
        "Assessment Investigator - Actor": "Nichole Sheldrick",
        "BP Date From": null,
        "BP Date To": null,
        "Bedrock Geology Type": null,
        "Built Component": null,
        "Cadastral Reference": "None",
        "Construction Technique": null,
        "Country Type": "Libya",
        "Cultural Period Certainty": "Not Applicable",
        "Cultural Period Type": "Unknown",
        "Cultural Sub-period Certainty": "Not Applicable",
        "Cultural Sub-period Type": "Unknown",
        "Damage Extent Type": "Unknown",
        "Date Inference Making Actor Name": "UNESCO Libyan Valleys Survey Gazetteer",
        "Datum Description/EPSG code": null,
        "Datum Type": null,
        "Depositional Process": null,
        "Designation": null,
        "Designation From Date": null,
        "Designation To Date": null,
        "Detailed Condition Assessments": null,
        "Dimension Type": null,
        "Disturbance Cause Assignment Assessor Name - Actor": "Nichole Sheldrick",
        "Disturbance Cause Category Type": "Unknown",
        "Disturbance Cause Certainty ": "Not Applicable",
        "Disturbance Cause Type ": "Unknown",
        "Disturbance Date From": "None",
        "Disturbance Date Occurred Before": "None",
        "Disturbance Date Occurred On ": "None",
        "Disturbance Date To ": "None",
        "EAMENA ID": "EAMENA-0189434",
        "Effect Certainty": "Not Applicable",
        "Effect Type": "Unknown",
        "Fetch Type": null,
        "GE Imagery Acquisition Date": null,
        "General Description": null,
        "General Description Type": null,
        "Geometry Extent Certainty": "Negligible",
        "Geometry Qualifier": "",
        "Google Earth Assessment": "None",
        "Grid ID": "E14N31-33",
        "Heritage Place Function": "Unknown",
        "Heritage Place Function Certainty ": "Not Applicable",
        "Heritage Place Resource Instance": null,
        "Heritage Place Type": "Archaeological Site",
        "Imagery Acquisition Date": null,
        "Information Resource": null,
        "Information Resource Acquisition Date": null,
        "Intervention Activity Type": null,
        "Investigator Role Type": "EAMENA Project Staff",
        "Land Cover Assessment Date": null,
        "Land Cover Type": null,
        "Location Certainty": "Low",
        "Material Class": null,
        "Material Type": null,
        "Maximum Depth/Min Elevation": null,
        "Measurement Number": null,
        "Measurement Source Type ": null,
        "Measurement Unit": null,
        "Minimum Depth/Max Elevation": null,
        "Name Type": "Alternative Reference, Alternative Reference, Alternative Reference",
        "Overall Archaeological Certainty Value ": "Medium",
        "Overall Condition State Type": "Unknown",
        "Overall Site Morphology Type": "Surface Feature",
        "Overall Site Shape Type": "",
        "Priority Type": null,
        "Recommendation Type": null,
        "Related Geoarchaeology/Palaeolandscape": null,
        "Resource Name": "Md266, Md 00266, BUL093",
        "Resource Orientation": "",
        "Restricted Access Record Designation": null,
        "SH Date From": null,
        "SH Date to": null,
        "Site Feature Arrangement Type": "Unknown",
        "Site Feature Form Type": "Rubble Spread/Architectural Fragments",
        "Site Feature Form Type Certainty": "Definite",
        "Site Feature Interpretation Certainty": "Not Applicable",
        "Site Feature Interpretation Number Type": "Unknown",
        "Site Feature Interpretation Type": "Unknown",
        "Site Feature Number Type": "Unknown",
        "Site Feature Shape Type": "Unknown",
        "Spatial Coordinates Ref System": "",
        "Surficial Geology Type": null,
        "Threat Category": "Unknown",
        "Threat Cause Type": "Unknown",
        "Threat Inference Making Assessor Name - Actor": "Nichole Sheldrick",
        "Threat Probability ": "Not Applicable",
        "Tidal Range": null,
        "Topography Type": "Unknown",
        "Wave Climate": null
      },
      "type": "Feature"
    },
    {
      "geometry": {
        "coordinates": [
          14.078032,
          31.796573
        ],
        "type": "Point"
      },
      "properties": {
        "AH Date From": null,
        "AH Date To": null,
        "Address": null,
        "Address Type": null,
        "Administrative Division ": null,
        "Administrative Division Type": null,
        "Archaeological From Date": null,
        "Archaeological To Date": null,
        "Assessment Activity Date": "2016-03-10",
        "Assessment Activity Type": "Desk-based",
        "Assessment Investigator - Actor": "Nichole Sheldrick",
        "BP Date From": null,
        "BP Date To": null,
        "Bedrock Geology Type": null,
        "Built Component": null,
        "Cadastral Reference": "None",
        "Construction Technique": null,
        "Country Type": "Libya",
        "Cultural Period Certainty": "Possible, Possible, Possible",
        "Cultural Period Type": "Classical/Protohistoric/Pre-Islamic (North Africa), Classical/Protohistoric/Pre-Islamic (North Africa), Classical/Protohistoric/Pre-Islamic (North Africa)",
        "Cultural Sub-period Certainty": "Possible, Possible, Possible",
        "Cultural Sub-period Type": "Roman Imperial, Late (North Africa), Byzantine (Maghreb), Vandal (Maghreb)",
        "Damage Extent Type": "Unknown",
        "Date Inference Making Actor Name": "None, None, None",
        "Datum Description/EPSG code": null,
        "Datum Type": null,
        "Depositional Process": null,
        "Designation": null,
        "Designation From Date": null,
        "Designation To Date": null,
        "Detailed Condition Assessments": null,
        "Dimension Type": null,
        "Disturbance Cause Assignment Assessor Name - Actor": "None",
        "Disturbance Cause Category Type": "Unknown",
        "Disturbance Cause Certainty ": "Not Applicable",
        "Disturbance Cause Type ": "Unknown",
        "Disturbance Date From": "None",
        "Disturbance Date Occurred Before": "None",
        "Disturbance Date Occurred On ": "None",
        "Disturbance Date To ": "None",
        "EAMENA ID": "EAMENA-0087050",
        "Effect Certainty": "Not Applicable",
        "Effect Type": "Unknown",
        "Fetch Type": null,
        "GE Imagery Acquisition Date": null,
        "General Description": null,
        "General Description Type": null,
        "Geometry Extent Certainty": "",
        "Geometry Qualifier": "",
        "Google Earth Assessment": "None",
        "Grid ID": "E14N31-33",
        "Heritage Place Function": "Domestic, Defensive/Fortification, Agricultural/Pastoral",
        "Heritage Place Function Certainty ": "High, High, High",
        "Heritage Place Resource Instance": null,
        "Heritage Place Type": "Archaeological Site",
        "Imagery Acquisition Date": null,
        "Information Resource": null,
        "Information Resource Acquisition Date": null,
        "Intervention Activity Type": null,
        "Investigator Role Type": "",
        "Land Cover Assessment Date": null,
        "Land Cover Type": null,
        "Location Certainty": "Negligible",
        "Material Class": null,
        "Material Type": null,
        "Maximum Depth/Min Elevation": null,
        "Measurement Number": null,
        "Measurement Source Type ": null,
        "Measurement Unit": null,
        "Minimum Depth/Max Elevation": null,
        "Name Type": "Toponym, Alternative Reference, Designation, Alternative Reference",
        "Overall Archaeological Certainty Value ": "Definite",
        "Overall Condition State Type": "Unknown",
        "Overall Site Morphology Type": "Positive/Built Feature",
        "Overall Site Shape Type": "Unknown",
        "Priority Type": null,
        "Recommendation Type": null,
        "Related Geoarchaeology/Palaeolandscape": null,
        "Resource Name": "Gasr Bir Saba, Md252-g, E14N31-33_000043, BUL089",
        "Resource Orientation": "",
        "Restricted Access Record Designation": null,
        "SH Date From": null,
        "SH Date to": null,
        "Site Feature Arrangement Type": "Unknown",
        "Site Feature Form Type": "Structure",
        "Site Feature Form Type Certainty": "Definite",
        "Site Feature Interpretation Certainty": "High, High",
        "Site Feature Interpretation Number Type": "1, 1",
        "Site Feature Interpretation Type": "Settlement/Habitation Site, Farm Building",
        "Site Feature Number Type": "1",
        "Site Feature Shape Type": "Unknown",
        "Spatial Coordinates Ref System": "None",
        "Surficial Geology Type": null,
        "Threat Category": "Unknown",
        "Threat Cause Type": "Unknown",
        "Threat Inference Making Assessor Name - Actor": "None",
        "Threat Probability ": "Not Applicable",
        "Tidal Range": null,
        "Topography Type": null,
        "Wave Climate": null
      },
      "type": "Feature"
    },
    {
      "geometry": {
        "coordinates": [
          14.076383,
          31.796349
        ],
        "type": "Point"
      },
      "properties": {
        "AH Date From": null,
        "AH Date To": null,
        "Address": null,
        "Address Type": null,
        "Administrative Division ": null,
        "Administrative Division Type": null,
        "Archaeological From Date": null,
        "Archaeological To Date": null,
        "Assessment Activity Date": "2016-02-29",
        "Assessment Activity Type": "Desk-based",
        "Assessment Investigator - Actor": "Nichole Sheldrick",
        "BP Date From": null,
        "BP Date To": null,
        "Bedrock Geology Type": null,
        "Built Component": null,
        "Cadastral Reference": "None",
        "Construction Technique": null,
        "Country Type": "Libya",
        "Cultural Period Certainty": "Probable",
        "Cultural Period Type": "Classical/Protohistoric/Pre-Islamic (North Africa)",
        "Cultural Sub-period Certainty": "Probable",
        "Cultural Sub-period Type": "Roman Imperial (North Africa)",
        "Damage Extent Type": "Unknown",
        "Date Inference Making Actor Name": "None",
        "Datum Description/EPSG code": null,
        "Datum Type": null,
        "Depositional Process": null,
        "Designation": null,
        "Designation From Date": null,
        "Designation To Date": null,
        "Detailed Condition Assessments": null,
        "Dimension Type": null,
        "Disturbance Cause Assignment Assessor Name - Actor": "None",
        "Disturbance Cause Category Type": "Unknown",
        "Disturbance Cause Certainty ": "Not Applicable",
        "Disturbance Cause Type ": "Unknown",
        "Disturbance Date From": "None",
        "Disturbance Date Occurred Before": "None",
        "Disturbance Date Occurred On ": "None",
        "Disturbance Date To ": "None",
        "EAMENA ID": "EAMENA-0087286",
        "Effect Certainty": "Not Applicable",
        "Effect Type": "Unknown",
        "Fetch Type": null,
        "GE Imagery Acquisition Date": null,
        "General Description": null,
        "General Description Type": null,
        "Geometry Extent Certainty": "",
        "Geometry Qualifier": "",
        "Google Earth Assessment": "None",
        "Grid ID": "E14N31-33",
        "Heritage Place Function": "Domestic, Agricultural/Pastoral",
        "Heritage Place Function Certainty ": "High, High",
        "Heritage Place Resource Instance": null,
        "Heritage Place Type": null,
        "Imagery Acquisition Date": null,
        "Information Resource": null,
        "Information Resource Acquisition Date": null,
        "Intervention Activity Type": null,
        "Investigator Role Type": "",
        "Land Cover Assessment Date": null,
        "Land Cover Type": null,
        "Location Certainty": "Negligible",
        "Material Class": null,
        "Material Type": null,
        "Maximum Depth/Min Elevation": null,
        "Measurement Number": null,
        "Measurement Source Type ": null,
        "Measurement Unit": null,
        "Minimum Depth/Max Elevation": null,
        "Name Type": "Alternative Reference, Designation",
        "Overall Archaeological Certainty Value ": "Definite",
        "Overall Condition State Type": "Unknown",
        "Overall Site Morphology Type": "Positive/Built Feature",
        "Overall Site Shape Type": "Unknown",
        "Priority Type": null,
        "Recommendation Type": null,
        "Related Geoarchaeology/Palaeolandscape": null,
        "Resource Name": "Md248-f, E14N31-33_000015",
        "Resource Orientation": "",
        "Restricted Access Record Designation": null,
        "SH Date From": null,
        "SH Date to": null,
        "Site Feature Arrangement Type": "Isolated",
        "Site Feature Form Type": "Structure",
        "Site Feature Form Type Certainty": "Definite",
        "Site Feature Interpretation Certainty": "High, High",
        "Site Feature Interpretation Number Type": "1, 1",
        "Site Feature Interpretation Type": "Farm Building, Settlement/Habitation Site",
        "Site Feature Number Type": "1",
        "Site Feature Shape Type": "Unknown",
        "Spatial Coordinates Ref System": "",
        "Surficial Geology Type": null,
        "Threat Category": "Unknown",
        "Threat Cause Type": "Unknown",
        "Threat Inference Making Assessor Name - Actor": "None",
        "Threat Probability ": "Not Applicable",
        "Tidal Range": null,
        "Topography Type": null,
        "Wave Climate": null
      },
      "type": "Feature"
    },
    {
      "geometry": {
        "coordinates": [
          14.079829,
          31.800446
        ],
        "type": "Point"
      },
      "properties": {
        "AH Date From": null,
        "AH Date To": null,
        "Address": null,
        "Address Type": null,
        "Administrative Division ": null,
        "Administrative Division Type": null,
        "Archaeological From Date": null,
        "Archaeological To Date": null,
        "Assessment Activity Date": "2019-07-17",
        "Assessment Activity Type": "Literature Interpretation/Digitisation",
        "Assessment Investigator - Actor": "Nichole Sheldrick",
        "BP Date From": null,
        "BP Date To": null,
        "Bedrock Geology Type": null,
        "Built Component": null,
        "Cadastral Reference": "None",
        "Construction Technique": null,
        "Country Type": "Libya",
        "Cultural Period Certainty": "Not Applicable",
        "Cultural Period Type": "Unknown",
        "Cultural Sub-period Certainty": "Not Applicable",
        "Cultural Sub-period Type": "Unknown",
        "Damage Extent Type": "Unknown",
        "Date Inference Making Actor Name": "UNESCO Libyan Valleys Survey Gazetteer",
        "Datum Description/EPSG code": null,
        "Datum Type": null,
        "Depositional Process": null,
        "Designation": null,
        "Designation From Date": null,
        "Designation To Date": null,
        "Detailed Condition Assessments": null,
        "Dimension Type": null,
        "Disturbance Cause Assignment Assessor Name - Actor": "Nichole Sheldrick",
        "Disturbance Cause Category Type": "Unknown",
        "Disturbance Cause Certainty ": "Not Applicable",
        "Disturbance Cause Type ": "Unknown",
        "Disturbance Date From": "None",
        "Disturbance Date Occurred Before": "None",
        "Disturbance Date Occurred On ": "None",
        "Disturbance Date To ": "None",
        "EAMENA ID": "EAMENA-0189433",
        "Effect Certainty": "Not Applicable",
        "Effect Type": "Unknown",
        "Fetch Type": null,
        "GE Imagery Acquisition Date": null,
        "General Description": null,
        "General Description Type": null,
        "Geometry Extent Certainty": "Negligible",
        "Geometry Qualifier": "",
        "Google Earth Assessment": "None",
        "Grid ID": "E14N31-33",
        "Heritage Place Function": "Unknown",
        "Heritage Place Function Certainty ": "Not Applicable",
        "Heritage Place Resource Instance": null,
        "Heritage Place Type": "Archaeological Site",
        "Imagery Acquisition Date": null,
        "Information Resource": null,
        "Information Resource Acquisition Date": null,
        "Intervention Activity Type": null,
        "Investigator Role Type": "EAMENA Project Staff",
        "Land Cover Assessment Date": null,
        "Land Cover Type": null,
        "Location Certainty": "Low",
        "Material Class": null,
        "Material Type": null,
        "Maximum Depth/Min Elevation": null,
        "Measurement Number": null,
        "Measurement Source Type ": null,
        "Measurement Unit": null,
        "Minimum Depth/Max Elevation": null,
        "Name Type": "Alternative Reference, Alternative Reference, Alternative Reference",
        "Overall Archaeological Certainty Value ": "Medium",
        "Overall Condition State Type": "Unknown",
        "Overall Site Morphology Type": "Surface Feature",
        "Overall Site Shape Type": "",
        "Priority Type": null,
        "Recommendation Type": null,
        "Related Geoarchaeology/Palaeolandscape": null,
        "Resource Name": "Md265, Md 00265, BUL092",
        "Resource Orientation": "",
        "Restricted Access Record Designation": null,
        "SH Date From": null,
        "SH Date to": null,
        "Site Feature Arrangement Type": "Unknown",
        "Site Feature Form Type": "Rubble Spread/Architectural Fragments",
        "Site Feature Form Type Certainty": "Definite",
        "Site Feature Interpretation Certainty": "Not Applicable",
        "Site Feature Interpretation Number Type": "Unknown",
        "Site Feature Interpretation Type": "Unknown",
        "Site Feature Number Type": "Unknown",
        "Site Feature Shape Type": "Unknown",
        "Spatial Coordinates Ref System": "None",
        "Surficial Geology Type": null,
        "Threat Category": "Unknown",
        "Threat Cause Type": "Unknown",
        "Threat Inference Making Assessor Name - Actor": "Nichole Sheldrick",
        "Threat Probability ": "Not Applicable",
        "Tidal Range": null,
        "Topography Type": "Unknown",
        "Wave Climate": null
      },
      "type": "Feature"
    },
    {
      "geometry": {
        "coordinates": [
          14.080274,
          31.798965
        ],
        "type": "Point"
      },
      "properties": {
        "AH Date From": null,
        "AH Date To": null,
        "Address": null,
        "Address Type": null,
        "Administrative Division ": null,
        "Administrative Division Type": null,
        "Archaeological From Date": null,
        "Archaeological To Date": null,
        "Assessment Activity Date": "2019-07-17",
        "Assessment Activity Type": "Literature Interpretation/Digitisation",
        "Assessment Investigator - Actor": "Nichole Sheldrick",
        "BP Date From": null,
        "BP Date To": null,
        "Bedrock Geology Type": null,
        "Built Component": null,
        "Cadastral Reference": "None",
        "Construction Technique": null,
        "Country Type": "Libya",
        "Cultural Period Certainty": "Not Applicable",
        "Cultural Period Type": "Unknown",
        "Cultural Sub-period Certainty": "Not Applicable",
        "Cultural Sub-period Type": "Unknown",
        "Damage Extent Type": "Unknown",
        "Date Inference Making Actor Name": "UNESCO Libyan Valleys Survey Gazetteer",
        "Datum Description/EPSG code": null,
        "Datum Type": null,
        "Depositional Process": null,
        "Designation": null,
        "Designation From Date": null,
        "Designation To Date": null,
        "Detailed Condition Assessments": null,
        "Dimension Type": null,
        "Disturbance Cause Assignment Assessor Name - Actor": "Nichole Sheldrick",
        "Disturbance Cause Category Type": "Unknown",
        "Disturbance Cause Certainty ": "Not Applicable",
        "Disturbance Cause Type ": "Unknown",
        "Disturbance Date From": "None",
        "Disturbance Date Occurred Before": "None",
        "Disturbance Date Occurred On ": "None",
        "Disturbance Date To ": "None",
        "EAMENA ID": "EAMENA-0189432",
        "Effect Certainty": "Not Applicable",
        "Effect Type": "Unknown",
        "Fetch Type": null,
        "GE Imagery Acquisition Date": null,
        "General Description": null,
        "General Description Type": null,
        "Geometry Extent Certainty": "Negligible",
        "Geometry Qualifier": "",
        "Google Earth Assessment": "None",
        "Grid ID": "E14N31-33",
        "Heritage Place Function": "Unknown",
        "Heritage Place Function Certainty ": "Not Applicable",
        "Heritage Place Resource Instance": null,
        "Heritage Place Type": "Archaeological Site",
        "Imagery Acquisition Date": null,
        "Information Resource": null,
        "Information Resource Acquisition Date": null,
        "Intervention Activity Type": null,
        "Investigator Role Type": "EAMENA Project Staff",
        "Land Cover Assessment Date": null,
        "Land Cover Type": null,
        "Location Certainty": "Low",
        "Material Class": null,
        "Material Type": null,
        "Maximum Depth/Min Elevation": null,
        "Measurement Number": null,
        "Measurement Source Type ": null,
        "Measurement Unit": null,
        "Minimum Depth/Max Elevation": null,
        "Name Type": "Alternative Reference, Alternative Reference, Alternative Reference",
        "Overall Archaeological Certainty Value ": "Medium",
        "Overall Condition State Type": "Unknown",
        "Overall Site Morphology Type": "Surface Feature",
        "Overall Site Shape Type": "",
        "Priority Type": null,
        "Recommendation Type": null,
        "Related Geoarchaeology/Palaeolandscape": null,
        "Resource Name": "Md264, Md 00264, BUL091",
        "Resource Orientation": "",
        "Restricted Access Record Designation": null,
        "SH Date From": null,
        "SH Date to": null,
        "Site Feature Arrangement Type": "Unknown",
        "Site Feature Form Type": "Rubble Spread/Architectural Fragments",
        "Site Feature Form Type Certainty": "Definite",
        "Site Feature Interpretation Certainty": "Not Applicable",
        "Site Feature Interpretation Number Type": "Unknown",
        "Site Feature Interpretation Type": "Unknown",
        "Site Feature Number Type": "Unknown",
        "Site Feature Shape Type": "Unknown",
        "Spatial Coordinates Ref System": "None",
        "Surficial Geology Type": null,
        "Threat Category": "Unknown",
        "Threat Cause Type": "Unknown",
        "Threat Inference Making Assessor Name - Actor": "Nichole Sheldrick",
        "Threat Probability ": "Not Applicable",
        "Tidal Range": null,
        "Topography Type": "Unknown",
        "Wave Climate": null
      },
      "type": "Feature"
    },
    {
      "geometry": {
        "coordinates": [
          14.075045,
          31.804316
        ],
        "type": "Point"
      },
      "properties": {
        "AH Date From": null,
        "AH Date To": null,
        "Address": null,
        "Address Type": null,
        "Administrative Division ": null,
        "Administrative Division Type": null,
        "Archaeological From Date": null,
        "Archaeological To Date": null,
        "Assessment Activity Date": "2016-03-10",
        "Assessment Activity Type": "Desk-based",
        "Assessment Investigator - Actor": "Nichole Sheldrick",
        "BP Date From": null,
        "BP Date To": null,
        "Bedrock Geology Type": null,
        "Built Component": null,
        "Cadastral Reference": "None",
        "Construction Technique": null,
        "Country Type": "Libya",
        "Cultural Period Certainty": "Possible, Possible, Possible",
        "Cultural Period Type": "Classical/Protohistoric/Pre-Islamic (North Africa), Classical/Protohistoric/Pre-Islamic (North Africa), Classical/Protohistoric/Pre-Islamic (North Africa)",
        "Cultural Sub-period Certainty": "Possible, Possible, Possible",
        "Cultural Sub-period Type": "Roman Imperial, Late (North Africa), Byzantine (Maghreb), Vandal (Maghreb)",
        "Damage Extent Type": "Unknown",
        "Date Inference Making Actor Name": "None, None, None",
        "Datum Description/EPSG code": null,
        "Datum Type": null,
        "Depositional Process": null,
        "Designation": null,
        "Designation From Date": null,
        "Designation To Date": null,
        "Detailed Condition Assessments": null,
        "Dimension Type": null,
        "Disturbance Cause Assignment Assessor Name - Actor": "None",
        "Disturbance Cause Category Type": "Unknown",
        "Disturbance Cause Certainty ": "Not Applicable",
        "Disturbance Cause Type ": "Unknown",
        "Disturbance Date From": "None",
        "Disturbance Date Occurred Before": "None",
        "Disturbance Date Occurred On ": "None",
        "Disturbance Date To ": "None",
        "EAMENA ID": "EAMENA-0087058",
        "Effect Certainty": "High",
        "Effect Type": "Collapse/Structural Damage",
        "Fetch Type": null,
        "GE Imagery Acquisition Date": null,
        "General Description": null,
        "General Description Type": null,
        "Geometry Extent Certainty": "",
        "Geometry Qualifier": "",
        "Google Earth Assessment": "None",
        "Grid ID": "E14N31-33",
        "Heritage Place Function": "Domestic, Defensive/Fortification, Agricultural/Pastoral",
        "Heritage Place Function Certainty ": "High, High, High",
        "Heritage Place Resource Instance": null,
        "Heritage Place Type": "Archaeological Site",
        "Imagery Acquisition Date": null,
        "Information Resource": null,
        "Information Resource Acquisition Date": null,
        "Intervention Activity Type": null,
        "Investigator Role Type": "",
        "Land Cover Assessment Date": null,
        "Land Cover Type": null,
        "Location Certainty": "Definite",
        "Material Class": null,
        "Material Type": null,
        "Maximum Depth/Min Elevation": null,
        "Measurement Number": null,
        "Measurement Source Type ": null,
        "Measurement Unit": null,
        "Minimum Depth/Max Elevation": null,
        "Name Type": "Toponym, Alternative Reference, Designation, Alternative Reference, Alternative Reference",
        "Overall Archaeological Certainty Value ": "Definite",
        "Overall Condition State Type": "Good",
        "Overall Site Morphology Type": "Positive/Built Feature",
        "Overall Site Shape Type": "Unknown",
        "Priority Type": null,
        "Recommendation Type": null,
        "Related Geoarchaeology/Palaeolandscape": null,
        "Resource Name": "Gasr Budura, Md274-g1?, E14N31-33_000051, Md274-g2?, BUL095",
        "Resource Orientation": "",
        "Restricted Access Record Designation": null,
        "SH Date From": null,
        "SH Date to": null,
        "Site Feature Arrangement Type": "Unknown",
        "Site Feature Form Type": "Structure",
        "Site Feature Form Type Certainty": "Definite",
        "Site Feature Interpretation Certainty": "High, High",
        "Site Feature Interpretation Number Type": "1, 2 to 5",
        "Site Feature Interpretation Type": "Settlement/Habitation Site, Farm Building",
        "Site Feature Number Type": "2 to 5",
        "Site Feature Shape Type": "Unknown",
        "Spatial Coordinates Ref System": "",
        "Surficial Geology Type": null,
        "Threat Category": "Unknown",
        "Threat Cause Type": "Unknown",
        "Threat Inference Making Assessor Name - Actor": "None",
        "Threat Probability ": "Not Applicable",
        "Tidal Range": null,
        "Topography Type": null,
        "Wave Climate": null
      },
      "type": "Feature"
    },
    {
      "geometry": {
        "coordinates": [
          14.078161,
          31.804001
        ],
        "type": "Point"
      },
      "properties": {
        "AH Date From": null,
        "AH Date To": null,
        "Address": null,
        "Address Type": null,
        "Administrative Division ": null,
        "Administrative Division Type": null,
        "Archaeological From Date": null,
        "Archaeological To Date": null,
        "Assessment Activity Date": "2016-03-10",
        "Assessment Activity Type": "Desk-based",
        "Assessment Investigator - Actor": "Nichole Sheldrick",
        "BP Date From": null,
        "BP Date To": null,
        "Bedrock Geology Type": null,
        "Built Component": null,
        "Cadastral Reference": "None",
        "Construction Technique": null,
        "Country Type": "Libya",
        "Cultural Period Certainty": "Possible, Possible, Possible",
        "Cultural Period Type": "Classical/Protohistoric/Pre-Islamic (North Africa), Classical/Protohistoric/Pre-Islamic (North Africa), Classical/Protohistoric/Pre-Islamic (North Africa)",
        "Cultural Sub-period Certainty": "Possible, Possible, Possible",
        "Cultural Sub-period Type": "Roman Imperial, Late (North Africa), Byzantine (Maghreb), Vandal (Maghreb)",
        "Damage Extent Type": "Unknown",
        "Date Inference Making Actor Name": "None, None, None",
        "Datum Description/EPSG code": null,
        "Datum Type": null,
        "Depositional Process": null,
        "Designation": null,
        "Designation From Date": null,
        "Designation To Date": null,
        "Detailed Condition Assessments": null,
        "Dimension Type": null,
        "Disturbance Cause Assignment Assessor Name - Actor": "None",
        "Disturbance Cause Category Type": "Unknown",
        "Disturbance Cause Certainty ": "Not Applicable",
        "Disturbance Cause Type ": "Unknown",
        "Disturbance Date From": "None",
        "Disturbance Date Occurred Before": "None",
        "Disturbance Date Occurred On ": "None",
        "Disturbance Date To ": "None",
        "EAMENA ID": "EAMENA-0087056",
        "Effect Certainty": "Not Applicable",
        "Effect Type": "Unknown",
        "Fetch Type": null,
        "GE Imagery Acquisition Date": null,
        "General Description": null,
        "General Description Type": null,
        "Geometry Extent Certainty": "",
        "Geometry Qualifier": "",
        "Google Earth Assessment": "None",
        "Grid ID": "E14N31-33",
        "Heritage Place Function": "Domestic, Defensive/Fortification, Agricultural/Pastoral",
        "Heritage Place Function Certainty ": "High, High, High",
        "Heritage Place Resource Instance": null,
        "Heritage Place Type": "Archaeological Site",
        "Imagery Acquisition Date": null,
        "Information Resource": null,
        "Information Resource Acquisition Date": null,
        "Intervention Activity Type": null,
        "Investigator Role Type": "",
        "Land Cover Assessment Date": null,
        "Land Cover Type": null,
        "Location Certainty": "Negligible",
        "Material Class": null,
        "Material Type": null,
        "Maximum Depth/Min Elevation": null,
        "Measurement Number": null,
        "Measurement Source Type ": null,
        "Measurement Unit": null,
        "Minimum Depth/Max Elevation": null,
        "Name Type": "Designation, Alternative Reference, Alternative Reference",
        "Overall Archaeological Certainty Value ": "Definite",
        "Overall Condition State Type": "Unknown",
        "Overall Site Morphology Type": "Positive/Built Feature",
        "Overall Site Shape Type": "Unknown",
        "Priority Type": null,
        "Recommendation Type": null,
        "Related Geoarchaeology/Palaeolandscape": null,
        "Resource Name": "E14N31-33_000049, Md267-g, BUL094",
        "Resource Orientation": "",
        "Restricted Access Record Designation": null,
        "SH Date From": null,
        "SH Date to": null,
        "Site Feature Arrangement Type": "Unknown",
        "Site Feature Form Type": "Structure",
        "Site Feature Form Type Certainty": "Definite",
        "Site Feature Interpretation Certainty": "High, High",
        "Site Feature Interpretation Number Type": "1, 1",
        "Site Feature Interpretation Type": "Settlement/Habitation Site, Farm Building",
        "Site Feature Number Type": "1",
        "Site Feature Shape Type": "Unknown",
        "Spatial Coordinates Ref System": "",
        "Surficial Geology Type": null,
        "Threat Category": "Unknown",
        "Threat Cause Type": "Unknown",
        "Threat Inference Making Assessor Name - Actor": "None",
        "Threat Probability ": "Not Applicable",
        "Tidal Range": null,
        "Topography Type": null,
        "Wave Climate": null
      },
      "type": "Feature"
    },
    {
      "geometry": {
        "coordinates": [
          14.08276,
          31.819435
        ],
        "type": "Point"
      },
      "properties": {
        "AH Date From": null,
        "AH Date To": null,
        "Address": null,
        "Address Type": null,
        "Administrative Division ": null,
        "Administrative Division Type": null,
        "Archaeological From Date": null,
        "Archaeological To Date": null,
        "Assessment Activity Date": "2019-07-17, None",
        "Assessment Activity Type": "Literature Interpretation/Digitisation, Archaeological Assessment (Image Interpretation)",
        "Assessment Investigator - Actor": "Nichole Sheldrick, Asherf Zurgani",
        "BP Date From": null,
        "BP Date To": null,
        "Bedrock Geology Type": null,
        "Built Component": null,
        "Cadastral Reference": "",
        "Construction Technique": null,
        "Country Type": "Libya",
        "Cultural Period Certainty": "Possible, Probable",
        "Cultural Period Type": "Islamic (North Africa), Contemporary Islamic (MENA)",
        "Cultural Sub-period Certainty": "Possible",
        "Cultural Sub-period Type": "Unknown",
        "Damage Extent Type": "Unknown",
        "Date Inference Making Actor Name": "UNESCO Libyan Valleys Survey Gazetteer, Ashref Zurgani",
        "Datum Description/EPSG code": null,
        "Datum Type": null,
        "Depositional Process": null,
        "Designation": null,
        "Designation From Date": null,
        "Designation To Date": null,
        "Detailed Condition Assessments": null,
        "Dimension Type": null,
        "Disturbance Cause Assignment Assessor Name - Actor": "Nichole Sheldrick",
        "Disturbance Cause Category Type": "Unknown",
        "Disturbance Cause Certainty ": "Not Applicable",
        "Disturbance Cause Type ": "Unknown",
        "Disturbance Date From": "None",
        "Disturbance Date Occurred Before": "None",
        "Disturbance Date Occurred On ": "None",
        "Disturbance Date To ": "None",
        "EAMENA ID": "EAMENA-0189431",
        "Effect Certainty": "Not Applicable",
        "Effect Type": "Unknown",
        "Fetch Type": null,
        "GE Imagery Acquisition Date": null,
        "General Description": null,
        "General Description Type": null,
        "Geometry Extent Certainty": "Negligible",
        "Geometry Qualifier": "",
        "Google Earth Assessment": "False, True",
        "Grid ID": "E14N31-33",
        "Heritage Place Function": "Domestic",
        "Heritage Place Function Certainty ": "Definite",
        "Heritage Place Resource Instance": null,
        "Heritage Place Type": "Archaeological Site",
        "Imagery Acquisition Date": null,
        "Information Resource": null,
        "Information Resource Acquisition Date": null,
        "Intervention Activity Type": null,
        "Investigator Role Type": "EAMENA Project Staff, Academic Researcher",
        "Land Cover Assessment Date": null,
        "Land Cover Type": null,
        "Location Certainty": "Low",
        "Material Class": null,
        "Material Type": null,
        "Maximum Depth/Min Elevation": null,
        "Measurement Number": null,
        "Measurement Source Type ": null,
        "Measurement Unit": null,
        "Minimum Depth/Max Elevation": null,
        "Name Type": "Alternative Reference, Alternative Reference, Toponym, Alternative Reference, Alternative Reference, Alternative Reference",
        "Overall Archaeological Certainty Value ": "High",
        "Overall Condition State Type": "Poor",
        "Overall Site Morphology Type": "Positive/Built Feature",
        "Overall Site Shape Type": "Irregular",
        "Priority Type": null,
        "Recommendation Type": null,
        "Related Geoarchaeology/Palaeolandscape": null,
        "Resource Name": "Md263, Md 00263, Esahaga, BUL100, CPF data 2019, E14N31-33_00084AS",
        "Resource Orientation": "",
        "Restricted Access Record Designation": null,
        "SH Date From": null,
        "SH Date to": null,
        "Site Feature Arrangement Type": "Adjoining",
        "Site Feature Form Type": "Structure",
        "Site Feature Form Type Certainty": "High",
        "Site Feature Interpretation Certainty": "Definite",
        "Site Feature Interpretation Number Type": "1",
        "Site Feature Interpretation Type": "Settlement/Habitation Site",
        "Site Feature Number Type": "11 to 20",
        "Site Feature Shape Type": "Rectilinear",
        "Spatial Coordinates Ref System": "None",
        "Surficial Geology Type": null,
        "Threat Category": "Unknown",
        "Threat Cause Type": "Unknown",
        "Threat Inference Making Assessor Name - Actor": "Nichole Sheldrick",
        "Threat Probability ": "Not Applicable",
        "Tidal Range": null,
        "Topography Type": "Watercourse Banks",
        "Wave Climate": null
      },
      "type": "Feature"
    },
    {
      "geometry": {
        "coordinates": [
          14.081249,
          31.81862
        ],
        "type": "Point"
      },
      "properties": {
        "AH Date From": null,
        "AH Date To": null,
        "Address": null,
        "Address Type": null,
        "Administrative Division ": null,
        "Administrative Division Type": null,
        "Archaeological From Date": null,
        "Archaeological To Date": null,
        "Assessment Activity Date": "2020-04-16, 2020-04-16",
        "Assessment Activity Type": "Archaeological Assessment (Image Interpretation), Archaeological Assessment (Image Interpretation)",
        "Assessment Investigator - Actor": "Martin Sterry, Louise Rayne",
        "BP Date From": null,
        "BP Date To": null,
        "Bedrock Geology Type": null,
        "Built Component": null,
        "Cadastral Reference": "None, None",
        "Construction Technique": null,
        "Country Type": "Libya, ",
        "Cultural Period Certainty": "Possible",
        "Cultural Period Type": "Contemporary Islamic (MENA)",
        "Cultural Sub-period Certainty": null,
        "Cultural Sub-period Type": null,
        "Damage Extent Type": "91-100%",
        "Date Inference Making Actor Name": "Louise Rayne",
        "Datum Description/EPSG code": null,
        "Datum Type": null,
        "Depositional Process": null,
        "Designation": null,
        "Designation From Date": null,
        "Designation To Date": null,
        "Detailed Condition Assessments": null,
        "Dimension Type": null,
        "Disturbance Cause Assignment Assessor Name - Actor": "Louise Rayne",
        "Disturbance Cause Category Type": "Unknown",
        "Disturbance Cause Certainty ": "Medium",
        "Disturbance Cause Type ": "Demolition/Destruction",
        "Disturbance Date From": "None",
        "Disturbance Date Occurred Before": "2013-07-30",
        "Disturbance Date Occurred On ": "None",
        "Disturbance Date To ": "None",
        "EAMENA ID": "EAMENA-0178887",
        "Effect Certainty": null,
        "Effect Type": null,
        "Fetch Type": null,
        "GE Imagery Acquisition Date": null,
        "General Description": null,
        "General Description Type": null,
        "Geometry Extent Certainty": "",
        "Geometry Qualifier": "",
        "Google Earth Assessment": "None, None",
        "Grid ID": "E14N31-33, ",
        "Heritage Place Function": "Funerary/Memorial",
        "Heritage Place Function Certainty ": "Medium",
        "Heritage Place Resource Instance": null,
        "Heritage Place Type": "Structural Heritage",
        "Imagery Acquisition Date": null,
        "Information Resource": null,
        "Information Resource Acquisition Date": null,
        "Intervention Activity Type": null,
        "Investigator Role Type": "EAMENA Project Staff, EAMENA Project Staff",
        "Land Cover Assessment Date": null,
        "Land Cover Type": null,
        "Location Certainty": "High",
        "Material Class": null,
        "Material Type": null,
        "Maximum Depth/Min Elevation": null,
        "Measurement Number": null,
        "Measurement Source Type ": null,
        "Measurement Unit": null,
        "Minimum Depth/Max Elevation": null,
        "Name Type": "Alternative Reference",
        "Overall Archaeological Certainty Value ": "Medium",
        "Overall Condition State Type": "Destroyed",
        "Overall Site Morphology Type": "Positive/Built Feature",
        "Overall Site Shape Type": ", Rectangular/Square",
        "Priority Type": null,
        "Recommendation Type": null,
        "Related Geoarchaeology/Palaeolandscape": null,
        "Resource Name": "BUL098",
        "Resource Orientation": ", ",
        "Restricted Access Record Designation": null,
        "SH Date From": null,
        "SH Date to": null,
        "Site Feature Arrangement Type": "Discrete",
        "Site Feature Form Type": "Structure",
        "Site Feature Form Type Certainty": "High",
        "Site Feature Interpretation Certainty": "High",
        "Site Feature Interpretation Number Type": "1",
        "Site Feature Interpretation Type": "Mosque/Imam/Marabout",
        "Site Feature Number Type": "1",
        "Site Feature Shape Type": "Rectangular/Square",
        "Spatial Coordinates Ref System": "None",
        "Surficial Geology Type": null,
        "Threat Category": "",
        "Threat Cause Type": "",
        "Threat Inference Making Assessor Name - Actor": "Louise Rayne",
        "Threat Probability ": "",
        "Tidal Range": null,
        "Topography Type": null,
        "Wave Climate": null
      },
      "type": "Feature"
    },
    {
      "geometry": {
        "coordinates": [
          14.07919,
          31.817105
        ],
        "type": "Point"
      },
      "properties": {
        "AH Date From": null,
        "AH Date To": null,
        "Address": null,
        "Address Type": null,
        "Administrative Division ": null,
        "Administrative Division Type": null,
        "Archaeological From Date": null,
        "Archaeological To Date": null,
        "Assessment Activity Date": "2016-03-10",
        "Assessment Activity Type": "Desk-based",
        "Assessment Investigator - Actor": "Nichole Sheldrick",
        "BP Date From": null,
        "BP Date To": null,
        "Bedrock Geology Type": null,
        "Built Component": null,
        "Cadastral Reference": "None",
        "Construction Technique": null,
        "Country Type": "Libya",
        "Cultural Period Certainty": "Possible, Possible, Possible",
        "Cultural Period Type": "Classical/Protohistoric/Pre-Islamic (North Africa), Classical/Protohistoric/Pre-Islamic (North Africa), Classical/Protohistoric/Pre-Islamic (North Africa)",
        "Cultural Sub-period Certainty": "Possible, Possible, Possible",
        "Cultural Sub-period Type": "Roman Imperial, Late (North Africa), Byzantine (Maghreb), Vandal (Maghreb)",
        "Damage Extent Type": "Unknown",
        "Date Inference Making Actor Name": "None, None, None",
        "Datum Description/EPSG code": null,
        "Datum Type": null,
        "Depositional Process": null,
        "Designation": null,
        "Designation From Date": null,
        "Designation To Date": null,
        "Detailed Condition Assessments": null,
        "Dimension Type": null,
        "Disturbance Cause Assignment Assessor Name - Actor": "None",
        "Disturbance Cause Category Type": "Unknown",
        "Disturbance Cause Certainty ": "Not Applicable",
        "Disturbance Cause Type ": "Unknown",
        "Disturbance Date From": "None",
        "Disturbance Date Occurred Before": "None",
        "Disturbance Date Occurred On ": "None",
        "Disturbance Date To ": "None",
        "EAMENA ID": "EAMENA-0087060",
        "Effect Certainty": "Not Applicable",
        "Effect Type": "Unknown",
        "Fetch Type": null,
        "GE Imagery Acquisition Date": null,
        "General Description": null,
        "General Description Type": null,
        "Geometry Extent Certainty": "",
        "Geometry Qualifier": "",
        "Google Earth Assessment": "None",
        "Grid ID": "E14N31-33",
        "Heritage Place Function": "Domestic, Defensive/Fortification, Agricultural/Pastoral",
        "Heritage Place Function Certainty ": "High, High, High",
        "Heritage Place Resource Instance": null,
        "Heritage Place Type": "Archaeological Site",
        "Imagery Acquisition Date": null,
        "Information Resource": null,
        "Information Resource Acquisition Date": null,
        "Intervention Activity Type": null,
        "Investigator Role Type": "",
        "Land Cover Assessment Date": null,
        "Land Cover Type": null,
        "Location Certainty": "Negligible",
        "Material Class": null,
        "Material Type": null,
        "Maximum Depth/Min Elevation": null,
        "Measurement Number": null,
        "Measurement Source Type ": null,
        "Measurement Unit": null,
        "Minimum Depth/Max Elevation": null,
        "Name Type": "Toponym, Alternative Reference, Designation, Alternative Reference",
        "Overall Archaeological Certainty Value ": "Definite",
        "Overall Condition State Type": "Unknown",
        "Overall Site Morphology Type": "Positive/Built Feature",
        "Overall Site Shape Type": "Unknown",
        "Priority Type": null,
        "Recommendation Type": null,
        "Related Geoarchaeology/Palaeolandscape": null,
        "Resource Name": "Gasr Burawi, Md275-g, E14N31-33_000053, BUL097",
        "Resource Orientation": "",
        "Restricted Access Record Designation": null,
        "SH Date From": null,
        "SH Date to": null,
        "Site Feature Arrangement Type": "Unknown",
        "Site Feature Form Type": "Structure",
        "Site Feature Form Type Certainty": "Definite",
        "Site Feature Interpretation Certainty": "High, High",
        "Site Feature Interpretation Number Type": "1, 1",
        "Site Feature Interpretation Type": "Settlement/Habitation Site, Farm Building",
        "Site Feature Number Type": "1",
        "Site Feature Shape Type": "Unknown",
        "Spatial Coordinates Ref System": "None",
        "Surficial Geology Type": null,
        "Threat Category": "Unknown",
        "Threat Cause Type": "Unknown",
        "Threat Inference Making Assessor Name - Actor": "None",
        "Threat Probability ": "Not Applicable",
        "Tidal Range": null,
        "Topography Type": null,
        "Wave Climate": null
      },
      "type": "Feature"
    },
    {
      "geometry": {
        "coordinates": [
          14.081946,
          31.821785
        ],
        "type": "Point"
      },
      "properties": {
        "AH Date From": null,
        "AH Date To": null,
        "Address": null,
        "Address Type": null,
        "Administrative Division ": null,
        "Administrative Division Type": null,
        "Archaeological From Date": null,
        "Archaeological To Date": null,
        "Assessment Activity Date": "2019-07-17",
        "Assessment Activity Type": "Literature Interpretation/Digitisation",
        "Assessment Investigator - Actor": "Nichole Sheldrick",
        "BP Date From": null,
        "BP Date To": null,
        "Bedrock Geology Type": null,
        "Built Component": null,
        "Cadastral Reference": "None",
        "Construction Technique": null,
        "Country Type": "Libya",
        "Cultural Period Certainty": "Not Applicable",
        "Cultural Period Type": "Unknown",
        "Cultural Sub-period Certainty": "Not Applicable",
        "Cultural Sub-period Type": "Unknown",
        "Damage Extent Type": "Unknown",
        "Date Inference Making Actor Name": "UNESCO Libyan Valleys Survey Gazetteer",
        "Datum Description/EPSG code": null,
        "Datum Type": null,
        "Depositional Process": null,
        "Designation": null,
        "Designation From Date": null,
        "Designation To Date": null,
        "Detailed Condition Assessments": null,
        "Dimension Type": null,
        "Disturbance Cause Assignment Assessor Name - Actor": "Nichole Sheldrick",
        "Disturbance Cause Category Type": "Unknown",
        "Disturbance Cause Certainty ": "Not Applicable",
        "Disturbance Cause Type ": "Unknown",
        "Disturbance Date From": "None",
        "Disturbance Date Occurred Before": "None",
        "Disturbance Date Occurred On ": "None",
        "Disturbance Date To ": "None",
        "EAMENA ID": "EAMENA-0189442",
        "Effect Certainty": "Not Applicable",
        "Effect Type": "Unknown",
        "Fetch Type": null,
        "GE Imagery Acquisition Date": null,
        "General Description": null,
        "General Description Type": null,
        "Geometry Extent Certainty": "Negligible",
        "Geometry Qualifier": "",
        "Google Earth Assessment": "None",
        "Grid ID": "E14N31-33",
        "Heritage Place Function": "Funerary/Memorial",
        "Heritage Place Function Certainty ": "Medium",
        "Heritage Place Resource Instance": null,
        "Heritage Place Type": "Archaeological Site",
        "Imagery Acquisition Date": null,
        "Information Resource": null,
        "Information Resource Acquisition Date": null,
        "Intervention Activity Type": null,
        "Investigator Role Type": "EAMENA Project Staff",
        "Land Cover Assessment Date": null,
        "Land Cover Type": null,
        "Location Certainty": "Low",
        "Material Class": null,
        "Material Type": null,
        "Maximum Depth/Min Elevation": null,
        "Measurement Number": null,
        "Measurement Source Type ": null,
        "Measurement Unit": null,
        "Minimum Depth/Max Elevation": null,
        "Name Type": "Alternative Reference, Alternative Reference, Alternative Reference",
        "Overall Archaeological Certainty Value ": "Medium",
        "Overall Condition State Type": "Unknown",
        "Overall Site Morphology Type": null,
        "Overall Site Shape Type": "",
        "Priority Type": null,
        "Recommendation Type": null,
        "Related Geoarchaeology/Palaeolandscape": null,
        "Resource Name": "Md277, Md 00277, BUL099",
        "Resource Orientation": "",
        "Restricted Access Record Designation": null,
        "SH Date From": null,
        "SH Date to": null,
        "Site Feature Arrangement Type": null,
        "Site Feature Form Type": null,
        "Site Feature Form Type Certainty": null,
        "Site Feature Interpretation Certainty": "Medium, Medium",
        "Site Feature Interpretation Number Type": "1, Unknown",
        "Site Feature Interpretation Type": "Cemetery, Tomb/Grave/Burial",
        "Site Feature Number Type": null,
        "Site Feature Shape Type": null,
        "Spatial Coordinates Ref System": "None",
        "Surficial Geology Type": null,
        "Threat Category": "Unknown",
        "Threat Cause Type": "Unknown",
        "Threat Inference Making Assessor Name - Actor": "Nichole Sheldrick",
        "Threat Probability ": "Not Applicable",
        "Tidal Range": null,
        "Topography Type": "Unknown",
        "Wave Climate": null
      },
      "type": "Feature"
    },
    {
      "geometry": {
        "coordinates": [
          14.0813,
          31.818774
        ],
        "type": "Point"
      },
      "properties": {
        "AH Date From": null,
        "AH Date To": null,
        "Address": null,
        "Address Type": null,
        "Administrative Division ": null,
        "Administrative Division Type": null,
        "Archaeological From Date": null,
        "Archaeological To Date": null,
        "Assessment Activity Date": "2020-04-16, 2020-04-16",
        "Assessment Activity Type": "Archaeological Assessment (Image Interpretation), Archaeological Assessment (Image Interpretation)",
        "Assessment Investigator - Actor": "Martin Sterry, Louise Rayne",
        "BP Date From": null,
        "BP Date To": null,
        "Bedrock Geology Type": null,
        "Built Component": null,
        "Cadastral Reference": "None, None",
        "Construction Technique": null,
        "Country Type": "Libya, ",
        "Cultural Period Certainty": "Possible",
        "Cultural Period Type": "Contemporary Islamic (MENA)",
        "Cultural Sub-period Certainty": null,
        "Cultural Sub-period Type": null,
        "Damage Extent Type": "91-100%",
        "Date Inference Making Actor Name": "Louise Rayne",
        "Datum Description/EPSG code": null,
        "Datum Type": null,
        "Depositional Process": null,
        "Designation": null,
        "Designation From Date": null,
        "Designation To Date": null,
        "Detailed Condition Assessments": null,
        "Dimension Type": null,
        "Disturbance Cause Assignment Assessor Name - Actor": "Louise Rayne",
        "Disturbance Cause Category Type": "Unknown",
        "Disturbance Cause Certainty ": "Medium",
        "Disturbance Cause Type ": "Demolition/Destruction",
        "Disturbance Date From": "None",
        "Disturbance Date Occurred Before": "2013-07-30",
        "Disturbance Date Occurred On ": "None",
        "Disturbance Date To ": "None",
        "EAMENA ID": "EAMENA-0178886",
        "Effect Certainty": null,
        "Effect Type": null,
        "Fetch Type": null,
        "GE Imagery Acquisition Date": null,
        "General Description": null,
        "General Description Type": null,
        "Geometry Extent Certainty": "",
        "Geometry Qualifier": "",
        "Google Earth Assessment": "None, None",
        "Grid ID": "E14N31-33, ",
        "Heritage Place Function": "Funerary/Memorial",
        "Heritage Place Function Certainty ": "Medium",
        "Heritage Place Resource Instance": null,
        "Heritage Place Type": "Structural Heritage",
        "Imagery Acquisition Date": null,
        "Information Resource": null,
        "Information Resource Acquisition Date": null,
        "Intervention Activity Type": null,
        "Investigator Role Type": "EAMENA Project Staff, EAMENA Project Staff",
        "Land Cover Assessment Date": null,
        "Land Cover Type": null,
        "Location Certainty": "High",
        "Material Class": null,
        "Material Type": null,
        "Maximum Depth/Min Elevation": null,
        "Measurement Number": null,
        "Measurement Source Type ": null,
        "Measurement Unit": null,
        "Minimum Depth/Max Elevation": null,
        "Name Type": "Alternative Reference",
        "Overall Archaeological Certainty Value ": "Medium",
        "Overall Condition State Type": "Destroyed",
        "Overall Site Morphology Type": "Positive/Built Feature",
        "Overall Site Shape Type": ", Rectangular/Square",
        "Priority Type": null,
        "Recommendation Type": null,
        "Related Geoarchaeology/Palaeolandscape": null,
        "Resource Name": "BUL098",
        "Resource Orientation": ", ",
        "Restricted Access Record Designation": null,
        "SH Date From": null,
        "SH Date to": null,
        "Site Feature Arrangement Type": "Discrete",
        "Site Feature Form Type": "Structure",
        "Site Feature Form Type Certainty": "High",
        "Site Feature Interpretation Certainty": "High",
        "Site Feature Interpretation Number Type": "1",
        "Site Feature Interpretation Type": "Mosque/Imam/Marabout",
        "Site Feature Number Type": "1",
        "Site Feature Shape Type": "Rectangular/Square",
        "Spatial Coordinates Ref System": "None",
        "Surficial Geology Type": null,
        "Threat Category": "",
        "Threat Cause Type": "",
        "Threat Inference Making Assessor Name - Actor": "Louise Rayne",
        "Threat Probability ": "",
        "Tidal Range": null,
        "Topography Type": null,
        "Wave Climate": null
      },
      "type": "Feature"
    },
    {
      "geometry": {
        "coordinates": [
          14.101165,
          31.827342
        ],
        "type": "Point"
      },
      "properties": {
        "AH Date From": null,
        "AH Date To": null,
        "Address": null,
        "Address Type": null,
        "Administrative Division ": null,
        "Administrative Division Type": null,
        "Archaeological From Date": null,
        "Archaeological To Date": null,
        "Assessment Activity Date": "2020-04-16, 2020-04-16",
        "Assessment Activity Type": "Archaeological Assessment (Image Interpretation), Archaeological Assessment (Image Interpretation)",
        "Assessment Investigator - Actor": "Martin Sterry, Louise Rayne",
        "BP Date From": null,
        "BP Date To": null,
        "Bedrock Geology Type": null,
        "Built Component": null,
        "Cadastral Reference": "None, None",
        "Construction Technique": null,
        "Country Type": ", Libya",
        "Cultural Period Certainty": "Possible",
        "Cultural Period Type": "Contemporary Islamic (MENA)",
        "Cultural Sub-period Certainty": null,
        "Cultural Sub-period Type": null,
        "Damage Extent Type": "91-100%",
        "Date Inference Making Actor Name": "Louise Rayne",
        "Datum Description/EPSG code": null,
        "Datum Type": null,
        "Depositional Process": null,
        "Designation": null,
        "Designation From Date": null,
        "Designation To Date": null,
        "Detailed Condition Assessments": null,
        "Dimension Type": null,
        "Disturbance Cause Assignment Assessor Name - Actor": "Louise Rayne",
        "Disturbance Cause Category Type": "Unknown",
        "Disturbance Cause Certainty ": "Medium",
        "Disturbance Cause Type ": "Demolition/Destruction",
        "Disturbance Date From": "None",
        "Disturbance Date Occurred Before": "2013-07-30",
        "Disturbance Date Occurred On ": "None",
        "Disturbance Date To ": "None",
        "EAMENA ID": "EAMENA-0178888",
        "Effect Certainty": null,
        "Effect Type": null,
        "Fetch Type": null,
        "GE Imagery Acquisition Date": null,
        "General Description": null,
        "General Description Type": null,
        "Geometry Extent Certainty": "",
        "Geometry Qualifier": "",
        "Google Earth Assessment": "None, None",
        "Grid ID": ", E14N31-33",
        "Heritage Place Function": "Funerary/Memorial",
        "Heritage Place Function Certainty ": "Medium",
        "Heritage Place Resource Instance": null,
        "Heritage Place Type": "Structural Heritage",
        "Imagery Acquisition Date": null,
        "Information Resource": null,
        "Information Resource Acquisition Date": null,
        "Intervention Activity Type": null,
        "Investigator Role Type": "EAMENA Project Staff, EAMENA Project Staff",
        "Land Cover Assessment Date": null,
        "Land Cover Type": null,
        "Location Certainty": "High",
        "Material Class": null,
        "Material Type": null,
        "Maximum Depth/Min Elevation": null,
        "Measurement Number": null,
        "Measurement Source Type ": null,
        "Measurement Unit": null,
        "Minimum Depth/Max Elevation": null,
        "Name Type": "Alternative Reference",
        "Overall Archaeological Certainty Value ": "Medium",
        "Overall Condition State Type": "Destroyed",
        "Overall Site Morphology Type": "Positive/Built Feature",
        "Overall Site Shape Type": "Rectangular/Square, ",
        "Priority Type": null,
        "Recommendation Type": null,
        "Related Geoarchaeology/Palaeolandscape": null,
        "Resource Name": "BUL106",
        "Resource Orientation": ", ",
        "Restricted Access Record Designation": null,
        "SH Date From": null,
        "SH Date to": null,
        "Site Feature Arrangement Type": "Discrete",
        "Site Feature Form Type": "Structure",
        "Site Feature Form Type Certainty": "High",
        "Site Feature Interpretation Certainty": "High",
        "Site Feature Interpretation Number Type": "1",
        "Site Feature Interpretation Type": "Mosque/Imam/Marabout",
        "Site Feature Number Type": "1",
        "Site Feature Shape Type": "Rectangular/Square",
        "Spatial Coordinates Ref System": "None",
        "Surficial Geology Type": null,
        "Threat Category": "",
        "Threat Cause Type": "",
        "Threat Inference Making Assessor Name - Actor": "Louise Rayne",
        "Threat Probability ": "",
        "Tidal Range": null,
        "Topography Type": null,
        "Wave Climate": null
      },
      "type": "Feature"
    },
    {
      "geometry": {
        "coordinates": [
          14.093273,
          31.825073
        ],
        "type": "Point"
      },
      "properties": {
        "AH Date From": null,
        "AH Date To": null,
        "Address": null,
        "Address Type": null,
        "Administrative Division ": null,
        "Administrative Division Type": null,
        "Archaeological From Date": null,
        "Archaeological To Date": null,
        "Assessment Activity Date": "2019-07-17, 2020-05-01",
        "Assessment Activity Type": "Literature Interpretation/Digitisation, Condition Assessment (Image Interpretation)",
        "Assessment Investigator - Actor": "Nichole Sheldrick, Nichole Sheldrick",
        "BP Date From": null,
        "BP Date To": null,
        "Bedrock Geology Type": null,
        "Built Component": null,
        "Cadastral Reference": "None",
        "Construction Technique": null,
        "Country Type": "Libya",
        "Cultural Period Certainty": "Possible",
        "Cultural Period Type": "Islamic (North Africa)",
        "Cultural Sub-period Certainty": "Possible",
        "Cultural Sub-period Type": "Unknown",
        "Damage Extent Type": "Unknown",
        "Date Inference Making Actor Name": "UNESCO Libyan Valleys Survey Gazetteer",
        "Datum Description/EPSG code": null,
        "Datum Type": null,
        "Depositional Process": null,
        "Designation": null,
        "Designation From Date": null,
        "Designation To Date": null,
        "Detailed Condition Assessments": null,
        "Dimension Type": null,
        "Disturbance Cause Assignment Assessor Name - Actor": "Nichole Sheldrick",
        "Disturbance Cause Category Type": "Building and Development",
        "Disturbance Cause Certainty ": "Medium",
        "Disturbance Cause Type ": "Construction",
        "Disturbance Date From": "2009-10-19",
        "Disturbance Date Occurred Before": "None",
        "Disturbance Date Occurred On ": "None",
        "Disturbance Date To ": "2020-01-18",
        "EAMENA ID": "EAMENA-0189445",
        "Effect Certainty": "Medium",
        "Effect Type": "Collapse/Structural Damage",
        "Fetch Type": null,
        "GE Imagery Acquisition Date": null,
        "General Description": null,
        "General Description Type": null,
        "Geometry Extent Certainty": "Negligible",
        "Geometry Qualifier": "",
        "Google Earth Assessment": "None, None",
        "Grid ID": "E14N31-33",
        "Heritage Place Function": "Domestic",
        "Heritage Place Function Certainty ": "Definite",
        "Heritage Place Resource Instance": null,
        "Heritage Place Type": "Archaeological Site",
        "Imagery Acquisition Date": null,
        "Information Resource": null,
        "Information Resource Acquisition Date": null,
        "Intervention Activity Type": null,
        "Investigator Role Type": "EAMENA Project Staff, EAMENA Project Staff",
        "Land Cover Assessment Date": null,
        "Land Cover Type": null,
        "Location Certainty": "Medium",
        "Material Class": null,
        "Material Type": null,
        "Maximum Depth/Min Elevation": null,
        "Measurement Number": null,
        "Measurement Source Type ": null,
        "Measurement Unit": null,
        "Minimum Depth/Max Elevation": null,
        "Name Type": "Alternative Reference, Alternative Reference, Toponym, Alternative Reference",
        "Overall Archaeological Certainty Value ": "High",
        "Overall Condition State Type": "Good",
        "Overall Site Morphology Type": "Positive/Built Feature",
        "Overall Site Shape Type": "",
        "Priority Type": null,
        "Recommendation Type": null,
        "Related Geoarchaeology/Palaeolandscape": null,
        "Resource Name": "Md282, Md 00282, Ziaddat, BUL103",
        "Resource Orientation": "",
        "Restricted Access Record Designation": null,
        "SH Date From": null,
        "SH Date to": null,
        "Site Feature Arrangement Type": null,
        "Site Feature Form Type": null,
        "Site Feature Form Type Certainty": null,
        "Site Feature Interpretation Certainty": "Definite",
        "Site Feature Interpretation Number Type": "1",
        "Site Feature Interpretation Type": "Settlement/Habitation Site",
        "Site Feature Number Type": null,
        "Site Feature Shape Type": null,
        "Spatial Coordinates Ref System": "None",
        "Surficial Geology Type": null,
        "Threat Category": "Building and Development",
        "Threat Cause Type": "Unknown",
        "Threat Inference Making Assessor Name - Actor": "Nichole Sheldrick",
        "Threat Probability ": "Probable",
        "Tidal Range": null,
        "Topography Type": "Unknown",
        "Wave Climate": null
      },
      "type": "Feature"
    },
    {
      "geometry": {
        "coordinates": [
          14.097678,
          31.826184
        ],
        "type": "Point"
      },
      "properties": {
        "AH Date From": null,
        "AH Date To": null,
        "Address": null,
        "Address Type": null,
        "Administrative Division ": null,
        "Administrative Division Type": null,
        "Archaeological From Date": null,
        "Archaeological To Date": null,
        "Assessment Activity Date": "2019-07-17, 2020-05-01",
        "Assessment Activity Type": "Literature Interpretation/Digitisation, Condition Assessment (Image Interpretation)",
        "Assessment Investigator - Actor": "Nichole Sheldrick, Nichole Sheldrick",
        "BP Date From": null,
        "BP Date To": null,
        "Bedrock Geology Type": null,
        "Built Component": null,
        "Cadastral Reference": "None",
        "Construction Technique": null,
        "Country Type": "Libya",
        "Cultural Period Certainty": "Possible",
        "Cultural Period Type": "Islamic (North Africa)",
        "Cultural Sub-period Certainty": "Possible",
        "Cultural Sub-period Type": "Unknown",
        "Damage Extent Type": "Unknown",
        "Date Inference Making Actor Name": "UNESCO Libyan Valleys Survey Gazetteer",
        "Datum Description/EPSG code": null,
        "Datum Type": null,
        "Depositional Process": null,
        "Designation": null,
        "Designation From Date": null,
        "Designation To Date": null,
        "Detailed Condition Assessments": null,
        "Dimension Type": null,
        "Disturbance Cause Assignment Assessor Name - Actor": "Nichole Sheldrick",
        "Disturbance Cause Category Type": "Building and Development",
        "Disturbance Cause Certainty ": "Not Applicable",
        "Disturbance Cause Type ": "Unknown",
        "Disturbance Date From": "2009-10-19",
        "Disturbance Date Occurred Before": "None",
        "Disturbance Date Occurred On ": "None",
        "Disturbance Date To ": "2020-01-18",
        "EAMENA ID": "EAMENA-0189446",
        "Effect Certainty": "Not Applicable",
        "Effect Type": "Unknown",
        "Fetch Type": null,
        "GE Imagery Acquisition Date": null,
        "General Description": null,
        "General Description Type": null,
        "Geometry Extent Certainty": "Negligible",
        "Geometry Qualifier": "",
        "Google Earth Assessment": "None, None",
        "Grid ID": "E14N31-33",
        "Heritage Place Function": "Domestic",
        "Heritage Place Function Certainty ": "Definite",
        "Heritage Place Resource Instance": null,
        "Heritage Place Type": "Archaeological Site",
        "Imagery Acquisition Date": null,
        "Information Resource": null,
        "Information Resource Acquisition Date": null,
        "Intervention Activity Type": null,
        "Investigator Role Type": "EAMENA Project Staff, EAMENA Project Staff",
        "Land Cover Assessment Date": null,
        "Land Cover Type": null,
        "Location Certainty": "Medium",
        "Material Class": null,
        "Material Type": null,
        "Maximum Depth/Min Elevation": null,
        "Measurement Number": null,
        "Measurement Source Type ": null,
        "Measurement Unit": null,
        "Minimum Depth/Max Elevation": null,
        "Name Type": "Alternative Reference, Alternative Reference, Toponym, Alternative Reference",
        "Overall Archaeological Certainty Value ": "High",
        "Overall Condition State Type": "Good",
        "Overall Site Morphology Type": "Positive/Built Feature",
        "Overall Site Shape Type": "",
        "Priority Type": null,
        "Recommendation Type": null,
        "Related Geoarchaeology/Palaeolandscape": null,
        "Resource Name": "Md283, Md 00283, Loftah, BUL104",
        "Resource Orientation": "",
        "Restricted Access Record Designation": null,
        "SH Date From": null,
        "SH Date to": null,
        "Site Feature Arrangement Type": null,
        "Site Feature Form Type": null,
        "Site Feature Form Type Certainty": null,
        "Site Feature Interpretation Certainty": "Definite",
        "Site Feature Interpretation Number Type": "1",
        "Site Feature Interpretation Type": "Settlement/Habitation Site",
        "Site Feature Number Type": null,
        "Site Feature Shape Type": null,
        "Spatial Coordinates Ref System": "None",
        "Surficial Geology Type": null,
        "Threat Category": "Building and Development",
        "Threat Cause Type": "Unknown",
        "Threat Inference Making Assessor Name - Actor": "Nichole Sheldrick",
        "Threat Probability ": "Probable",
        "Tidal Range": null,
        "Topography Type": "Unknown",
        "Wave Climate": null
      },
      "type": "Feature"
    },
    {
      "geometry": {
        "coordinates": [
          14.102471,
          31.827988
        ],
        "type": "Point"
      },
      "properties": {
        "AH Date From": null,
        "AH Date To": null,
        "Address": null,
        "Address Type": null,
        "Administrative Division ": null,
        "Administrative Division Type": null,
        "Archaeological From Date": null,
        "Archaeological To Date": null,
        "Assessment Activity Date": "2020-05-01, 2019-07-17",
        "Assessment Activity Type": "Condition Assessment (Image Interpretation), Literature Interpretation/Digitisation",
        "Assessment Investigator - Actor": "Nichole Sheldrick, Nichole Sheldrick",
        "BP Date From": null,
        "BP Date To": null,
        "Bedrock Geology Type": null,
        "Built Component": null,
        "Cadastral Reference": "None",
        "Construction Technique": null,
        "Country Type": "Libya",
        "Cultural Period Certainty": "Possible",
        "Cultural Period Type": "Islamic (North Africa)",
        "Cultural Sub-period Certainty": "Possible",
        "Cultural Sub-period Type": "Unknown",
        "Damage Extent Type": "Unknown",
        "Date Inference Making Actor Name": "UNESCO Libyan Valleys Survey Gazetteer",
        "Datum Description/EPSG code": null,
        "Datum Type": null,
        "Depositional Process": null,
        "Designation": null,
        "Designation From Date": null,
        "Designation To Date": null,
        "Detailed Condition Assessments": null,
        "Dimension Type": null,
        "Disturbance Cause Assignment Assessor Name - Actor": "Nichole Sheldrick",
        "Disturbance Cause Category Type": "Building and Development",
        "Disturbance Cause Certainty ": "Not Applicable",
        "Disturbance Cause Type ": "Unknown",
        "Disturbance Date From": "2009-10-19",
        "Disturbance Date Occurred Before": "None",
        "Disturbance Date Occurred On ": "None",
        "Disturbance Date To ": "2020-01-18",
        "EAMENA ID": "EAMENA-0189447",
        "Effect Certainty": "Not Applicable",
        "Effect Type": "Unknown",
        "Fetch Type": null,
        "GE Imagery Acquisition Date": null,
        "General Description": null,
        "General Description Type": null,
        "Geometry Extent Certainty": "Negligible",
        "Geometry Qualifier": "",
        "Google Earth Assessment": "None, None",
        "Grid ID": "E14N31-33",
        "Heritage Place Function": "Domestic",
        "Heritage Place Function Certainty ": "Definite",
        "Heritage Place Resource Instance": null,
        "Heritage Place Type": "Archaeological Site",
        "Imagery Acquisition Date": null,
        "Information Resource": null,
        "Information Resource Acquisition Date": null,
        "Intervention Activity Type": null,
        "Investigator Role Type": "EAMENA Project Staff, EAMENA Project Staff",
        "Land Cover Assessment Date": null,
        "Land Cover Type": null,
        "Location Certainty": "Medium",
        "Material Class": null,
        "Material Type": null,
        "Maximum Depth/Min Elevation": null,
        "Measurement Number": null,
        "Measurement Source Type ": null,
        "Measurement Unit": null,
        "Minimum Depth/Max Elevation": null,
        "Name Type": "Alternative Reference, Alternative Reference, Toponym, Alternative Reference",
        "Overall Archaeological Certainty Value ": "High",
        "Overall Condition State Type": "Good",
        "Overall Site Morphology Type": "Positive/Built Feature",
        "Overall Site Shape Type": "",
        "Priority Type": null,
        "Recommendation Type": null,
        "Related Geoarchaeology/Palaeolandscape": null,
        "Resource Name": "Md284, Md 00284, Fotnan, BUL107",
        "Resource Orientation": "",
        "Restricted Access Record Designation": null,
        "SH Date From": null,
        "SH Date to": null,
        "Site Feature Arrangement Type": null,
        "Site Feature Form Type": null,
        "Site Feature Form Type Certainty": null,
        "Site Feature Interpretation Certainty": "Definite",
        "Site Feature Interpretation Number Type": "1",
        "Site Feature Interpretation Type": "Settlement/Habitation Site",
        "Site Feature Number Type": null,
        "Site Feature Shape Type": null,
        "Spatial Coordinates Ref System": "None",
        "Surficial Geology Type": null,
        "Threat Category": "Building and Development",
        "Threat Cause Type": "Unknown",
        "Threat Inference Making Assessor Name - Actor": "Nichole Sheldrick",
        "Threat Probability ": "Possible",
        "Tidal Range": null,
        "Topography Type": "Unknown",
        "Wave Climate": null
      },
      "type": "Feature"
    },
    {
      "geometry": {
        "coordinates": [
          14.086376,
          31.821419
        ],
        "type": "Point"
      },
      "properties": {
        "AH Date From": null,
        "AH Date To": null,
        "Address": null,
        "Address Type": null,
        "Administrative Division ": null,
        "Administrative Division Type": null,
        "Archaeological From Date": null,
        "Archaeological To Date": null,
        "Assessment Activity Date": "2016-02-29",
        "Assessment Activity Type": "Desk-based",
        "Assessment Investigator - Actor": "Nichole Sheldrick",
        "BP Date From": null,
        "BP Date To": null,
        "Bedrock Geology Type": null,
        "Built Component": null,
        "Cadastral Reference": "None",
        "Construction Technique": null,
        "Country Type": "Libya",
        "Cultural Period Certainty": "Probable",
        "Cultural Period Type": "Classical/Protohistoric/Pre-Islamic (North Africa)",
        "Cultural Sub-period Certainty": "Probable",
        "Cultural Sub-period Type": "Roman Imperial (North Africa)",
        "Damage Extent Type": "Unknown",
        "Date Inference Making Actor Name": "None",
        "Datum Description/EPSG code": null,
        "Datum Type": null,
        "Depositional Process": null,
        "Designation": null,
        "Designation From Date": null,
        "Designation To Date": null,
        "Detailed Condition Assessments": null,
        "Dimension Type": null,
        "Disturbance Cause Assignment Assessor Name - Actor": "None",
        "Disturbance Cause Category Type": "Unknown",
        "Disturbance Cause Certainty ": "Not Applicable",
        "Disturbance Cause Type ": "Unknown",
        "Disturbance Date From": "None",
        "Disturbance Date Occurred Before": "None",
        "Disturbance Date Occurred On ": "None",
        "Disturbance Date To ": "None",
        "EAMENA ID": "EAMENA-0087441",
        "Effect Certainty": "Not Applicable",
        "Effect Type": "Unknown",
        "Fetch Type": null,
        "GE Imagery Acquisition Date": null,
        "General Description": null,
        "General Description Type": null,
        "Geometry Extent Certainty": "",
        "Geometry Qualifier": "",
        "Google Earth Assessment": "None",
        "Grid ID": "E14N31-33",
        "Heritage Place Function": "Domestic, Agricultural/Pastoral",
        "Heritage Place Function Certainty ": "High, High",
        "Heritage Place Resource Instance": null,
        "Heritage Place Type": "Archaeological Site",
        "Imagery Acquisition Date": null,
        "Information Resource": null,
        "Information Resource Acquisition Date": null,
        "Intervention Activity Type": null,
        "Investigator Role Type": "",
        "Land Cover Assessment Date": null,
        "Land Cover Type": null,
        "Location Certainty": "Negligible",
        "Material Class": null,
        "Material Type": null,
        "Maximum Depth/Min Elevation": null,
        "Measurement Number": null,
        "Measurement Source Type ": null,
        "Measurement Unit": null,
        "Minimum Depth/Max Elevation": null,
        "Name Type": "Alternative Reference, Designation, Alternative Reference",
        "Overall Archaeological Certainty Value ": "Definite",
        "Overall Condition State Type": "Unknown",
        "Overall Site Morphology Type": "Positive/Built Feature",
        "Overall Site Shape Type": "Unknown",
        "Priority Type": null,
        "Recommendation Type": null,
        "Related Geoarchaeology/Palaeolandscape": null,
        "Resource Name": "Md278-f, E14N31-33_000018, BUL101",
        "Resource Orientation": "",
        "Restricted Access Record Designation": null,
        "SH Date From": null,
        "SH Date to": null,
        "Site Feature Arrangement Type": "Isolated",
        "Site Feature Form Type": "Structure",
        "Site Feature Form Type Certainty": "Definite",
        "Site Feature Interpretation Certainty": "High, High",
        "Site Feature Interpretation Number Type": "1, 1",
        "Site Feature Interpretation Type": "Farm Building, Settlement/Habitation Site",
        "Site Feature Number Type": "1",
        "Site Feature Shape Type": "Unknown",
        "Spatial Coordinates Ref System": "None",
        "Surficial Geology Type": null,
        "Threat Category": "Unknown",
        "Threat Cause Type": "Unknown",
        "Threat Inference Making Assessor Name - Actor": "None",
        "Threat Probability ": "Not Applicable",
        "Tidal Range": null,
        "Topography Type": null,
        "Wave Climate": null
      },
      "type": "Feature"
    },
    {
      "geometry": {
        "coordinates": [
          14.09973,
          31.826858
        ],
        "type": "Point"
      },
      "properties": {
        "AH Date From": null,
        "AH Date To": null,
        "Address": null,
        "Address Type": null,
        "Administrative Division ": null,
        "Administrative Division Type": null,
        "Archaeological From Date": null,
        "Archaeological To Date": null,
        "Assessment Activity Date": "None",
        "Assessment Activity Type": "Archaeological Assessment (Image Interpretation)",
        "Assessment Investigator - Actor": "Asherf Zurgani",
        "BP Date From": null,
        "BP Date To": null,
        "Bedrock Geology Type": null,
        "Built Component": null,
        "Cadastral Reference": "None, None",
        "Construction Technique": null,
        "Country Type": ", Libya",
        "Cultural Period Certainty": "Probable",
        "Cultural Period Type": "Contemporary Islamic (MENA)",
        "Cultural Sub-period Certainty": null,
        "Cultural Sub-period Type": null,
        "Damage Extent Type": "61-90%",
        "Date Inference Making Actor Name": "None",
        "Datum Description/EPSG code": null,
        "Datum Type": null,
        "Depositional Process": null,
        "Designation": null,
        "Designation From Date": null,
        "Designation To Date": null,
        "Detailed Condition Assessments": null,
        "Dimension Type": null,
        "Disturbance Cause Assignment Assessor Name - Actor": "None, None, None",
        "Disturbance Cause Category Type": "Domestic Use, Domestic Use, Domestic Use",
        "Disturbance Cause Certainty ": "Definite, Definite, Definite",
        "Disturbance Cause Type ": "Road/Track, Vegetation/Crops/Trees, Construction",
        "Disturbance Date From": "None, None, None",
        "Disturbance Date Occurred Before": "None, None, None",
        "Disturbance Date Occurred On ": "None, None, None",
        "Disturbance Date To ": "None, None, None",
        "EAMENA ID": "EAMENA-0161680",
        "Effect Certainty": null,
        "Effect Type": null,
        "Fetch Type": null,
        "GE Imagery Acquisition Date": null,
        "General Description": null,
        "General Description Type": null,
        "Geometry Extent Certainty": "",
        "Geometry Qualifier": "",
        "Google Earth Assessment": "None",
        "Grid ID": ", E14N31-33",
        "Heritage Place Function": null,
        "Heritage Place Function Certainty ": null,
        "Heritage Place Resource Instance": null,
        "Heritage Place Type": "Archaeological Site",
        "Imagery Acquisition Date": null,
        "Information Resource": null,
        "Information Resource Acquisition Date": null,
        "Intervention Activity Type": null,
        "Investigator Role Type": "Academic Researcher",
        "Land Cover Assessment Date": null,
        "Land Cover Type": null,
        "Location Certainty": "Definite",
        "Material Class": null,
        "Material Type": null,
        "Maximum Depth/Min Elevation": null,
        "Measurement Number": null,
        "Measurement Source Type ": null,
        "Measurement Unit": null,
        "Minimum Depth/Max Elevation": null,
        "Name Type": "Alternative Reference, Toponym, Alternative Reference, Alternative Reference",
        "Overall Archaeological Certainty Value ": null,
        "Overall Condition State Type": "Good",
        "Overall Site Morphology Type": null,
        "Overall Site Shape Type": "Rectangular/Square, ",
        "Priority Type": "Within 6 months to 1 year (Urgent)",
        "Recommendation Type": null,
        "Related Geoarchaeology/Palaeolandscape": null,
        "Resource Name": "E14N31-33_00081AS, \u0645\u062f\u064a\u0646\u0629 \u0642\u062f\u064a\u0645\u0629, CPF data 2019, BUL105",
        "Resource Orientation": ", ",
        "Restricted Access Record Designation": null,
        "SH Date From": null,
        "SH Date to": null,
        "Site Feature Arrangement Type": "Clustered, Clustered",
        "Site Feature Form Type": "Structure, Structure",
        "Site Feature Form Type Certainty": "Definite, Definite",
        "Site Feature Interpretation Certainty": "High",
        "Site Feature Interpretation Number Type": "11 to 20",
        "Site Feature Interpretation Type": "House/Dwelling",
        "Site Feature Number Type": null,
        "Site Feature Shape Type": "Rectangular/Square, Irregular",
        "Spatial Coordinates Ref System": "None",
        "Surficial Geology Type": null,
        "Threat Category": "Domestic Use, Domestic Use, Domestic Use",
        "Threat Cause Type": "Construction, Road/Track, Vegetation/Crops/Trees",
        "Threat Inference Making Assessor Name - Actor": "None, None, None",
        "Threat Probability ": "Planned, Planned, Planned",
        "Tidal Range": null,
        "Topography Type": "Plain/Plateau",
        "Wave Climate": null
      },
      "type": "Feature"
    },
    {
      "geometry": {
        "coordinates": [
          14.091853,
          31.825319
        ],
        "type": "Point"
      },
      "properties": {
        "AH Date From": null,
        "AH Date To": null,
        "Address": null,
        "Address Type": null,
        "Administrative Division ": null,
        "Administrative Division Type": null,
        "Archaeological From Date": null,
        "Archaeological To Date": null,
        "Assessment Activity Date": "None",
        "Assessment Activity Type": "Archaeological Assessment (Image Interpretation)",
        "Assessment Investigator - Actor": "Asherf Zurgani",
        "BP Date From": null,
        "BP Date To": null,
        "Bedrock Geology Type": null,
        "Built Component": null,
        "Cadastral Reference": "None, None",
        "Construction Technique": null,
        "Country Type": "Libya, ",
        "Cultural Period Certainty": "Probable",
        "Cultural Period Type": "Contemporary Islamic (MENA)",
        "Cultural Sub-period Certainty": null,
        "Cultural Sub-period Type": null,
        "Damage Extent Type": "11-30%",
        "Date Inference Making Actor Name": "None",
        "Datum Description/EPSG code": null,
        "Datum Type": null,
        "Depositional Process": null,
        "Designation": null,
        "Designation From Date": null,
        "Designation To Date": null,
        "Detailed Condition Assessments": null,
        "Dimension Type": null,
        "Disturbance Cause Assignment Assessor Name - Actor": "None, None",
        "Disturbance Cause Category Type": "Domestic Use, Domestic Use",
        "Disturbance Cause Certainty ": "Definite, Definite",
        "Disturbance Cause Type ": "Road/Track, Construction",
        "Disturbance Date From": "None, None",
        "Disturbance Date Occurred Before": "None, None",
        "Disturbance Date Occurred On ": "None, None",
        "Disturbance Date To ": "None, None",
        "EAMENA ID": "EAMENA-0161682",
        "Effect Certainty": null,
        "Effect Type": null,
        "Fetch Type": null,
        "GE Imagery Acquisition Date": null,
        "General Description": null,
        "General Description Type": null,
        "Geometry Extent Certainty": "",
        "Geometry Qualifier": "",
        "Google Earth Assessment": "None",
        "Grid ID": "E14N31-33, ",
        "Heritage Place Function": null,
        "Heritage Place Function Certainty ": null,
        "Heritage Place Resource Instance": null,
        "Heritage Place Type": "Archaeological Site",
        "Imagery Acquisition Date": null,
        "Information Resource": null,
        "Information Resource Acquisition Date": null,
        "Intervention Activity Type": null,
        "Investigator Role Type": "Academic Researcher",
        "Land Cover Assessment Date": null,
        "Land Cover Type": null,
        "Location Certainty": "Definite",
        "Material Class": null,
        "Material Type": null,
        "Maximum Depth/Min Elevation": null,
        "Measurement Number": null,
        "Measurement Source Type ": null,
        "Measurement Unit": null,
        "Minimum Depth/Max Elevation": null,
        "Name Type": "Alternative Reference, Toponym, Alternative Reference, Alternative Reference",
        "Overall Archaeological Certainty Value ": null,
        "Overall Condition State Type": "Good",
        "Overall Site Morphology Type": null,
        "Overall Site Shape Type": ", Straight",
        "Priority Type": "Within 6 months to 1 year (Urgent)",
        "Recommendation Type": null,
        "Related Geoarchaeology/Palaeolandscape": null,
        "Resource Name": "E14N31-33_00083AS, \u0645\u062f\u064a\u0646\u0629 \u0642\u062f\u064a\u0645\u0629, CPF data 2019, BUL102",
        "Resource Orientation": ", ",
        "Restricted Access Record Designation": null,
        "SH Date From": null,
        "SH Date to": null,
        "Site Feature Arrangement Type": "Clustered, Clustered",
        "Site Feature Form Type": "Structure, Structure",
        "Site Feature Form Type Certainty": "Definite, Definite",
        "Site Feature Interpretation Certainty": "High",
        "Site Feature Interpretation Number Type": "2 to 5",
        "Site Feature Interpretation Type": "House/Dwelling",
        "Site Feature Number Type": "2 to 5, 2 to 5",
        "Site Feature Shape Type": "Straight, Rectangular/Square",
        "Spatial Coordinates Ref System": "",
        "Surficial Geology Type": null,
        "Threat Category": "Domestic Use, Domestic Use",
        "Threat Cause Type": "Construction, Road/Track",
        "Threat Inference Making Assessor Name - Actor": "None, None",
        "Threat Probability ": "Planned, Planned",
        "Tidal Range": null,
        "Topography Type": "Plain/Plateau",
        "Wave Climate": null
      },
      "type": "Feature"
    },
    {
      "geometry": {
        "coordinates": [
          14.097776,
          31.827241
        ],
        "type": "Point"
      },
      "properties": {
        "AH Date From": null,
        "AH Date To": null,
        "Address": null,
        "Address Type": null,
        "Administrative Division ": null,
        "Administrative Division Type": null,
        "Archaeological From Date": null,
        "Archaeological To Date": null,
        "Assessment Activity Date": "None",
        "Assessment Activity Type": "Archaeological Assessment (Image Interpretation)",
        "Assessment Investigator - Actor": "Asherf Zurgani",
        "BP Date From": null,
        "BP Date To": null,
        "Bedrock Geology Type": null,
        "Built Component": null,
        "Cadastral Reference": "None, None",
        "Construction Technique": null,
        "Country Type": ", Libya",
        "Cultural Period Certainty": "Probable",
        "Cultural Period Type": "Contemporary Islamic (MENA)",
        "Cultural Sub-period Certainty": null,
        "Cultural Sub-period Type": null,
        "Damage Extent Type": "61-90%",
        "Date Inference Making Actor Name": "None",
        "Datum Description/EPSG code": null,
        "Datum Type": null,
        "Depositional Process": null,
        "Designation": null,
        "Designation From Date": null,
        "Designation To Date": null,
        "Detailed Condition Assessments": null,
        "Dimension Type": null,
        "Disturbance Cause Assignment Assessor Name - Actor": "None, None",
        "Disturbance Cause Category Type": "Domestic Use, Domestic Use",
        "Disturbance Cause Certainty ": "Definite, Definite",
        "Disturbance Cause Type ": "Road/Track, Construction",
        "Disturbance Date From": "None, None",
        "Disturbance Date Occurred Before": "None, None",
        "Disturbance Date Occurred On ": "None, None",
        "Disturbance Date To ": "None, None",
        "EAMENA ID": "EAMENA-0161681",
        "Effect Certainty": null,
        "Effect Type": null,
        "Fetch Type": null,
        "GE Imagery Acquisition Date": null,
        "General Description": null,
        "General Description Type": null,
        "Geometry Extent Certainty": "",
        "Geometry Qualifier": "",
        "Google Earth Assessment": "None",
        "Grid ID": ", E14N31-33",
        "Heritage Place Function": null,
        "Heritage Place Function Certainty ": null,
        "Heritage Place Resource Instance": null,
        "Heritage Place Type": "Archaeological Site",
        "Imagery Acquisition Date": null,
        "Information Resource": null,
        "Information Resource Acquisition Date": null,
        "Intervention Activity Type": null,
        "Investigator Role Type": "Academic Researcher",
        "Land Cover Assessment Date": null,
        "Land Cover Type": null,
        "Location Certainty": "Definite",
        "Material Class": null,
        "Material Type": null,
        "Maximum Depth/Min Elevation": null,
        "Measurement Number": null,
        "Measurement Source Type ": null,
        "Measurement Unit": null,
        "Minimum Depth/Max Elevation": null,
        "Name Type": "Alternative Reference, Toponym, Alternative Reference",
        "Overall Archaeological Certainty Value ": null,
        "Overall Condition State Type": "Good",
        "Overall Site Morphology Type": null,
        "Overall Site Shape Type": "Rectangular/Square, ",
        "Priority Type": "Within 6 months to 1 year (Urgent)",
        "Recommendation Type": null,
        "Related Geoarchaeology/Palaeolandscape": null,
        "Resource Name": "E14N31-33_00082AS, \u0645\u062f\u064a\u0646\u0629 \u0642\u062f\u064a\u0645\u0629, CPF data 2019",
        "Resource Orientation": ", ",
        "Restricted Access Record Designation": null,
        "SH Date From": null,
        "SH Date to": null,
        "Site Feature Arrangement Type": "Clustered, Clustered",
        "Site Feature Form Type": "Structure, Structure",
        "Site Feature Form Type Certainty": "Definite, Definite",
        "Site Feature Interpretation Certainty": "High",
        "Site Feature Interpretation Number Type": "11 to 20",
        "Site Feature Interpretation Type": "House/Dwelling",
        "Site Feature Number Type": null,
        "Site Feature Shape Type": "Rectangular/Square, Polygonal",
        "Spatial Coordinates Ref System": "",
        "Surficial Geology Type": null,
        "Threat Category": "Domestic Use, Domestic Use",
        "Threat Cause Type": "Construction, Road/Track",
        "Threat Inference Making Assessor Name - Actor": "None, None",
        "Threat Probability ": "Planned, Planned",
        "Tidal Range": null,
        "Topography Type": "Plain/Plateau",
        "Wave Climate": null
      },
      "type": "Feature"
    },
    {
      "geometry": {
        "coordinates": [
          14.121317,
          31.824114
        ],
        "type": "Point"
      },
      "properties": {
        "AH Date From": null,
        "AH Date To": null,
        "Address": null,
        "Address Type": null,
        "Administrative Division ": null,
        "Administrative Division Type": null,
        "Archaeological From Date": null,
        "Archaeological To Date": null,
        "Assessment Activity Date": "2016-03-10",
        "Assessment Activity Type": "Desk-based",
        "Assessment Investigator - Actor": "Nichole Sheldrick",
        "BP Date From": null,
        "BP Date To": null,
        "Bedrock Geology Type": null,
        "Built Component": null,
        "Cadastral Reference": "None",
        "Construction Technique": null,
        "Country Type": "Libya",
        "Cultural Period Certainty": "Possible, Possible, Possible",
        "Cultural Period Type": "Classical/Protohistoric/Pre-Islamic (North Africa), Classical/Protohistoric/Pre-Islamic (North Africa), Classical/Protohistoric/Pre-Islamic (North Africa)",
        "Cultural Sub-period Certainty": "Possible, Possible, Possible",
        "Cultural Sub-period Type": "Byzantine (Maghreb), Roman Imperial, Late (North Africa), Vandal (Maghreb)",
        "Damage Extent Type": "Unknown",
        "Date Inference Making Actor Name": "None, None, None",
        "Datum Description/EPSG code": null,
        "Datum Type": null,
        "Depositional Process": null,
        "Designation": null,
        "Designation From Date": null,
        "Designation To Date": null,
        "Detailed Condition Assessments": null,
        "Dimension Type": null,
        "Disturbance Cause Assignment Assessor Name - Actor": "None",
        "Disturbance Cause Category Type": "Unknown",
        "Disturbance Cause Certainty ": "Not Applicable",
        "Disturbance Cause Type ": "Unknown",
        "Disturbance Date From": "None",
        "Disturbance Date Occurred Before": "None",
        "Disturbance Date Occurred On ": "None",
        "Disturbance Date To ": "None",
        "EAMENA ID": "EAMENA-0087064",
        "Effect Certainty": "Not Applicable",
        "Effect Type": "Unknown",
        "Fetch Type": null,
        "GE Imagery Acquisition Date": null,
        "General Description": null,
        "General Description Type": null,
        "Geometry Extent Certainty": "Negligible",
        "Geometry Qualifier": "Center Point",
        "Google Earth Assessment": "None",
        "Grid ID": "E14N31-33",
        "Heritage Place Function": "Defensive/Fortification, Agricultural/Pastoral, Domestic",
        "Heritage Place Function Certainty ": "High, High, High",
        "Heritage Place Resource Instance": null,
        "Heritage Place Type": "Archaeological Site",
        "Imagery Acquisition Date": null,
        "Information Resource": null,
        "Information Resource Acquisition Date": null,
        "Intervention Activity Type": null,
        "Investigator Role Type": "",
        "Land Cover Assessment Date": null,
        "Land Cover Type": null,
        "Location Certainty": "Medium",
        "Material Class": null,
        "Material Type": null,
        "Maximum Depth/Min Elevation": null,
        "Measurement Number": null,
        "Measurement Source Type ": null,
        "Measurement Unit": null,
        "Minimum Depth/Max Elevation": null,
        "Name Type": "Alternative Reference, Toponym, Designation, Alternative Reference",
        "Overall Archaeological Certainty Value ": "Definite",
        "Overall Condition State Type": "Unknown",
        "Overall Site Morphology Type": "Positive/Built Feature",
        "Overall Site Shape Type": "Unknown",
        "Priority Type": null,
        "Recommendation Type": null,
        "Related Geoarchaeology/Palaeolandscape": null,
        "Resource Name": "Md289-g, Gasr Zara, E14N31-33_000057, BUL111",
        "Resource Orientation": "",
        "Restricted Access Record Designation": null,
        "SH Date From": null,
        "SH Date to": null,
        "Site Feature Arrangement Type": "Unknown",
        "Site Feature Form Type": "Structure",
        "Site Feature Form Type Certainty": "Definite",
        "Site Feature Interpretation Certainty": "High, High",
        "Site Feature Interpretation Number Type": "1, 1",
        "Site Feature Interpretation Type": "Settlement/Habitation Site, Farm Building",
        "Site Feature Number Type": "1",
        "Site Feature Shape Type": "Unknown",
        "Spatial Coordinates Ref System": "",
        "Surficial Geology Type": null,
        "Threat Category": "Unknown",
        "Threat Cause Type": "Unknown",
        "Threat Inference Making Assessor Name - Actor": "None",
        "Threat Probability ": "Not Applicable",
        "Tidal Range": null,
        "Topography Type": null,
        "Wave Climate": null
      },
      "type": "Feature"
    },
    {
      "geometry": {
        "coordinates": [
          14.112591,
          31.825359
        ],
        "type": "Point"
      },
      "properties": {
        "AH Date From": null,
        "AH Date To": null,
        "Address": null,
        "Address Type": null,
        "Administrative Division ": null,
        "Administrative Division Type": null,
        "Archaeological From Date": null,
        "Archaeological To Date": null,
        "Assessment Activity Date": "2016-03-10",
        "Assessment Activity Type": "Desk-based",
        "Assessment Investigator - Actor": "Nichole Sheldrick",
        "BP Date From": null,
        "BP Date To": null,
        "Bedrock Geology Type": null,
        "Built Component": null,
        "Cadastral Reference": "None",
        "Construction Technique": null,
        "Country Type": "Libya",
        "Cultural Period Certainty": "Possible, Possible, Possible",
        "Cultural Period Type": "Classical/Protohistoric/Pre-Islamic (North Africa), Classical/Protohistoric/Pre-Islamic (North Africa), Classical/Protohistoric/Pre-Islamic (North Africa)",
        "Cultural Sub-period Certainty": "Possible, Possible, Possible",
        "Cultural Sub-period Type": "Vandal (Maghreb), Roman Imperial, Late (North Africa), Byzantine (Maghreb)",
        "Damage Extent Type": "Unknown",
        "Date Inference Making Actor Name": "None, None, None",
        "Datum Description/EPSG code": null,
        "Datum Type": null,
        "Depositional Process": null,
        "Designation": null,
        "Designation From Date": null,
        "Designation To Date": null,
        "Detailed Condition Assessments": null,
        "Dimension Type": null,
        "Disturbance Cause Assignment Assessor Name - Actor": "None",
        "Disturbance Cause Category Type": "Unknown",
        "Disturbance Cause Certainty ": "Not Applicable",
        "Disturbance Cause Type ": "Unknown",
        "Disturbance Date From": "None",
        "Disturbance Date Occurred Before": "None",
        "Disturbance Date Occurred On ": "None",
        "Disturbance Date To ": "None",
        "EAMENA ID": "EAMENA-0087062",
        "Effect Certainty": "Not Applicable",
        "Effect Type": "Unknown",
        "Fetch Type": null,
        "GE Imagery Acquisition Date": null,
        "General Description": null,
        "General Description Type": null,
        "Geometry Extent Certainty": "",
        "Geometry Qualifier": "",
        "Google Earth Assessment": "None",
        "Grid ID": "E14N31-33",
        "Heritage Place Function": "Agricultural/Pastoral, Domestic, Defensive/Fortification",
        "Heritage Place Function Certainty ": "High, High, High",
        "Heritage Place Resource Instance": null,
        "Heritage Place Type": "Archaeological Site",
        "Imagery Acquisition Date": null,
        "Information Resource": null,
        "Information Resource Acquisition Date": null,
        "Intervention Activity Type": null,
        "Investigator Role Type": "",
        "Land Cover Assessment Date": null,
        "Land Cover Type": null,
        "Location Certainty": "Negligible",
        "Material Class": null,
        "Material Type": null,
        "Maximum Depth/Min Elevation": null,
        "Measurement Number": null,
        "Measurement Source Type ": null,
        "Measurement Unit": null,
        "Minimum Depth/Max Elevation": null,
        "Name Type": "Alternative Reference, Designation, Toponym, Alternative Reference",
        "Overall Archaeological Certainty Value ": "Definite",
        "Overall Condition State Type": "Unknown",
        "Overall Site Morphology Type": "Positive/Built Feature",
        "Overall Site Shape Type": "Unknown",
        "Priority Type": null,
        "Recommendation Type": null,
        "Related Geoarchaeology/Palaeolandscape": null,
        "Resource Name": "Md285-g, E14N31-33_000055, Gasr Imamla, BUL109",
        "Resource Orientation": "",
        "Restricted Access Record Designation": null,
        "SH Date From": null,
        "SH Date to": null,
        "Site Feature Arrangement Type": "Unknown",
        "Site Feature Form Type": "Structure",
        "Site Feature Form Type Certainty": "Definite",
        "Site Feature Interpretation Certainty": "High, High",
        "Site Feature Interpretation Number Type": "1, 1",
        "Site Feature Interpretation Type": "Settlement/Habitation Site, Farm Building",
        "Site Feature Number Type": "1",
        "Site Feature Shape Type": "Unknown",
        "Spatial Coordinates Ref System": "None",
        "Surficial Geology Type": null,
        "Threat Category": "Unknown",
        "Threat Cause Type": "Unknown",
        "Threat Inference Making Assessor Name - Actor": "None",
        "Threat Probability ": "Not Applicable",
        "Tidal Range": null,
        "Topography Type": null,
        "Wave Climate": null
      },
      "type": "Feature"
    },
    {
      "geometry": {
        "coordinates": [
          14.114279,
          31.823998
        ],
        "type": "Point"
      },
      "properties": {
        "AH Date From": null,
        "AH Date To": null,
        "Address": null,
        "Address Type": null,
        "Administrative Division ": null,
        "Administrative Division Type": null,
        "Archaeological From Date": null,
        "Archaeological To Date": null,
        "Assessment Activity Date": "2016-03-10",
        "Assessment Activity Type": "Desk-based",
        "Assessment Investigator - Actor": "Nichole Sheldrick",
        "BP Date From": null,
        "BP Date To": null,
        "Bedrock Geology Type": null,
        "Built Component": null,
        "Cadastral Reference": "None",
        "Construction Technique": null,
        "Country Type": "Libya",
        "Cultural Period Certainty": "Possible, Possible, Possible",
        "Cultural Period Type": "Classical/Protohistoric/Pre-Islamic (North Africa), Classical/Protohistoric/Pre-Islamic (North Africa), Classical/Protohistoric/Pre-Islamic (North Africa)",
        "Cultural Sub-period Certainty": "Possible, Possible, Possible",
        "Cultural Sub-period Type": "Roman Imperial, Late (North Africa), Byzantine (Maghreb), Vandal (Maghreb)",
        "Damage Extent Type": "Unknown",
        "Date Inference Making Actor Name": "None, None, None",
        "Datum Description/EPSG code": null,
        "Datum Type": null,
        "Depositional Process": null,
        "Designation": null,
        "Designation From Date": null,
        "Designation To Date": null,
        "Detailed Condition Assessments": null,
        "Dimension Type": null,
        "Disturbance Cause Assignment Assessor Name - Actor": "None",
        "Disturbance Cause Category Type": "Unknown",
        "Disturbance Cause Certainty ": "Not Applicable",
        "Disturbance Cause Type ": "Unknown",
        "Disturbance Date From": "None",
        "Disturbance Date Occurred Before": "None",
        "Disturbance Date Occurred On ": "None",
        "Disturbance Date To ": "None",
        "EAMENA ID": "EAMENA-0087063",
        "Effect Certainty": "Not Applicable",
        "Effect Type": "Unknown",
        "Fetch Type": null,
        "GE Imagery Acquisition Date": null,
        "General Description": null,
        "General Description Type": null,
        "Geometry Extent Certainty": "",
        "Geometry Qualifier": "",
        "Google Earth Assessment": "None",
        "Grid ID": "E14N31-33",
        "Heritage Place Function": "Domestic, Defensive/Fortification, Agricultural/Pastoral",
        "Heritage Place Function Certainty ": "High, High, High",
        "Heritage Place Resource Instance": null,
        "Heritage Place Type": "Archaeological Site",
        "Imagery Acquisition Date": null,
        "Information Resource": null,
        "Information Resource Acquisition Date": null,
        "Intervention Activity Type": null,
        "Investigator Role Type": "",
        "Land Cover Assessment Date": null,
        "Land Cover Type": null,
        "Location Certainty": "Negligible",
        "Material Class": null,
        "Material Type": null,
        "Maximum Depth/Min Elevation": null,
        "Measurement Number": null,
        "Measurement Source Type ": null,
        "Measurement Unit": null,
        "Minimum Depth/Max Elevation": null,
        "Name Type": "Alternative Reference, Designation, Alternative Reference",
        "Overall Archaeological Certainty Value ": "Definite",
        "Overall Condition State Type": "Unknown",
        "Overall Site Morphology Type": "Positive/Built Feature",
        "Overall Site Shape Type": "Unknown",
        "Priority Type": null,
        "Recommendation Type": null,
        "Related Geoarchaeology/Palaeolandscape": null,
        "Resource Name": "Md288-t, E14N31-33_000056, BUL110",
        "Resource Orientation": "",
        "Restricted Access Record Designation": null,
        "SH Date From": null,
        "SH Date to": null,
        "Site Feature Arrangement Type": "Unknown",
        "Site Feature Form Type": "Tower",
        "Site Feature Form Type Certainty": "Medium",
        "Site Feature Interpretation Certainty": "High, High",
        "Site Feature Interpretation Number Type": "1, 1",
        "Site Feature Interpretation Type": "Settlement/Habitation Site, Farm Building",
        "Site Feature Number Type": "1",
        "Site Feature Shape Type": "Circular",
        "Spatial Coordinates Ref System": "None",
        "Surficial Geology Type": null,
        "Threat Category": "Unknown",
        "Threat Cause Type": "Unknown",
        "Threat Inference Making Assessor Name - Actor": "None",
        "Threat Probability ": "Not Applicable",
        "Tidal Range": null,
        "Topography Type": null,
        "Wave Climate": null
      },
      "type": "Feature"
    },
    {
      "geometry": {
        "coordinates": [
          14.10278,
          31.828825
        ],
        "type": "Point"
      },
      "properties": {
        "AH Date From": null,
        "AH Date To": null,
        "Address": null,
        "Address Type": null,
        "Administrative Division ": null,
        "Administrative Division Type": null,
        "Archaeological From Date": null,
        "Archaeological To Date": null,
        "Assessment Activity Date": "None",
        "Assessment Activity Type": "Archaeological Assessment (Image Interpretation)",
        "Assessment Investigator - Actor": "Asherf Zurgani",
        "BP Date From": null,
        "BP Date To": null,
        "Bedrock Geology Type": null,
        "Built Component": null,
        "Cadastral Reference": "None, None",
        "Construction Technique": null,
        "Country Type": ", Libya",
        "Cultural Period Certainty": "Probable",
        "Cultural Period Type": "Contemporary Islamic (MENA)",
        "Cultural Sub-period Certainty": null,
        "Cultural Sub-period Type": null,
        "Damage Extent Type": "61-90%",
        "Date Inference Making Actor Name": "None",
        "Datum Description/EPSG code": null,
        "Datum Type": null,
        "Depositional Process": null,
        "Designation": null,
        "Designation From Date": null,
        "Designation To Date": null,
        "Detailed Condition Assessments": null,
        "Dimension Type": null,
        "Disturbance Cause Assignment Assessor Name - Actor": "None, None",
        "Disturbance Cause Category Type": "Domestic Use, Domestic Use",
        "Disturbance Cause Certainty ": "Definite, Definite",
        "Disturbance Cause Type ": "Road/Track, Construction",
        "Disturbance Date From": "None, None",
        "Disturbance Date Occurred Before": "None, None",
        "Disturbance Date Occurred On ": "None, None",
        "Disturbance Date To ": "None, None",
        "EAMENA ID": "EAMENA-0161679",
        "Effect Certainty": null,
        "Effect Type": null,
        "Fetch Type": null,
        "GE Imagery Acquisition Date": null,
        "General Description": null,
        "General Description Type": null,
        "Geometry Extent Certainty": "",
        "Geometry Qualifier": "",
        "Google Earth Assessment": "None",
        "Grid ID": ", E14N31-33",
        "Heritage Place Function": "Domestic",
        "Heritage Place Function Certainty ": "High",
        "Heritage Place Resource Instance": null,
        "Heritage Place Type": "Archaeological Site",
        "Imagery Acquisition Date": null,
        "Information Resource": null,
        "Information Resource Acquisition Date": null,
        "Intervention Activity Type": null,
        "Investigator Role Type": "Academic Researcher",
        "Land Cover Assessment Date": null,
        "Land Cover Type": null,
        "Location Certainty": "Definite",
        "Material Class": null,
        "Material Type": null,
        "Maximum Depth/Min Elevation": null,
        "Measurement Number": null,
        "Measurement Source Type ": null,
        "Measurement Unit": null,
        "Minimum Depth/Max Elevation": null,
        "Name Type": "Alternative Reference, Toponym, Alternative Reference, Alternative Reference",
        "Overall Archaeological Certainty Value ": null,
        "Overall Condition State Type": "Good",
        "Overall Site Morphology Type": null,
        "Overall Site Shape Type": "Rectangular/Square, ",
        "Priority Type": "Within 6 months to 1 year (Urgent)",
        "Recommendation Type": null,
        "Related Geoarchaeology/Palaeolandscape": null,
        "Resource Name": "E14N31-33_00080AS, \u0645\u062f\u064a\u0646\u0629 \u0642\u062f\u064a\u0645\u0629, CPF data 2019, BUL108",
        "Resource Orientation": ", ",
        "Restricted Access Record Designation": null,
        "SH Date From": null,
        "SH Date to": null,
        "Site Feature Arrangement Type": "Clustered, Clustered",
        "Site Feature Form Type": "Structure, Structure",
        "Site Feature Form Type Certainty": "Definite, Definite",
        "Site Feature Interpretation Certainty": "High",
        "Site Feature Interpretation Number Type": "21 to 50",
        "Site Feature Interpretation Type": "House/Dwelling",
        "Site Feature Number Type": "21 to 50, 21 to 50",
        "Site Feature Shape Type": "Rectangular/Square, Irregular",
        "Spatial Coordinates Ref System": "None",
        "Surficial Geology Type": null,
        "Threat Category": "Domestic Use, Domestic Use",
        "Threat Cause Type": "Construction, Road/Track",
        "Threat Inference Making Assessor Name - Actor": "None, None",
        "Threat Probability ": "Planned, Planned",
        "Tidal Range": null,
        "Topography Type": "Plain/Plateau",
        "Wave Climate": null
      },
      "type": "Feature"
    },
    {
      "geometry": {
        "coordinates": [
          14.121901,
          31.832765
        ],
        "type": "Point"
      },
      "properties": {
        "AH Date From": null,
        "AH Date To": null,
        "Address": null,
        "Address Type": null,
        "Administrative Division ": null,
        "Administrative Division Type": null,
        "Archaeological From Date": null,
        "Archaeological To Date": null,
        "Assessment Activity Date": "2016-03-10",
        "Assessment Activity Type": "Desk-based",
        "Assessment Investigator - Actor": "Nichole Sheldrick",
        "BP Date From": null,
        "BP Date To": null,
        "Bedrock Geology Type": null,
        "Built Component": null,
        "Cadastral Reference": "None",
        "Construction Technique": null,
        "Country Type": "Libya",
        "Cultural Period Certainty": "Possible, Possible, Possible",
        "Cultural Period Type": "Classical/Protohistoric/Pre-Islamic (North Africa), Classical/Protohistoric/Pre-Islamic (North Africa), Classical/Protohistoric/Pre-Islamic (North Africa)",
        "Cultural Sub-period Certainty": "Possible, Possible, Possible",
        "Cultural Sub-period Type": "Roman Imperial, Late (North Africa), Byzantine (Maghreb), Vandal (Maghreb)",
        "Damage Extent Type": "Unknown",
        "Date Inference Making Actor Name": "None, None, None",
        "Datum Description/EPSG code": null,
        "Datum Type": null,
        "Depositional Process": null,
        "Designation": null,
        "Designation From Date": null,
        "Designation To Date": null,
        "Detailed Condition Assessments": null,
        "Dimension Type": null,
        "Disturbance Cause Assignment Assessor Name - Actor": "None",
        "Disturbance Cause Category Type": "Unknown",
        "Disturbance Cause Certainty ": "Not Applicable",
        "Disturbance Cause Type ": "Unknown",
        "Disturbance Date From": "None",
        "Disturbance Date Occurred Before": "None",
        "Disturbance Date Occurred On ": "None",
        "Disturbance Date To ": "None",
        "EAMENA ID": "EAMENA-0087067",
        "Effect Certainty": "High",
        "Effect Type": "Collapse/Structural Damage",
        "Fetch Type": null,
        "GE Imagery Acquisition Date": null,
        "General Description": null,
        "General Description Type": null,
        "Geometry Extent Certainty": "",
        "Geometry Qualifier": "",
        "Google Earth Assessment": "None",
        "Grid ID": "E14N31-33",
        "Heritage Place Function": "Domestic, Defensive/Fortification, Agricultural/Pastoral",
        "Heritage Place Function Certainty ": "High, High, High",
        "Heritage Place Resource Instance": null,
        "Heritage Place Type": "Archaeological Site",
        "Imagery Acquisition Date": null,
        "Information Resource": null,
        "Information Resource Acquisition Date": null,
        "Intervention Activity Type": null,
        "Investigator Role Type": "",
        "Land Cover Assessment Date": null,
        "Land Cover Type": null,
        "Location Certainty": "Definite",
        "Material Class": null,
        "Material Type": null,
        "Maximum Depth/Min Elevation": null,
        "Measurement Number": null,
        "Measurement Source Type ": null,
        "Measurement Unit": null,
        "Minimum Depth/Max Elevation": null,
        "Name Type": "Toponym, Alternative Reference, Designation, Alternative Reference",
        "Overall Archaeological Certainty Value ": "Definite",
        "Overall Condition State Type": "Good",
        "Overall Site Morphology Type": "Positive/Built Feature",
        "Overall Site Shape Type": "Irregular",
        "Priority Type": null,
        "Recommendation Type": null,
        "Related Geoarchaeology/Palaeolandscape": null,
        "Resource Name": "Gasr Tumia, Md293-g, E14N31-33_000060, BUL113",
        "Resource Orientation": "",
        "Restricted Access Record Designation": null,
        "SH Date From": null,
        "SH Date to": null,
        "Site Feature Arrangement Type": "Discrete, Adjoining",
        "Site Feature Form Type": "Tower, Structure",
        "Site Feature Form Type Certainty": "Medium, High",
        "Site Feature Interpretation Certainty": "High, High, High",
        "Site Feature Interpretation Number Type": "1, Unknown, 1",
        "Site Feature Interpretation Type": "Settlement/Habitation Site, Building/Enclosure, Farm Building",
        "Site Feature Number Type": "1, Unknown",
        "Site Feature Shape Type": "Rectangular/Square, Irregular",
        "Spatial Coordinates Ref System": "None",
        "Surficial Geology Type": null,
        "Threat Category": "",
        "Threat Cause Type": "No Visible/Known",
        "Threat Inference Making Assessor Name - Actor": "None",
        "Threat Probability ": "Not Applicable",
        "Tidal Range": null,
        "Topography Type": null,
        "Wave Climate": null
      },
      "type": "Feature"
    },
    {
      "geometry": {
        "coordinates": [
          14.122113,
          31.830678
        ],
        "type": "Point"
      },
      "properties": {
        "AH Date From": null,
        "AH Date To": null,
        "Address": null,
        "Address Type": null,
        "Administrative Division ": null,
        "Administrative Division Type": null,
        "Archaeological From Date": null,
        "Archaeological To Date": null,
        "Assessment Activity Date": "2016-03-10",
        "Assessment Activity Type": "Desk-based",
        "Assessment Investigator - Actor": "Nichole Sheldrick",
        "BP Date From": null,
        "BP Date To": null,
        "Bedrock Geology Type": null,
        "Built Component": null,
        "Cadastral Reference": "None",
        "Construction Technique": null,
        "Country Type": "Libya",
        "Cultural Period Certainty": "Possible, Possible, Possible",
        "Cultural Period Type": "Classical/Protohistoric/Pre-Islamic (North Africa), Classical/Protohistoric/Pre-Islamic (North Africa), Classical/Protohistoric/Pre-Islamic (North Africa)",
        "Cultural Sub-period Certainty": "Possible, Possible, Possible",
        "Cultural Sub-period Type": "Roman Imperial, Late (North Africa), Byzantine (Maghreb), Vandal (Maghreb)",
        "Damage Extent Type": "Unknown",
        "Date Inference Making Actor Name": "None, None, None",
        "Datum Description/EPSG code": null,
        "Datum Type": null,
        "Depositional Process": null,
        "Designation": null,
        "Designation From Date": null,
        "Designation To Date": null,
        "Detailed Condition Assessments": null,
        "Dimension Type": null,
        "Disturbance Cause Assignment Assessor Name - Actor": "None",
        "Disturbance Cause Category Type": "Unknown",
        "Disturbance Cause Certainty ": "Not Applicable",
        "Disturbance Cause Type ": "Unknown",
        "Disturbance Date From": "None",
        "Disturbance Date Occurred Before": "None",
        "Disturbance Date Occurred On ": "None",
        "Disturbance Date To ": "None",
        "EAMENA ID": "EAMENA-0087066",
        "Effect Certainty": "High",
        "Effect Type": "Collapse/Structural Damage",
        "Fetch Type": null,
        "GE Imagery Acquisition Date": null,
        "General Description": null,
        "General Description Type": null,
        "Geometry Extent Certainty": "",
        "Geometry Qualifier": "",
        "Google Earth Assessment": "None",
        "Grid ID": "E14N31-33",
        "Heritage Place Function": "Domestic, Defensive/Fortification, Agricultural/Pastoral",
        "Heritage Place Function Certainty ": "High, High, High",
        "Heritage Place Resource Instance": null,
        "Heritage Place Type": "Archaeological Site",
        "Imagery Acquisition Date": null,
        "Information Resource": null,
        "Information Resource Acquisition Date": null,
        "Intervention Activity Type": null,
        "Investigator Role Type": "",
        "Land Cover Assessment Date": null,
        "Land Cover Type": null,
        "Location Certainty": "Definite",
        "Material Class": null,
        "Material Type": null,
        "Maximum Depth/Min Elevation": null,
        "Measurement Number": null,
        "Measurement Source Type ": null,
        "Measurement Unit": null,
        "Minimum Depth/Max Elevation": null,
        "Name Type": "Toponym, Alternative Reference, Designation, Alternative Reference",
        "Overall Archaeological Certainty Value ": "Definite",
        "Overall Condition State Type": "Good",
        "Overall Site Morphology Type": "Positive/Built Feature",
        "Overall Site Shape Type": "Rectangular/Square",
        "Priority Type": null,
        "Recommendation Type": null,
        "Related Geoarchaeology/Palaeolandscape": null,
        "Resource Name": "Gasr Tumia, Md292-g, E14N31-33_000059, BUL112",
        "Resource Orientation": "",
        "Restricted Access Record Designation": null,
        "SH Date From": null,
        "SH Date to": null,
        "Site Feature Arrangement Type": "Isolated",
        "Site Feature Form Type": "Tower",
        "Site Feature Form Type Certainty": "Medium",
        "Site Feature Interpretation Certainty": "High, High",
        "Site Feature Interpretation Number Type": "1, 1",
        "Site Feature Interpretation Type": "Settlement/Habitation Site, Farm Building",
        "Site Feature Number Type": "1",
        "Site Feature Shape Type": "Rectangular/Square",
        "Spatial Coordinates Ref System": "None",
        "Surficial Geology Type": null,
        "Threat Category": "Unknown",
        "Threat Cause Type": "Unknown",
        "Threat Inference Making Assessor Name - Actor": "None",
        "Threat Probability ": "Not Applicable",
        "Tidal Range": null,
        "Topography Type": null,
        "Wave Climate": null
      },
      "type": "Feature"
    },
    {
      "geometry": {
        "coordinates": [
          14.138227,
          31.83764
        ],
        "type": "Point"
      },
      "properties": {
        "AH Date From": null,
        "AH Date To": null,
        "Address": null,
        "Address Type": null,
        "Administrative Division ": null,
        "Administrative Division Type": null,
        "Archaeological From Date": null,
        "Archaeological To Date": null,
        "Assessment Activity Date": "2016-03-10",
        "Assessment Activity Type": "Desk-based",
        "Assessment Investigator - Actor": "Nichole Sheldrick",
        "BP Date From": null,
        "BP Date To": null,
        "Bedrock Geology Type": null,
        "Built Component": null,
        "Cadastral Reference": "None",
        "Construction Technique": null,
        "Country Type": "Libya",
        "Cultural Period Certainty": "Possible, Possible, Possible",
        "Cultural Period Type": "Classical/Protohistoric/Pre-Islamic (North Africa), Classical/Protohistoric/Pre-Islamic (North Africa), Classical/Protohistoric/Pre-Islamic (North Africa)",
        "Cultural Sub-period Certainty": "Possible, Possible, Possible",
        "Cultural Sub-period Type": "Roman Imperial, Late (North Africa), Byzantine (Maghreb), Vandal (Maghreb)",
        "Damage Extent Type": "Unknown",
        "Date Inference Making Actor Name": "None, None, None",
        "Datum Description/EPSG code": null,
        "Datum Type": null,
        "Depositional Process": null,
        "Designation": null,
        "Designation From Date": null,
        "Designation To Date": null,
        "Detailed Condition Assessments": null,
        "Dimension Type": null,
        "Disturbance Cause Assignment Assessor Name - Actor": "None",
        "Disturbance Cause Category Type": "Unknown",
        "Disturbance Cause Certainty ": "Not Applicable",
        "Disturbance Cause Type ": "Unknown",
        "Disturbance Date From": "None",
        "Disturbance Date Occurred Before": "None",
        "Disturbance Date Occurred On ": "None",
        "Disturbance Date To ": "None",
        "EAMENA ID": "EAMENA-0087069",
        "Effect Certainty": "High",
        "Effect Type": "Collapse/Structural Damage",
        "Fetch Type": null,
        "GE Imagery Acquisition Date": null,
        "General Description": null,
        "General Description Type": null,
        "Geometry Extent Certainty": "",
        "Geometry Qualifier": "",
        "Google Earth Assessment": "None",
        "Grid ID": "E14N31-33",
        "Heritage Place Function": "Domestic, Defensive/Fortification, Agricultural/Pastoral",
        "Heritage Place Function Certainty ": "High, High, High",
        "Heritage Place Resource Instance": null,
        "Heritage Place Type": "Archaeological Site",
        "Imagery Acquisition Date": null,
        "Information Resource": null,
        "Information Resource Acquisition Date": null,
        "Intervention Activity Type": null,
        "Investigator Role Type": "",
        "Land Cover Assessment Date": null,
        "Land Cover Type": null,
        "Location Certainty": "Definite",
        "Material Class": null,
        "Material Type": null,
        "Maximum Depth/Min Elevation": null,
        "Measurement Number": null,
        "Measurement Source Type ": null,
        "Measurement Unit": null,
        "Minimum Depth/Max Elevation": null,
        "Name Type": "Toponym, Alternative Reference, Designation, Alternative Reference",
        "Overall Archaeological Certainty Value ": "Definite",
        "Overall Condition State Type": "Unknown",
        "Overall Site Morphology Type": "Positive/Built Feature",
        "Overall Site Shape Type": "Unknown",
        "Priority Type": null,
        "Recommendation Type": null,
        "Related Geoarchaeology/Palaeolandscape": null,
        "Resource Name": "Gasr Qaf-bouen, Md295-g?, E14N31-33_000062, BUL114",
        "Resource Orientation": "",
        "Restricted Access Record Designation": null,
        "SH Date From": null,
        "SH Date to": null,
        "Site Feature Arrangement Type": "Unknown",
        "Site Feature Form Type": "Structure",
        "Site Feature Form Type Certainty": "Definite",
        "Site Feature Interpretation Certainty": "High, High",
        "Site Feature Interpretation Number Type": "1, 1",
        "Site Feature Interpretation Type": "Settlement/Habitation Site, Farm Building",
        "Site Feature Number Type": "1",
        "Site Feature Shape Type": "Unknown",
        "Spatial Coordinates Ref System": "None",
        "Surficial Geology Type": null,
        "Threat Category": "Unknown",
        "Threat Cause Type": "Unknown",
        "Threat Inference Making Assessor Name - Actor": "None",
        "Threat Probability ": "Not Applicable",
        "Tidal Range": null,
        "Topography Type": null,
        "Wave Climate": null
      },
      "type": "Feature"
    },
    {
      "geometry": {
        "coordinates": [
          14.144693,
          31.841111
        ],
        "type": "Point"
      },
      "properties": {
        "AH Date From": null,
        "AH Date To": null,
        "Address": null,
        "Address Type": null,
        "Administrative Division ": null,
        "Administrative Division Type": null,
        "Archaeological From Date": null,
        "Archaeological To Date": null,
        "Assessment Activity Date": "2016-03-10",
        "Assessment Activity Type": "Desk-based",
        "Assessment Investigator - Actor": "Nichole Sheldrick",
        "BP Date From": null,
        "BP Date To": null,
        "Bedrock Geology Type": null,
        "Built Component": null,
        "Cadastral Reference": "None",
        "Construction Technique": null,
        "Country Type": "Libya",
        "Cultural Period Certainty": "Possible, Possible, Possible",
        "Cultural Period Type": "Classical/Protohistoric/Pre-Islamic (North Africa), Classical/Protohistoric/Pre-Islamic (North Africa), Classical/Protohistoric/Pre-Islamic (North Africa)",
        "Cultural Sub-period Certainty": "Possible, Possible, Possible",
        "Cultural Sub-period Type": "Roman Imperial, Late (North Africa), Byzantine (Maghreb), Vandal (Maghreb)",
        "Damage Extent Type": "Unknown",
        "Date Inference Making Actor Name": "None, None, None",
        "Datum Description/EPSG code": null,
        "Datum Type": null,
        "Depositional Process": null,
        "Designation": null,
        "Designation From Date": null,
        "Designation To Date": null,
        "Detailed Condition Assessments": null,
        "Dimension Type": null,
        "Disturbance Cause Assignment Assessor Name - Actor": "None",
        "Disturbance Cause Category Type": "Unknown",
        "Disturbance Cause Certainty ": "Not Applicable",
        "Disturbance Cause Type ": "Unknown",
        "Disturbance Date From": "None",
        "Disturbance Date Occurred Before": "None",
        "Disturbance Date Occurred On ": "None",
        "Disturbance Date To ": "None",
        "EAMENA ID": "EAMENA-0087072",
        "Effect Certainty": "High",
        "Effect Type": "Collapse/Structural Damage",
        "Fetch Type": null,
        "GE Imagery Acquisition Date": null,
        "General Description": null,
        "General Description Type": null,
        "Geometry Extent Certainty": "",
        "Geometry Qualifier": "",
        "Google Earth Assessment": "None",
        "Grid ID": "E14N31-33",
        "Heritage Place Function": "Domestic, Defensive/Fortification, Agricultural/Pastoral",
        "Heritage Place Function Certainty ": "High, High, High",
        "Heritage Place Resource Instance": null,
        "Heritage Place Type": "Archaeological Site",
        "Imagery Acquisition Date": null,
        "Information Resource": null,
        "Information Resource Acquisition Date": null,
        "Intervention Activity Type": null,
        "Investigator Role Type": "",
        "Land Cover Assessment Date": null,
        "Land Cover Type": null,
        "Location Certainty": "Definite",
        "Material Class": null,
        "Material Type": null,
        "Maximum Depth/Min Elevation": null,
        "Measurement Number": null,
        "Measurement Source Type ": null,
        "Measurement Unit": null,
        "Minimum Depth/Max Elevation": null,
        "Name Type": "Designation, Toponym, Alternative Reference, Alternative Reference",
        "Overall Archaeological Certainty Value ": "Definite",
        "Overall Condition State Type": "Good",
        "Overall Site Morphology Type": "Positive/Built Feature",
        "Overall Site Shape Type": "Rectangular/Square",
        "Priority Type": null,
        "Recommendation Type": null,
        "Related Geoarchaeology/Palaeolandscape": null,
        "Resource Name": "E14N31-33_000065, Gasr N'gsur, Md298-g?, BUL115",
        "Resource Orientation": "",
        "Restricted Access Record Designation": null,
        "SH Date From": null,
        "SH Date to": null,
        "Site Feature Arrangement Type": "Isolated",
        "Site Feature Form Type": "Structure",
        "Site Feature Form Type Certainty": "Definite",
        "Site Feature Interpretation Certainty": "High, High",
        "Site Feature Interpretation Number Type": "1, 1",
        "Site Feature Interpretation Type": "Settlement/Habitation Site, Farm Building",
        "Site Feature Number Type": "1",
        "Site Feature Shape Type": "Rectangular/Square",
        "Spatial Coordinates Ref System": "None",
        "Surficial Geology Type": null,
        "Threat Category": "",
        "Threat Cause Type": "No Visible/Known",
        "Threat Inference Making Assessor Name - Actor": "None",
        "Threat Probability ": "Not Applicable",
        "Tidal Range": null,
        "Topography Type": null,
        "Wave Climate": null
      },
      "type": "Feature"
    },
    {
      "geometry": {
        "coordinates": [
          13.976904,
          31.762762
        ],
        "type": "Point"
      },
      "properties": {
        "AH Date From": null,
        "AH Date To": null,
        "Address": null,
        "Address Type": null,
        "Administrative Division ": null,
        "Administrative Division Type": null,
        "Archaeological From Date": null,
        "Archaeological To Date": null,
        "Assessment Activity Date": "2019-08-16, 2019-07-17",
        "Assessment Activity Type": "Condition Assessment (Image Interpretation), Literature Interpretation/Digitisation",
        "Assessment Investigator - Actor": "Nichole Sheldrick, Nichole Sheldrick",
        "BP Date From": null,
        "BP Date To": null,
        "Bedrock Geology Type": null,
        "Built Component": null,
        "Cadastral Reference": "None",
        "Construction Technique": null,
        "Country Type": "Libya",
        "Cultural Period Certainty": "Definite, Probable",
        "Cultural Period Type": "Contemporary Islamic (MENA), Islamic (North Africa)",
        "Cultural Sub-period Certainty": "Definite, Probable",
        "Cultural Sub-period Type": "Unknown, Unknown",
        "Damage Extent Type": "No Visible/Known",
        "Date Inference Making Actor Name": "UNESCO Libyan Valleys Survey Gazetteer, UNESCO Libyan Valleys Survey Gazetteer",
        "Datum Description/EPSG code": null,
        "Datum Type": null,
        "Depositional Process": null,
        "Designation": null,
        "Designation From Date": null,
        "Designation To Date": null,
        "Detailed Condition Assessments": null,
        "Dimension Type": null,
        "Disturbance Cause Assignment Assessor Name - Actor": "Nichole Sheldrick",
        "Disturbance Cause Category Type": "Not Applicable",
        "Disturbance Cause Certainty ": "Not Applicable",
        "Disturbance Cause Type ": "No Visible/Known",
        "Disturbance Date From": "2004-08-27",
        "Disturbance Date Occurred Before": "None",
        "Disturbance Date Occurred On ": "None",
        "Disturbance Date To ": "2019-04-16",
        "EAMENA ID": "EAMENA-0189593",
        "Effect Certainty": "Not Applicable",
        "Effect Type": "Not Applicable",
        "Fetch Type": null,
        "GE Imagery Acquisition Date": null,
        "General Description": null,
        "General Description Type": null,
        "Geometry Extent Certainty": "Negligible",
        "Geometry Qualifier": "",
        "Google Earth Assessment": "None, None",
        "Grid ID": "E13N31-44",
        "Heritage Place Function": "Defensive/Fortification, Agricultural/Pastoral",
        "Heritage Place Function Certainty ": "High, High",
        "Heritage Place Resource Instance": null,
        "Heritage Place Type": "Structural Heritage",
        "Imagery Acquisition Date": null,
        "Information Resource": null,
        "Information Resource Acquisition Date": null,
        "Intervention Activity Type": null,
        "Investigator Role Type": "EAMENA Project Staff, EAMENA Project Staff",
        "Land Cover Assessment Date": null,
        "Land Cover Type": null,
        "Location Certainty": "Medium",
        "Material Class": null,
        "Material Type": null,
        "Maximum Depth/Min Elevation": null,
        "Measurement Number": null,
        "Measurement Source Type ": null,
        "Measurement Unit": null,
        "Minimum Depth/Max Elevation": null,
        "Name Type": "Alternative Reference, Alternative Reference, Alternative Reference, Toponym, Alternative Reference",
        "Overall Archaeological Certainty Value ": "Definite",
        "Overall Condition State Type": "Good",
        "Overall Site Morphology Type": "Positive/Built Feature",
        "Overall Site Shape Type": "Irregular",
        "Priority Type": null,
        "Recommendation Type": null,
        "Related Geoarchaeology/Palaeolandscape": null,
        "Resource Name": "BUW005, BUW 00005, BUW5, Menasla, BUL124",
        "Resource Orientation": "",
        "Restricted Access Record Designation": null,
        "SH Date From": null,
        "SH Date to": null,
        "Site Feature Arrangement Type": "Clustered, Discrete",
        "Site Feature Form Type": "Structure, Structure",
        "Site Feature Form Type Certainty": "High, High",
        "Site Feature Interpretation Certainty": "High, High",
        "Site Feature Interpretation Number Type": "1, 2 to 5",
        "Site Feature Interpretation Type": "Building, Building/Enclosure",
        "Site Feature Number Type": "2 to 5, 1",
        "Site Feature Shape Type": "Irregular, Rectangular/Square",
        "Spatial Coordinates Ref System": "None",
        "Surficial Geology Type": null,
        "Threat Category": "Natural",
        "Threat Cause Type": "Water and/or Wind Action",
        "Threat Inference Making Assessor Name - Actor": "Nichole Sheldrick",
        "Threat Probability ": "Possible",
        "Tidal Range": null,
        "Topography Type": "Plain/Plateau, Precipice/Edge",
        "Wave Climate": null
      },
      "type": "Feature"
    },
    {
      "geometry": {
        "coordinates": [
          14.005618,
          31.760579
        ],
        "type": "Point"
      },
      "properties": {
        "AH Date From": null,
        "AH Date To": null,
        "Address": null,
        "Address Type": null,
        "Administrative Division ": null,
        "Administrative Division Type": null,
        "Archaeological From Date": null,
        "Archaeological To Date": null,
        "Assessment Activity Date": "2019-07-17, 2019-08-16",
        "Assessment Activity Type": "Literature Interpretation/Digitisation, Condition Assessment (Image Interpretation)",
        "Assessment Investigator - Actor": "Nichole Sheldrick, Nichole Sheldrick",
        "BP Date From": null,
        "BP Date To": null,
        "Bedrock Geology Type": null,
        "Built Component": null,
        "Cadastral Reference": "None",
        "Construction Technique": null,
        "Country Type": "Libya",
        "Cultural Period Certainty": "Definite, Probable",
        "Cultural Period Type": "Contemporary Islamic (MENA), Islamic (North Africa)",
        "Cultural Sub-period Certainty": "Definite, Probable",
        "Cultural Sub-period Type": "Unknown, Unknown",
        "Damage Extent Type": "Unknown",
        "Date Inference Making Actor Name": "UNESCO Libyan Valleys Survey Gazetteer, UNESCO Libyan Valleys Survey Gazetteer",
        "Datum Description/EPSG code": null,
        "Datum Type": null,
        "Depositional Process": null,
        "Designation": null,
        "Designation From Date": null,
        "Designation To Date": null,
        "Detailed Condition Assessments": null,
        "Dimension Type": null,
        "Disturbance Cause Assignment Assessor Name - Actor": "Nichole Sheldrick",
        "Disturbance Cause Category Type": "Unknown",
        "Disturbance Cause Certainty ": "Not Applicable",
        "Disturbance Cause Type ": "Unknown",
        "Disturbance Date From": "None",
        "Disturbance Date Occurred Before": "None",
        "Disturbance Date Occurred On ": "None",
        "Disturbance Date To ": "None",
        "EAMENA ID": "EAMENA-0189571",
        "Effect Certainty": "Not Applicable",
        "Effect Type": "Unknown",
        "Fetch Type": null,
        "GE Imagery Acquisition Date": null,
        "General Description": null,
        "General Description Type": null,
        "Geometry Extent Certainty": "Negligible",
        "Geometry Qualifier": "",
        "Google Earth Assessment": "None, None",
        "Grid ID": "E14N31-33",
        "Heritage Place Function": "Domestic",
        "Heritage Place Function Certainty ": "Definite",
        "Heritage Place Resource Instance": null,
        "Heritage Place Type": "Structural Heritage",
        "Imagery Acquisition Date": null,
        "Information Resource": null,
        "Information Resource Acquisition Date": null,
        "Intervention Activity Type": null,
        "Investigator Role Type": "EAMENA Project Staff, EAMENA Project Staff",
        "Land Cover Assessment Date": null,
        "Land Cover Type": null,
        "Location Certainty": "Low",
        "Material Class": null,
        "Material Type": null,
        "Maximum Depth/Min Elevation": null,
        "Measurement Number": null,
        "Measurement Source Type ": null,
        "Measurement Unit": null,
        "Minimum Depth/Max Elevation": null,
        "Name Type": "Alternative Reference, Alternative Reference, Alternative Reference, Toponym, Alternative Reference",
        "Overall Archaeological Certainty Value ": "Definite",
        "Overall Condition State Type": "Unknown",
        "Overall Site Morphology Type": "Positive/Built Feature",
        "Overall Site Shape Type": "Irregular",
        "Priority Type": null,
        "Recommendation Type": null,
        "Related Geoarchaeology/Palaeolandscape": null,
        "Resource Name": "BUW002, BUW 00002, BUW2, Senad, BUL121",
        "Resource Orientation": "",
        "Restricted Access Record Designation": null,
        "SH Date From": null,
        "SH Date to": null,
        "Site Feature Arrangement Type": "Multiple",
        "Site Feature Form Type": "Structure",
        "Site Feature Form Type Certainty": "Definite",
        "Site Feature Interpretation Certainty": "Definite",
        "Site Feature Interpretation Number Type": "1",
        "Site Feature Interpretation Type": "Settlement/Habitation Site",
        "Site Feature Number Type": "Unknown",
        "Site Feature Shape Type": "Multiple",
        "Spatial Coordinates Ref System": "None",
        "Surficial Geology Type": null,
        "Threat Category": "Natural, Building and Development",
        "Threat Cause Type": "Water and/or Wind Action, Unknown",
        "Threat Inference Making Assessor Name - Actor": "Nichole Sheldrick, Nichole Sheldrick",
        "Threat Probability ": "Possible, Possible",
        "Tidal Range": null,
        "Topography Type": "Plain/Plateau, Precipice/Edge",
        "Wave Climate": null
      },
      "type": "Feature"
    },
    {
      "geometry": {
        "coordinates": [
          14.008766,
          31.760779
        ],
        "type": "Point"
      },
      "properties": {
        "AH Date From": null,
        "AH Date To": null,
        "Address": null,
        "Address Type": null,
        "Administrative Division ": null,
        "Administrative Division Type": null,
        "Archaeological From Date": null,
        "Archaeological To Date": null,
        "Assessment Activity Date": "2019-07-17, 2019-08-16",
        "Assessment Activity Type": "Literature Interpretation/Digitisation, Condition Assessment (Image Interpretation)",
        "Assessment Investigator - Actor": "Nichole Sheldrick, Nichole Sheldrick",
        "BP Date From": null,
        "BP Date To": null,
        "Bedrock Geology Type": null,
        "Built Component": null,
        "Cadastral Reference": "None",
        "Construction Technique": null,
        "Country Type": "Libya",
        "Cultural Period Certainty": "Possible",
        "Cultural Period Type": "Islamic (North Africa)",
        "Cultural Sub-period Certainty": "Possible",
        "Cultural Sub-period Type": "Unknown",
        "Damage Extent Type": "Unknown",
        "Date Inference Making Actor Name": "UNESCO Libyan Valleys Survey Gazetteer",
        "Datum Description/EPSG code": null,
        "Datum Type": null,
        "Depositional Process": null,
        "Designation": null,
        "Designation From Date": null,
        "Designation To Date": null,
        "Detailed Condition Assessments": null,
        "Dimension Type": null,
        "Disturbance Cause Assignment Assessor Name - Actor": "Nichole Sheldrick",
        "Disturbance Cause Category Type": "Unknown",
        "Disturbance Cause Certainty ": "Not Applicable",
        "Disturbance Cause Type ": "Unknown",
        "Disturbance Date From": "None",
        "Disturbance Date Occurred Before": "None",
        "Disturbance Date Occurred On ": "None",
        "Disturbance Date To ": "None",
        "EAMENA ID": "EAMENA-0189560",
        "Effect Certainty": "Not Applicable",
        "Effect Type": "Unknown",
        "Fetch Type": null,
        "GE Imagery Acquisition Date": null,
        "General Description": null,
        "General Description Type": null,
        "Geometry Extent Certainty": "Negligible",
        "Geometry Qualifier": "",
        "Google Earth Assessment": "None, None",
        "Grid ID": "E14N31-33",
        "Heritage Place Function": "Domestic",
        "Heritage Place Function Certainty ": "Definite",
        "Heritage Place Resource Instance": null,
        "Heritage Place Type": "Structural Heritage",
        "Imagery Acquisition Date": null,
        "Information Resource": null,
        "Information Resource Acquisition Date": null,
        "Intervention Activity Type": null,
        "Investigator Role Type": "EAMENA Project Staff, EAMENA Project Staff",
        "Land Cover Assessment Date": null,
        "Land Cover Type": null,
        "Location Certainty": "Medium",
        "Material Class": null,
        "Material Type": null,
        "Maximum Depth/Min Elevation": null,
        "Measurement Number": null,
        "Measurement Source Type ": null,
        "Measurement Unit": null,
        "Minimum Depth/Max Elevation": null,
        "Name Type": "Alternative Reference, Alternative Reference, Alternative Reference, Toponym, Alternative Reference",
        "Overall Archaeological Certainty Value ": "Definite",
        "Overall Condition State Type": "Unknown",
        "Overall Site Morphology Type": "Positive/Built Feature",
        "Overall Site Shape Type": "Irregular",
        "Priority Type": null,
        "Recommendation Type": null,
        "Related Geoarchaeology/Palaeolandscape": null,
        "Resource Name": "BUW001, BUW 00001, BUW1, Helma, BUL120",
        "Resource Orientation": "",
        "Restricted Access Record Designation": null,
        "SH Date From": null,
        "SH Date to": null,
        "Site Feature Arrangement Type": "Multiple",
        "Site Feature Form Type": "Structure",
        "Site Feature Form Type Certainty": "Definite",
        "Site Feature Interpretation Certainty": "Definite",
        "Site Feature Interpretation Number Type": "1",
        "Site Feature Interpretation Type": "Settlement/Habitation Site",
        "Site Feature Number Type": "Unknown",
        "Site Feature Shape Type": "Multiple",
        "Spatial Coordinates Ref System": "None",
        "Surficial Geology Type": null,
        "Threat Category": "Building and Development, Natural",
        "Threat Cause Type": "Unknown, Water and/or Wind Action",
        "Threat Inference Making Assessor Name - Actor": "Nichole Sheldrick, Nichole Sheldrick",
        "Threat Probability ": "Possible, Possible",
        "Tidal Range": null,
        "Topography Type": "Plain/Plateau, Precipice/Edge",
        "Wave Climate": null
      },
      "type": "Feature"
    },
    {
      "geometry": {
        "coordinates": [
          14.000512,
          31.766741
        ],
        "type": "Point"
      },
      "properties": {
        "AH Date From": null,
        "AH Date To": null,
        "Address": null,
        "Address Type": null,
        "Administrative Division ": null,
        "Administrative Division Type": null,
        "Archaeological From Date": null,
        "Archaeological To Date": null,
        "Assessment Activity Date": "2019-07-17, 2019-08-16",
        "Assessment Activity Type": "Literature Interpretation/Digitisation, Condition Assessment (Image Interpretation)",
        "Assessment Investigator - Actor": "Nichole Sheldrick, Nichole Sheldrick",
        "BP Date From": null,
        "BP Date To": null,
        "Bedrock Geology Type": null,
        "Built Component": null,
        "Cadastral Reference": "None",
        "Construction Technique": null,
        "Country Type": "Libya",
        "Cultural Period Certainty": "Possible",
        "Cultural Period Type": "Islamic (North Africa)",
        "Cultural Sub-period Certainty": "Possible",
        "Cultural Sub-period Type": "Unknown",
        "Damage Extent Type": "Unknown",
        "Date Inference Making Actor Name": "UNESCO Libyan Valleys Survey Gazetteer",
        "Datum Description/EPSG code": null,
        "Datum Type": null,
        "Depositional Process": null,
        "Designation": null,
        "Designation From Date": null,
        "Designation To Date": null,
        "Detailed Condition Assessments": null,
        "Dimension Type": null,
        "Disturbance Cause Assignment Assessor Name - Actor": "Nichole Sheldrick",
        "Disturbance Cause Category Type": "Unknown",
        "Disturbance Cause Certainty ": "Not Applicable",
        "Disturbance Cause Type ": "Unknown",
        "Disturbance Date From": "None",
        "Disturbance Date Occurred Before": "None",
        "Disturbance Date Occurred On ": "None",
        "Disturbance Date To ": "None",
        "EAMENA ID": "EAMENA-0189604",
        "Effect Certainty": "Not Applicable",
        "Effect Type": "Unknown",
        "Fetch Type": null,
        "GE Imagery Acquisition Date": null,
        "General Description": null,
        "General Description Type": null,
        "Geometry Extent Certainty": "Negligible",
        "Geometry Qualifier": "",
        "Google Earth Assessment": "None, None",
        "Grid ID": "E14N31-33",
        "Heritage Place Function": "Domestic",
        "Heritage Place Function Certainty ": "Definite",
        "Heritage Place Resource Instance": null,
        "Heritage Place Type": "Structural Heritage",
        "Imagery Acquisition Date": null,
        "Information Resource": null,
        "Information Resource Acquisition Date": null,
        "Intervention Activity Type": null,
        "Investigator Role Type": "EAMENA Project Staff, EAMENA Project Staff",
        "Land Cover Assessment Date": null,
        "Land Cover Type": null,
        "Location Certainty": "Medium",
        "Material Class": null,
        "Material Type": null,
        "Maximum Depth/Min Elevation": null,
        "Measurement Number": null,
        "Measurement Source Type ": null,
        "Measurement Unit": null,
        "Minimum Depth/Max Elevation": null,
        "Name Type": "Alternative Reference, Alternative Reference, Alternative Reference, Toponym, Alternative Reference",
        "Overall Archaeological Certainty Value ": "Definite",
        "Overall Condition State Type": "Unknown",
        "Overall Site Morphology Type": "Positive/Built Feature",
        "Overall Site Shape Type": "Irregular",
        "Priority Type": null,
        "Recommendation Type": null,
        "Related Geoarchaeology/Palaeolandscape": null,
        "Resource Name": "BUW003, BUW 00003, BUW3, Sabaya, BUL122",
        "Resource Orientation": "",
        "Restricted Access Record Designation": null,
        "SH Date From": null,
        "SH Date to": null,
        "Site Feature Arrangement Type": "Unknown",
        "Site Feature Form Type": "Structure",
        "Site Feature Form Type Certainty": "Definite",
        "Site Feature Interpretation Certainty": "Definite",
        "Site Feature Interpretation Number Type": "1",
        "Site Feature Interpretation Type": "Settlement/Habitation Site",
        "Site Feature Number Type": "Unknown",
        "Site Feature Shape Type": "Unknown",
        "Spatial Coordinates Ref System": "None",
        "Surficial Geology Type": null,
        "Threat Category": "Building and Development, Natural",
        "Threat Cause Type": "Unknown, Water and/or Wind Action",
        "Threat Inference Making Assessor Name - Actor": "Nichole Sheldrick, Nichole Sheldrick",
        "Threat Probability ": "Possible, Possible",
        "Tidal Range": null,
        "Topography Type": "Plain/Plateau, Precipice/Edge",
        "Wave Climate": null
      },
      "type": "Feature"
    },
    {
      "geometry": {
        "coordinates": [
          13.994246,
          31.765705
        ],
        "type": "Point"
      },
      "properties": {
        "AH Date From": null,
        "AH Date To": null,
        "Address": null,
        "Address Type": null,
        "Administrative Division ": null,
        "Administrative Division Type": null,
        "Archaeological From Date": null,
        "Archaeological To Date": null,
        "Assessment Activity Date": "2019-08-16, 2019-07-17",
        "Assessment Activity Type": "Condition Assessment (Image Interpretation), Literature Interpretation/Digitisation",
        "Assessment Investigator - Actor": "Nichole Sheldrick, Nichole Sheldrick",
        "BP Date From": null,
        "BP Date To": null,
        "Bedrock Geology Type": null,
        "Built Component": null,
        "Cadastral Reference": "None",
        "Construction Technique": null,
        "Country Type": "Libya",
        "Cultural Period Certainty": "Possible",
        "Cultural Period Type": "Islamic (North Africa)",
        "Cultural Sub-period Certainty": "Possible",
        "Cultural Sub-period Type": "Unknown",
        "Damage Extent Type": "Unknown",
        "Date Inference Making Actor Name": "UNESCO Libyan Valleys Survey Gazetteer",
        "Datum Description/EPSG code": null,
        "Datum Type": null,
        "Depositional Process": null,
        "Designation": null,
        "Designation From Date": null,
        "Designation To Date": null,
        "Detailed Condition Assessments": null,
        "Dimension Type": null,
        "Disturbance Cause Assignment Assessor Name - Actor": "Nichole Sheldrick",
        "Disturbance Cause Category Type": "Unknown",
        "Disturbance Cause Certainty ": "Not Applicable",
        "Disturbance Cause Type ": "Unknown",
        "Disturbance Date From": "None",
        "Disturbance Date Occurred Before": "None",
        "Disturbance Date Occurred On ": "None",
        "Disturbance Date To ": "None",
        "EAMENA ID": "EAMENA-0189582",
        "Effect Certainty": "Not Applicable",
        "Effect Type": "Unknown",
        "Fetch Type": null,
        "GE Imagery Acquisition Date": null,
        "General Description": null,
        "General Description Type": null,
        "Geometry Extent Certainty": "Negligible",
        "Geometry Qualifier": "",
        "Google Earth Assessment": "None, None",
        "Grid ID": "E14N31-33",
        "Heritage Place Function": "Domestic",
        "Heritage Place Function Certainty ": "Definite",
        "Heritage Place Resource Instance": null,
        "Heritage Place Type": "Structural Heritage",
        "Imagery Acquisition Date": null,
        "Information Resource": null,
        "Information Resource Acquisition Date": null,
        "Intervention Activity Type": null,
        "Investigator Role Type": "EAMENA Project Staff, EAMENA Project Staff",
        "Land Cover Assessment Date": null,
        "Land Cover Type": null,
        "Location Certainty": "Medium",
        "Material Class": null,
        "Material Type": null,
        "Maximum Depth/Min Elevation": null,
        "Measurement Number": null,
        "Measurement Source Type ": null,
        "Measurement Unit": null,
        "Minimum Depth/Max Elevation": null,
        "Name Type": "Alternative Reference, Alternative Reference, Alternative Reference, Toponym, Alternative Reference",
        "Overall Archaeological Certainty Value ": "Definite",
        "Overall Condition State Type": "Unknown",
        "Overall Site Morphology Type": "Positive/Built Feature",
        "Overall Site Shape Type": "Irregular",
        "Priority Type": null,
        "Recommendation Type": null,
        "Related Geoarchaeology/Palaeolandscape": null,
        "Resource Name": "BUW004, BUW 00004, BUW4, Duwyira, BUL123",
        "Resource Orientation": "",
        "Restricted Access Record Designation": null,
        "SH Date From": null,
        "SH Date to": null,
        "Site Feature Arrangement Type": "Multiple",
        "Site Feature Form Type": "Structure",
        "Site Feature Form Type Certainty": "Definite",
        "Site Feature Interpretation Certainty": "Definite",
        "Site Feature Interpretation Number Type": "1",
        "Site Feature Interpretation Type": "Settlement/Habitation Site",
        "Site Feature Number Type": "Unknown",
        "Site Feature Shape Type": "Multiple",
        "Spatial Coordinates Ref System": "None",
        "Surficial Geology Type": null,
        "Threat Category": "Building and Development, Natural",
        "Threat Cause Type": "Unknown, Water and/or Wind Action",
        "Threat Inference Making Assessor Name - Actor": "Nichole Sheldrick, Nichole Sheldrick",
        "Threat Probability ": "Possible, Possible",
        "Tidal Range": null,
        "Topography Type": "Plain/Plateau, Precipice/Edge",
        "Wave Climate": null
      },
      "type": "Feature"
    },
    {
      "geometry": {
        "coordinates": [
          13.981695,
          31.80218
        ],
        "type": "Point"
      },
      "properties": {
        "AH Date From": null,
        "AH Date To": null,
        "Address": null,
        "Address Type": null,
        "Administrative Division ": null,
        "Administrative Division Type": null,
        "Archaeological From Date": null,
        "Archaeological To Date": null,
        "Assessment Activity Date": "2016-03-10",
        "Assessment Activity Type": "Desk-based",
        "Assessment Investigator - Actor": "Nichole Sheldrick",
        "BP Date From": null,
        "BP Date To": null,
        "Bedrock Geology Type": null,
        "Built Component": null,
        "Cadastral Reference": "None",
        "Construction Technique": null,
        "Country Type": "Libya",
        "Cultural Period Certainty": "Possible, Possible, Possible",
        "Cultural Period Type": "Classical/Protohistoric/Pre-Islamic (North Africa), Classical/Protohistoric/Pre-Islamic (North Africa), Classical/Protohistoric/Pre-Islamic (North Africa)",
        "Cultural Sub-period Certainty": "Possible, Possible, Possible",
        "Cultural Sub-period Type": "Vandal (Maghreb), Byzantine (Maghreb), Roman Imperial, Late (North Africa)",
        "Damage Extent Type": "Unknown",
        "Date Inference Making Actor Name": "None, None, None",
        "Datum Description/EPSG code": null,
        "Datum Type": null,
        "Depositional Process": null,
        "Designation": null,
        "Designation From Date": null,
        "Designation To Date": null,
        "Detailed Condition Assessments": null,
        "Dimension Type": null,
        "Disturbance Cause Assignment Assessor Name - Actor": "None",
        "Disturbance Cause Category Type": "Unknown",
        "Disturbance Cause Certainty ": "Not Applicable",
        "Disturbance Cause Type ": "Unknown",
        "Disturbance Date From": "None",
        "Disturbance Date Occurred Before": "None",
        "Disturbance Date Occurred On ": "None",
        "Disturbance Date To ": "None",
        "EAMENA ID": "EAMENA-0086734",
        "Effect Certainty": "High",
        "Effect Type": "Collapse/Structural Damage",
        "Fetch Type": null,
        "GE Imagery Acquisition Date": null,
        "General Description": null,
        "General Description Type": null,
        "Geometry Extent Certainty": "",
        "Geometry Qualifier": "",
        "Google Earth Assessment": "None",
        "Grid ID": "E13N31-44",
        "Heritage Place Function": "Agricultural/Pastoral, Defensive/Fortification, Domestic",
        "Heritage Place Function Certainty ": "High, High, High",
        "Heritage Place Resource Instance": null,
        "Heritage Place Type": "Archaeological Site",
        "Imagery Acquisition Date": null,
        "Information Resource": null,
        "Information Resource Acquisition Date": null,
        "Intervention Activity Type": null,
        "Investigator Role Type": "",
        "Land Cover Assessment Date": null,
        "Land Cover Type": null,
        "Location Certainty": "Definite",
        "Material Class": null,
        "Material Type": null,
        "Maximum Depth/Min Elevation": null,
        "Measurement Number": null,
        "Measurement Source Type ": null,
        "Measurement Unit": null,
        "Minimum Depth/Max Elevation": null,
        "Name Type": "Alternative Reference, Designation, Alternative Reference",
        "Overall Archaeological Certainty Value ": "Definite",
        "Overall Condition State Type": "Good",
        "Overall Site Morphology Type": "Positive/Built Feature",
        "Overall Site Shape Type": "Irregular",
        "Priority Type": null,
        "Recommendation Type": null,
        "Related Geoarchaeology/Palaeolandscape": null,
        "Resource Name": "BUN001-g, E13N31-44_000008, BUL118",
        "Resource Orientation": "",
        "Restricted Access Record Designation": null,
        "SH Date From": null,
        "SH Date to": null,
        "Site Feature Arrangement Type": "Adjoining, Discrete",
        "Site Feature Form Type": "Structure, Tower",
        "Site Feature Form Type Certainty": "High, Definite",
        "Site Feature Interpretation Certainty": "High, High, High",
        "Site Feature Interpretation Number Type": "1, 1, Unknown",
        "Site Feature Interpretation Type": "Farm Building, Settlement/Habitation Site, Building/Enclosure",
        "Site Feature Number Type": "Unknown, 1",
        "Site Feature Shape Type": "Rectilinear, Rectangular/Square",
        "Spatial Coordinates Ref System": "None",
        "Surficial Geology Type": null,
        "Threat Category": "",
        "Threat Cause Type": "No Visible/Known",
        "Threat Inference Making Assessor Name - Actor": "None",
        "Threat Probability ": "Not Applicable",
        "Tidal Range": null,
        "Topography Type": null,
        "Wave Climate": null
      },
      "type": "Feature"
    },
    {
      "geometry": {
        "coordinates": [
          14.142294,
          31.841298
        ],
        "type": "Point"
      },
      "properties": {
        "AH Date From": null,
        "AH Date To": null,
        "Address": null,
        "Address Type": null,
        "Administrative Division ": null,
        "Administrative Division Type": null,
        "Archaeological From Date": null,
        "Archaeological To Date": null,
        "Assessment Activity Date": "2016-03-10",
        "Assessment Activity Type": "Desk-based",
        "Assessment Investigator - Actor": "Nichole Sheldrick",
        "BP Date From": null,
        "BP Date To": null,
        "Bedrock Geology Type": null,
        "Built Component": null,
        "Cadastral Reference": "None",
        "Construction Technique": null,
        "Country Type": "Libya",
        "Cultural Period Certainty": "Possible, Possible, Possible",
        "Cultural Period Type": "Classical/Protohistoric/Pre-Islamic (North Africa), Classical/Protohistoric/Pre-Islamic (North Africa), Classical/Protohistoric/Pre-Islamic (North Africa)",
        "Cultural Sub-period Certainty": "Possible, Possible, Possible",
        "Cultural Sub-period Type": "Roman Imperial, Late (North Africa), Byzantine (Maghreb), Vandal (Maghreb)",
        "Damage Extent Type": "Unknown",
        "Date Inference Making Actor Name": "None, None, None",
        "Datum Description/EPSG code": null,
        "Datum Type": null,
        "Depositional Process": null,
        "Designation": null,
        "Designation From Date": null,
        "Designation To Date": null,
        "Detailed Condition Assessments": null,
        "Dimension Type": null,
        "Disturbance Cause Assignment Assessor Name - Actor": "None",
        "Disturbance Cause Category Type": "Unknown",
        "Disturbance Cause Certainty ": "Not Applicable",
        "Disturbance Cause Type ": "Unknown",
        "Disturbance Date From": "None",
        "Disturbance Date Occurred Before": "None",
        "Disturbance Date Occurred On ": "None",
        "Disturbance Date To ": "None",
        "EAMENA ID": "EAMENA-0087071",
        "Effect Certainty": "High",
        "Effect Type": "Collapse/Structural Damage",
        "Fetch Type": null,
        "GE Imagery Acquisition Date": null,
        "General Description": null,
        "General Description Type": null,
        "Geometry Extent Certainty": "",
        "Geometry Qualifier": "",
        "Google Earth Assessment": "None",
        "Grid ID": "E14N31-33",
        "Heritage Place Function": "Domestic, Defensive/Fortification, Agricultural/Pastoral",
        "Heritage Place Function Certainty ": "High, High, High",
        "Heritage Place Resource Instance": null,
        "Heritage Place Type": "Archaeological Site",
        "Imagery Acquisition Date": null,
        "Information Resource": null,
        "Information Resource Acquisition Date": null,
        "Intervention Activity Type": null,
        "Investigator Role Type": "",
        "Land Cover Assessment Date": null,
        "Land Cover Type": null,
        "Location Certainty": "Definite",
        "Material Class": null,
        "Material Type": null,
        "Maximum Depth/Min Elevation": null,
        "Measurement Number": null,
        "Measurement Source Type ": null,
        "Measurement Unit": null,
        "Minimum Depth/Max Elevation": null,
        "Name Type": "Toponym, Alternative Reference, Designation, Alternative Reference",
        "Overall Archaeological Certainty Value ": "Definite",
        "Overall Condition State Type": "Good",
        "Overall Site Morphology Type": "Positive/Built Feature",
        "Overall Site Shape Type": "Unknown",
        "Priority Type": null,
        "Recommendation Type": null,
        "Related Geoarchaeology/Palaeolandscape": null,
        "Resource Name": "Gasr N'gsur, Md297-g?, E14N31-33_000064, BUL116",
        "Resource Orientation": "",
        "Restricted Access Record Designation": null,
        "SH Date From": null,
        "SH Date to": null,
        "Site Feature Arrangement Type": "Isolated",
        "Site Feature Form Type": "Structure",
        "Site Feature Form Type Certainty": "Definite",
        "Site Feature Interpretation Certainty": "High, High",
        "Site Feature Interpretation Number Type": "1, 1",
        "Site Feature Interpretation Type": "Farm Building, Settlement/Habitation Site",
        "Site Feature Number Type": "1",
        "Site Feature Shape Type": "Rectangular/Square",
        "Spatial Coordinates Ref System": "None",
        "Surficial Geology Type": null,
        "Threat Category": "Unknown",
        "Threat Cause Type": "Unknown",
        "Threat Inference Making Assessor Name - Actor": "None",
        "Threat Probability ": "Not Applicable",
        "Tidal Range": null,
        "Topography Type": null,
        "Wave Climate": null
      },
      "type": "Feature"
    },
    {
      "geometry": {
        "coordinates": [
          14.139173,
          31.841276
        ],
        "type": "Point"
      },
      "properties": {
        "AH Date From": null,
        "AH Date To": null,
        "Address": null,
        "Address Type": null,
        "Administrative Division ": null,
        "Administrative Division Type": null,
        "Archaeological From Date": null,
        "Archaeological To Date": null,
        "Assessment Activity Date": "2016-03-10",
        "Assessment Activity Type": "Desk-based",
        "Assessment Investigator - Actor": "Nichole Sheldrick",
        "BP Date From": null,
        "BP Date To": null,
        "Bedrock Geology Type": null,
        "Built Component": null,
        "Cadastral Reference": "None",
        "Construction Technique": null,
        "Country Type": "Libya",
        "Cultural Period Certainty": "Possible, Possible, Possible",
        "Cultural Period Type": "Classical/Protohistoric/Pre-Islamic (North Africa), Classical/Protohistoric/Pre-Islamic (North Africa), Classical/Protohistoric/Pre-Islamic (North Africa)",
        "Cultural Sub-period Certainty": "Possible, Possible, Possible",
        "Cultural Sub-period Type": "Roman Imperial, Late (North Africa), Byzantine (Maghreb), Vandal (Maghreb)",
        "Damage Extent Type": "Unknown",
        "Date Inference Making Actor Name": "None, None, None",
        "Datum Description/EPSG code": null,
        "Datum Type": null,
        "Depositional Process": null,
        "Designation": null,
        "Designation From Date": null,
        "Designation To Date": null,
        "Detailed Condition Assessments": null,
        "Dimension Type": null,
        "Disturbance Cause Assignment Assessor Name - Actor": "None",
        "Disturbance Cause Category Type": "Unknown",
        "Disturbance Cause Certainty ": "Not Applicable",
        "Disturbance Cause Type ": "Unknown",
        "Disturbance Date From": "None",
        "Disturbance Date Occurred Before": "None",
        "Disturbance Date Occurred On ": "None",
        "Disturbance Date To ": "None",
        "EAMENA ID": "EAMENA-0087070",
        "Effect Certainty": "High",
        "Effect Type": "Collapse/Structural Damage",
        "Fetch Type": null,
        "GE Imagery Acquisition Date": null,
        "General Description": null,
        "General Description Type": null,
        "Geometry Extent Certainty": "",
        "Geometry Qualifier": "",
        "Google Earth Assessment": "None",
        "Grid ID": "E14N31-33",
        "Heritage Place Function": "Domestic, Defensive/Fortification, Agricultural/Pastoral",
        "Heritage Place Function Certainty ": "High, High, High",
        "Heritage Place Resource Instance": null,
        "Heritage Place Type": "Archaeological Site",
        "Imagery Acquisition Date": null,
        "Information Resource": null,
        "Information Resource Acquisition Date": null,
        "Intervention Activity Type": null,
        "Investigator Role Type": "",
        "Land Cover Assessment Date": null,
        "Land Cover Type": null,
        "Location Certainty": "Definite",
        "Material Class": null,
        "Material Type": null,
        "Maximum Depth/Min Elevation": null,
        "Measurement Number": null,
        "Measurement Source Type ": null,
        "Measurement Unit": null,
        "Minimum Depth/Max Elevation": null,
        "Name Type": "Toponym, Alternative Reference, Designation, Alternative Reference",
        "Overall Archaeological Certainty Value ": "Definite",
        "Overall Condition State Type": "Fair",
        "Overall Site Morphology Type": "Positive/Built Feature",
        "Overall Site Shape Type": "Irregular",
        "Priority Type": null,
        "Recommendation Type": null,
        "Related Geoarchaeology/Palaeolandscape": null,
        "Resource Name": "Gasr N'gsur, Md296-g?, E14N31-33_000063, BUL117",
        "Resource Orientation": "",
        "Restricted Access Record Designation": null,
        "SH Date From": null,
        "SH Date to": null,
        "Site Feature Arrangement Type": "Discrete",
        "Site Feature Form Type": "Structure",
        "Site Feature Form Type Certainty": "Definite",
        "Site Feature Interpretation Certainty": "High, High",
        "Site Feature Interpretation Number Type": "1, 1",
        "Site Feature Interpretation Type": "Settlement/Habitation Site, Farm Building",
        "Site Feature Number Type": "1",
        "Site Feature Shape Type": "Rectangular/Square",
        "Spatial Coordinates Ref System": "None",
        "Surficial Geology Type": null,
        "Threat Category": "Unknown",
        "Threat Cause Type": "Unknown",
        "Threat Inference Making Assessor Name - Actor": "None",
        "Threat Probability ": "Not Applicable",
        "Tidal Range": null,
        "Topography Type": null,
        "Wave Climate": null
      },
      "type": "Feature"
    },
    {
      "geometry": {
        "coordinates": [
          14.005476,
          31.800029
        ],
        "type": "Point"
      },
      "properties": {
        "AH Date From": null,
        "AH Date To": null,
        "Address": null,
        "Address Type": null,
        "Administrative Division ": null,
        "Administrative Division Type": null,
        "Archaeological From Date": null,
        "Archaeological To Date": null,
        "Assessment Activity Date": "None",
        "Assessment Activity Type": "Archaeological Assessment (Image Interpretation)",
        "Assessment Investigator - Actor": "Asherf Zurgani",
        "BP Date From": null,
        "BP Date To": null,
        "Bedrock Geology Type": null,
        "Built Component": null,
        "Cadastral Reference": "None, None",
        "Construction Technique": null,
        "Country Type": ", Libya",
        "Cultural Period Certainty": "Not Applicable",
        "Cultural Period Type": "Unknown",
        "Cultural Sub-period Certainty": null,
        "Cultural Sub-period Type": null,
        "Damage Extent Type": "1-10%",
        "Date Inference Making Actor Name": "None",
        "Datum Description/EPSG code": null,
        "Datum Type": null,
        "Depositional Process": null,
        "Designation": null,
        "Designation From Date": null,
        "Designation To Date": null,
        "Detailed Condition Assessments": null,
        "Dimension Type": null,
        "Disturbance Cause Assignment Assessor Name - Actor": "None",
        "Disturbance Cause Category Type": "Agricultural/Pastoral",
        "Disturbance Cause Certainty ": "Low",
        "Disturbance Cause Type ": "Wind Action",
        "Disturbance Date From": "None",
        "Disturbance Date Occurred Before": "None",
        "Disturbance Date Occurred On ": "None",
        "Disturbance Date To ": "None",
        "EAMENA ID": "EAMENA-0161349",
        "Effect Certainty": null,
        "Effect Type": null,
        "Fetch Type": null,
        "GE Imagery Acquisition Date": null,
        "General Description": null,
        "General Description Type": null,
        "Geometry Extent Certainty": "",
        "Geometry Qualifier": "",
        "Google Earth Assessment": "None",
        "Grid ID": ", E14N31-33",
        "Heritage Place Function": null,
        "Heritage Place Function Certainty ": null,
        "Heritage Place Resource Instance": null,
        "Heritage Place Type": "Archaeological Site",
        "Imagery Acquisition Date": null,
        "Information Resource": null,
        "Information Resource Acquisition Date": null,
        "Intervention Activity Type": null,
        "Investigator Role Type": "Academic Researcher",
        "Land Cover Assessment Date": null,
        "Land Cover Type": null,
        "Location Certainty": "Medium",
        "Material Class": null,
        "Material Type": null,
        "Maximum Depth/Min Elevation": null,
        "Measurement Number": null,
        "Measurement Source Type ": null,
        "Measurement Unit": null,
        "Minimum Depth/Max Elevation": null,
        "Name Type": "Alternative Reference, Alternative Reference, Alternative Reference",
        "Overall Archaeological Certainty Value ": null,
        "Overall Condition State Type": "Poor",
        "Overall Site Morphology Type": null,
        "Overall Site Shape Type": "Rectangular/Square, ",
        "Priority Type": "Immediate Action (Emergency)",
        "Recommendation Type": null,
        "Related Geoarchaeology/Palaeolandscape": null,
        "Resource Name": "E14N31-33-0002AS, CPF data 2019, BUL119",
        "Resource Orientation": ", ",
        "Restricted Access Record Designation": null,
        "SH Date From": null,
        "SH Date to": null,
        "Site Feature Arrangement Type": "Parallel",
        "Site Feature Form Type": "Structure",
        "Site Feature Form Type Certainty": "Medium",
        "Site Feature Interpretation Certainty": "",
        "Site Feature Interpretation Number Type": "2 to 5",
        "Site Feature Interpretation Type": "Building/Enclosure",
        "Site Feature Number Type": "2 to 5",
        "Site Feature Shape Type": "Rectangular/Square",
        "Spatial Coordinates Ref System": "None",
        "Surficial Geology Type": null,
        "Threat Category": "Agricultural/Pastoral, Funerary/Memorial",
        "Threat Cause Type": "Reconstruction, Wind Action",
        "Threat Inference Making Assessor Name - Actor": "None, None",
        "Threat Probability ": ", ",
        "Tidal Range": null,
        "Topography Type": "Plain/Plateau",
        "Wave Climate": null
      },
      "type": "Feature"
    },
    {
      "geometry": {
        "coordinates": [
          13.920517,
          31.739639
        ],
        "type": "Point"
      },
      "properties": {
        "AH Date From": null,
        "AH Date To": null,
        "Address": null,
        "Address Type": null,
        "Administrative Division ": null,
        "Administrative Division Type": null,
        "Archaeological From Date": null,
        "Archaeological To Date": null,
        "Assessment Activity Date": "2016-03-10",
        "Assessment Activity Type": "Desk-based",
        "Assessment Investigator - Actor": "Nichole Sheldrick",
        "BP Date From": null,
        "BP Date To": null,
        "Bedrock Geology Type": null,
        "Built Component": null,
        "Cadastral Reference": "None",
        "Construction Technique": null,
        "Country Type": "Libya",
        "Cultural Period Certainty": "Possible, Possible, Possible",
        "Cultural Period Type": "Classical/Protohistoric/Pre-Islamic (North Africa), Classical/Protohistoric/Pre-Islamic (North Africa), Classical/Protohistoric/Pre-Islamic (North Africa)",
        "Cultural Sub-period Certainty": "Possible, Possible, Possible",
        "Cultural Sub-period Type": "Roman Imperial, Late (North Africa), Byzantine (Maghreb), Vandal (Maghreb)",
        "Damage Extent Type": "Unknown",
        "Date Inference Making Actor Name": "None, None, None",
        "Datum Description/EPSG code": null,
        "Datum Type": null,
        "Depositional Process": null,
        "Designation": null,
        "Designation From Date": null,
        "Designation To Date": null,
        "Detailed Condition Assessments": null,
        "Dimension Type": null,
        "Disturbance Cause Assignment Assessor Name - Actor": "None",
        "Disturbance Cause Category Type": "Unknown",
        "Disturbance Cause Certainty ": "Not Applicable",
        "Disturbance Cause Type ": "Unknown",
        "Disturbance Date From": "None",
        "Disturbance Date Occurred Before": "None",
        "Disturbance Date Occurred On ": "None",
        "Disturbance Date To ": "None",
        "EAMENA ID": "EAMENA-0086725",
        "Effect Certainty": "High",
        "Effect Type": "Collapse/Structural Damage",
        "Fetch Type": null,
        "GE Imagery Acquisition Date": null,
        "General Description": null,
        "General Description Type": null,
        "Geometry Extent Certainty": "",
        "Geometry Qualifier": "",
        "Google Earth Assessment": "None",
        "Grid ID": "E13N31-42",
        "Heritage Place Function": "Domestic, Defensive/Fortification, Agricultural/Pastoral",
        "Heritage Place Function Certainty ": "High, High, High",
        "Heritage Place Resource Instance": null,
        "Heritage Place Type": "Archaeological Site",
        "Imagery Acquisition Date": null,
        "Information Resource": null,
        "Information Resource Acquisition Date": null,
        "Intervention Activity Type": null,
        "Investigator Role Type": "",
        "Land Cover Assessment Date": null,
        "Land Cover Type": null,
        "Location Certainty": "Definite",
        "Material Class": null,
        "Material Type": null,
        "Maximum Depth/Min Elevation": null,
        "Measurement Number": null,
        "Measurement Source Type ": null,
        "Measurement Unit": null,
        "Minimum Depth/Max Elevation": null,
        "Name Type": "Toponym, Alternative Reference, Designation, Alternative Reference",
        "Overall Archaeological Certainty Value ": "Definite",
        "Overall Condition State Type": "Good",
        "Overall Site Morphology Type": "Positive/Built Feature",
        "Overall Site Shape Type": "Irregular",
        "Priority Type": null,
        "Recommendation Type": null,
        "Related Geoarchaeology/Palaeolandscape": null,
        "Resource Name": "Gasr Daria, Gj012/BUW012-g, E13N31-42_000032, BUL128",
        "Resource Orientation": "",
        "Restricted Access Record Designation": null,
        "SH Date From": null,
        "SH Date to": null,
        "Site Feature Arrangement Type": "Adjoining, Discrete",
        "Site Feature Form Type": "Structure, Tower",
        "Site Feature Form Type Certainty": "High, Definite",
        "Site Feature Interpretation Certainty": "High, High, High",
        "Site Feature Interpretation Number Type": "1, Unknown, 1",
        "Site Feature Interpretation Type": "Settlement/Habitation Site, Building/Enclosure, Farm Building",
        "Site Feature Number Type": "Unknown, 1",
        "Site Feature Shape Type": "Irregular, Rectangular/Square",
        "Spatial Coordinates Ref System": "None",
        "Surficial Geology Type": null,
        "Threat Category": "",
        "Threat Cause Type": "No Visible/Known",
        "Threat Inference Making Assessor Name - Actor": "None",
        "Threat Probability ": "Not Applicable",
        "Tidal Range": null,
        "Topography Type": null,
        "Wave Climate": null
      },
      "type": "Feature"
    },
    {
      "geometry": {
        "coordinates": [
          13.936113,
          31.746473
        ],
        "type": "Point"
      },
      "properties": {
        "AH Date From": null,
        "AH Date To": null,
        "Address": null,
        "Address Type": null,
        "Administrative Division ": null,
        "Administrative Division Type": null,
        "Archaeological From Date": null,
        "Archaeological To Date": null,
        "Assessment Activity Date": "2019-07-17, 2019-08-16",
        "Assessment Activity Type": "Literature Interpretation/Digitisation, Condition Assessment (Image Interpretation)",
        "Assessment Investigator - Actor": "Nichole Sheldrick, Nichole Sheldrick",
        "BP Date From": null,
        "BP Date To": null,
        "Bedrock Geology Type": null,
        "Built Component": null,
        "Cadastral Reference": "None",
        "Construction Technique": null,
        "Country Type": "Libya",
        "Cultural Period Certainty": "Not Applicable",
        "Cultural Period Type": "Unknown",
        "Cultural Sub-period Certainty": "Not Applicable",
        "Cultural Sub-period Type": "Unknown",
        "Damage Extent Type": "No Visible/Known",
        "Date Inference Making Actor Name": "UNESCO Libyan Valleys Survey Gazetteer",
        "Datum Description/EPSG code": null,
        "Datum Type": null,
        "Depositional Process": null,
        "Designation": null,
        "Designation From Date": null,
        "Designation To Date": null,
        "Detailed Condition Assessments": null,
        "Dimension Type": null,
        "Disturbance Cause Assignment Assessor Name - Actor": "Nichole Sheldrick",
        "Disturbance Cause Category Type": "Not Applicable",
        "Disturbance Cause Certainty ": "Not Applicable",
        "Disturbance Cause Type ": "No Visible/Known",
        "Disturbance Date From": "2004-08-27",
        "Disturbance Date Occurred Before": "None",
        "Disturbance Date Occurred On ": "None",
        "Disturbance Date To ": "2019-05-25",
        "EAMENA ID": "EAMENA-0189637",
        "Effect Certainty": "Not Applicable",
        "Effect Type": "Not Applicable",
        "Fetch Type": null,
        "GE Imagery Acquisition Date": null,
        "General Description": null,
        "General Description Type": null,
        "Geometry Extent Certainty": "Negligible",
        "Geometry Qualifier": "",
        "Google Earth Assessment": "None, None",
        "Grid ID": "E13N31-42",
        "Heritage Place Function": "Hydrological",
        "Heritage Place Function Certainty ": "Definite",
        "Heritage Place Resource Instance": null,
        "Heritage Place Type": "Archaeological Site",
        "Imagery Acquisition Date": null,
        "Information Resource": null,
        "Information Resource Acquisition Date": null,
        "Intervention Activity Type": null,
        "Investigator Role Type": "EAMENA Project Staff, EAMENA Project Staff",
        "Land Cover Assessment Date": null,
        "Land Cover Type": null,
        "Location Certainty": "High",
        "Material Class": null,
        "Material Type": null,
        "Maximum Depth/Min Elevation": null,
        "Measurement Number": null,
        "Measurement Source Type ": null,
        "Measurement Unit": null,
        "Minimum Depth/Max Elevation": null,
        "Name Type": "Alternative Reference, Alternative Reference, Alternative Reference, Alternative Reference",
        "Overall Archaeological Certainty Value ": "High",
        "Overall Condition State Type": "Good",
        "Overall Site Morphology Type": "Positive/Built Feature",
        "Overall Site Shape Type": "Straight",
        "Priority Type": null,
        "Recommendation Type": null,
        "Related Geoarchaeology/Palaeolandscape": null,
        "Resource Name": "BUW009, BUW 00009, BUW9, BUL125",
        "Resource Orientation": "",
        "Restricted Access Record Designation": null,
        "SH Date From": null,
        "SH Date to": null,
        "Site Feature Arrangement Type": "Isolated",
        "Site Feature Form Type": "Wall",
        "Site Feature Form Type Certainty": "Definite",
        "Site Feature Interpretation Certainty": "Definite",
        "Site Feature Interpretation Number Type": "1",
        "Site Feature Interpretation Type": "Barrage/Dam",
        "Site Feature Number Type": "1",
        "Site Feature Shape Type": "Straight",
        "Spatial Coordinates Ref System": "None",
        "Surficial Geology Type": null,
        "Threat Category": "Natural",
        "Threat Cause Type": "Water Action",
        "Threat Inference Making Assessor Name - Actor": "Nichole Sheldrick",
        "Threat Probability ": "Possible",
        "Tidal Range": null,
        "Topography Type": "Watercourse Bed",
        "Wave Climate": null
      },
      "type": "Feature"
    },
    {
      "geometry": {
        "coordinates": [
          13.911964,
          31.749218
        ],
        "type": "Point"
      },
      "properties": {
        "AH Date From": null,
        "AH Date To": null,
        "Address": null,
        "Address Type": null,
        "Administrative Division ": null,
        "Administrative Division Type": null,
        "Archaeological From Date": null,
        "Archaeological To Date": null,
        "Assessment Activity Date": "2019-07-17",
        "Assessment Activity Type": "Literature Interpretation/Digitisation",
        "Assessment Investigator - Actor": "Nichole Sheldrick",
        "BP Date From": null,
        "BP Date To": null,
        "Bedrock Geology Type": null,
        "Built Component": null,
        "Cadastral Reference": "None",
        "Construction Technique": null,
        "Country Type": "Libya",
        "Cultural Period Certainty": "Not Applicable",
        "Cultural Period Type": "Unknown",
        "Cultural Sub-period Certainty": "Not Applicable",
        "Cultural Sub-period Type": "Unknown",
        "Damage Extent Type": "Unknown",
        "Date Inference Making Actor Name": "UNESCO Libyan Valleys Survey Gazetteer",
        "Datum Description/EPSG code": null,
        "Datum Type": null,
        "Depositional Process": null,
        "Designation": null,
        "Designation From Date": null,
        "Designation To Date": null,
        "Detailed Condition Assessments": null,
        "Dimension Type": null,
        "Disturbance Cause Assignment Assessor Name - Actor": "Nichole Sheldrick",
        "Disturbance Cause Category Type": "Unknown",
        "Disturbance Cause Certainty ": "Not Applicable",
        "Disturbance Cause Type ": "Unknown",
        "Disturbance Date From": "None",
        "Disturbance Date Occurred Before": "None",
        "Disturbance Date Occurred On ": "None",
        "Disturbance Date To ": "None",
        "EAMENA ID": "EAMENA-0188044",
        "Effect Certainty": "Not Applicable",
        "Effect Type": "Unknown",
        "Fetch Type": null,
        "GE Imagery Acquisition Date": null,
        "General Description": null,
        "General Description Type": null,
        "Geometry Extent Certainty": "Negligible",
        "Geometry Qualifier": "",
        "Google Earth Assessment": "None",
        "Grid ID": "E13N31-42",
        "Heritage Place Function": "Funerary/Memorial",
        "Heritage Place Function Certainty ": "Medium",
        "Heritage Place Resource Instance": null,
        "Heritage Place Type": "Archaeological Site",
        "Imagery Acquisition Date": null,
        "Information Resource": null,
        "Information Resource Acquisition Date": null,
        "Intervention Activity Type": null,
        "Investigator Role Type": "EAMENA Project Staff",
        "Land Cover Assessment Date": null,
        "Land Cover Type": null,
        "Location Certainty": "Low",
        "Material Class": null,
        "Material Type": null,
        "Maximum Depth/Min Elevation": null,
        "Measurement Number": null,
        "Measurement Source Type ": null,
        "Measurement Unit": null,
        "Minimum Depth/Max Elevation": null,
        "Name Type": "Alternative Reference, Alternative Reference, Alternative Reference, Alternative Reference",
        "Overall Archaeological Certainty Value ": "Low",
        "Overall Condition State Type": "Unknown",
        "Overall Site Morphology Type": "Positive/Built Feature",
        "Overall Site Shape Type": "Unknown",
        "Priority Type": null,
        "Recommendation Type": null,
        "Related Geoarchaeology/Palaeolandscape": null,
        "Resource Name": "BUW015, BUW 00015, BUW15, BUL130",
        "Resource Orientation": "",
        "Restricted Access Record Designation": null,
        "SH Date From": null,
        "SH Date to": null,
        "Site Feature Arrangement Type": "Isolated",
        "Site Feature Form Type": "Small Mound/Cairn",
        "Site Feature Form Type Certainty": "Medium",
        "Site Feature Interpretation Certainty": "Medium",
        "Site Feature Interpretation Number Type": "1",
        "Site Feature Interpretation Type": "Tomb/Grave/Burial",
        "Site Feature Number Type": "1",
        "Site Feature Shape Type": "Unknown",
        "Spatial Coordinates Ref System": "None",
        "Surficial Geology Type": null,
        "Threat Category": "Unknown",
        "Threat Cause Type": "Unknown",
        "Threat Inference Making Assessor Name - Actor": "Nichole Sheldrick",
        "Threat Probability ": "Not Applicable",
        "Tidal Range": null,
        "Topography Type": "Unknown",
        "Wave Climate": null
      },
      "type": "Feature"
    },
    {
      "geometry": {
        "coordinates": [
          13.913473,
          31.74597
        ],
        "type": "Point"
      },
      "properties": {
        "AH Date From": null,
        "AH Date To": null,
        "Address": null,
        "Address Type": null,
        "Administrative Division ": null,
        "Administrative Division Type": null,
        "Archaeological From Date": null,
        "Archaeological To Date": null,
        "Assessment Activity Date": "2019-07-17",
        "Assessment Activity Type": "Literature Interpretation/Digitisation",
        "Assessment Investigator - Actor": "Nichole Sheldrick",
        "BP Date From": null,
        "BP Date To": null,
        "Bedrock Geology Type": null,
        "Built Component": null,
        "Cadastral Reference": "None",
        "Construction Technique": null,
        "Country Type": "Libya",
        "Cultural Period Certainty": "Not Applicable",
        "Cultural Period Type": "Unknown",
        "Cultural Sub-period Certainty": "Not Applicable",
        "Cultural Sub-period Type": "Unknown",
        "Damage Extent Type": "Unknown",
        "Date Inference Making Actor Name": "UNESCO Libyan Valleys Survey Gazetteer",
        "Datum Description/EPSG code": null,
        "Datum Type": null,
        "Depositional Process": null,
        "Designation": null,
        "Designation From Date": null,
        "Designation To Date": null,
        "Detailed Condition Assessments": null,
        "Dimension Type": null,
        "Disturbance Cause Assignment Assessor Name - Actor": "Nichole Sheldrick",
        "Disturbance Cause Category Type": "Unknown",
        "Disturbance Cause Certainty ": "Not Applicable",
        "Disturbance Cause Type ": "Unknown",
        "Disturbance Date From": "None",
        "Disturbance Date Occurred Before": "None",
        "Disturbance Date Occurred On ": "None",
        "Disturbance Date To ": "None",
        "EAMENA ID": "EAMENA-0189648",
        "Effect Certainty": "Not Applicable",
        "Effect Type": "Unknown",
        "Fetch Type": null,
        "GE Imagery Acquisition Date": null,
        "General Description": null,
        "General Description Type": null,
        "Geometry Extent Certainty": "Negligible",
        "Geometry Qualifier": "",
        "Google Earth Assessment": "None",
        "Grid ID": "E13N31-42",
        "Heritage Place Function": "Unknown",
        "Heritage Place Function Certainty ": "Not Applicable",
        "Heritage Place Resource Instance": null,
        "Heritage Place Type": "Archaeological Site",
        "Imagery Acquisition Date": null,
        "Information Resource": null,
        "Information Resource Acquisition Date": null,
        "Intervention Activity Type": null,
        "Investigator Role Type": "EAMENA Project Staff",
        "Land Cover Assessment Date": null,
        "Land Cover Type": null,
        "Location Certainty": "Low",
        "Material Class": null,
        "Material Type": null,
        "Maximum Depth/Min Elevation": null,
        "Measurement Number": null,
        "Measurement Source Type ": null,
        "Measurement Unit": null,
        "Minimum Depth/Max Elevation": null,
        "Name Type": "Alternative Reference, Alternative Reference, Alternative Reference, Alternative Reference",
        "Overall Archaeological Certainty Value ": "Low",
        "Overall Condition State Type": "Unknown",
        "Overall Site Morphology Type": "Positive/Built Feature",
        "Overall Site Shape Type": "Unknown",
        "Priority Type": null,
        "Recommendation Type": null,
        "Related Geoarchaeology/Palaeolandscape": null,
        "Resource Name": "BUW014, BUW 00014, BUW14, BUL129",
        "Resource Orientation": "",
        "Restricted Access Record Designation": null,
        "SH Date From": null,
        "SH Date to": null,
        "Site Feature Arrangement Type": "Unknown",
        "Site Feature Form Type": "Rubble Spread/Architectural Fragments",
        "Site Feature Form Type Certainty": "Medium",
        "Site Feature Interpretation Certainty": "Not Applicable",
        "Site Feature Interpretation Number Type": "Unknown",
        "Site Feature Interpretation Type": "Unknown",
        "Site Feature Number Type": "Unknown",
        "Site Feature Shape Type": "Unknown",
        "Spatial Coordinates Ref System": "None",
        "Surficial Geology Type": null,
        "Threat Category": "Unknown",
        "Threat Cause Type": "Unknown",
        "Threat Inference Making Assessor Name - Actor": "Nichole Sheldrick",
        "Threat Probability ": "Not Applicable",
        "Tidal Range": null,
        "Topography Type": "Unknown",
        "Wave Climate": null
      },
      "type": "Feature"
    },
    {
      "geometry": {
        "coordinates": [
          13.932423,
          31.744556
        ],
        "type": "Point"
      },
      "properties": {
        "AH Date From": null,
        "AH Date To": null,
        "Address": null,
        "Address Type": null,
        "Administrative Division ": null,
        "Administrative Division Type": null,
        "Archaeological From Date": null,
        "Archaeological To Date": null,
        "Assessment Activity Date": "2016-03-10",
        "Assessment Activity Type": "Desk-based",
        "Assessment Investigator - Actor": "Nichole Sheldrick",
        "BP Date From": null,
        "BP Date To": null,
        "Bedrock Geology Type": null,
        "Built Component": null,
        "Cadastral Reference": "None",
        "Construction Technique": null,
        "Country Type": "Libya",
        "Cultural Period Certainty": "Possible, Possible, Possible",
        "Cultural Period Type": "Classical/Protohistoric/Pre-Islamic (North Africa), Classical/Protohistoric/Pre-Islamic (North Africa), Classical/Protohistoric/Pre-Islamic (North Africa)",
        "Cultural Sub-period Certainty": "Possible, Possible, Possible",
        "Cultural Sub-period Type": "Byzantine (Maghreb), Vandal (Maghreb), Roman Imperial, Late (North Africa)",
        "Damage Extent Type": "Unknown",
        "Date Inference Making Actor Name": "None, None, None",
        "Datum Description/EPSG code": null,
        "Datum Type": null,
        "Depositional Process": null,
        "Designation": null,
        "Designation From Date": null,
        "Designation To Date": null,
        "Detailed Condition Assessments": null,
        "Dimension Type": null,
        "Disturbance Cause Assignment Assessor Name - Actor": "None",
        "Disturbance Cause Category Type": "Unknown",
        "Disturbance Cause Certainty ": "Not Applicable",
        "Disturbance Cause Type ": "Unknown",
        "Disturbance Date From": "None",
        "Disturbance Date Occurred Before": "None",
        "Disturbance Date Occurred On ": "None",
        "Disturbance Date To ": "None",
        "EAMENA ID": "EAMENA-0086721",
        "Effect Certainty": "High",
        "Effect Type": "Collapse/Structural Damage",
        "Fetch Type": null,
        "GE Imagery Acquisition Date": null,
        "General Description": null,
        "General Description Type": null,
        "Geometry Extent Certainty": "",
        "Geometry Qualifier": "",
        "Google Earth Assessment": "None",
        "Grid ID": "E13N31-42",
        "Heritage Place Function": "Agricultural/Pastoral, Defensive/Fortification, Domestic",
        "Heritage Place Function Certainty ": "High, High, High",
        "Heritage Place Resource Instance": null,
        "Heritage Place Type": "Archaeological Site",
        "Imagery Acquisition Date": null,
        "Information Resource": null,
        "Information Resource Acquisition Date": null,
        "Intervention Activity Type": null,
        "Investigator Role Type": "",
        "Land Cover Assessment Date": null,
        "Land Cover Type": null,
        "Location Certainty": "Definite",
        "Material Class": null,
        "Material Type": null,
        "Maximum Depth/Min Elevation": null,
        "Measurement Number": null,
        "Measurement Source Type ": null,
        "Measurement Unit": null,
        "Minimum Depth/Max Elevation": null,
        "Name Type": "Alternative Reference, Designation, Alternative Reference",
        "Overall Archaeological Certainty Value ": "Definite",
        "Overall Condition State Type": "Good",
        "Overall Site Morphology Type": "Positive/Built Feature",
        "Overall Site Shape Type": "Rectilinear",
        "Priority Type": null,
        "Recommendation Type": null,
        "Related Geoarchaeology/Palaeolandscape": null,
        "Resource Name": "BUW010-g, E13N31-42_000028, BUL126",
        "Resource Orientation": "",
        "Restricted Access Record Designation": null,
        "SH Date From": null,
        "SH Date to": null,
        "Site Feature Arrangement Type": "Discrete",
        "Site Feature Form Type": "Tower",
        "Site Feature Form Type Certainty": "Medium",
        "Site Feature Interpretation Certainty": "High, High",
        "Site Feature Interpretation Number Type": "1, 1",
        "Site Feature Interpretation Type": "Farm Building, Settlement/Habitation Site",
        "Site Feature Number Type": "1",
        "Site Feature Shape Type": "Rectilinear",
        "Spatial Coordinates Ref System": "None",
        "Surficial Geology Type": null,
        "Threat Category": "",
        "Threat Cause Type": "No Visible/Known",
        "Threat Inference Making Assessor Name - Actor": "None",
        "Threat Probability ": "Not Applicable",
        "Tidal Range": null,
        "Topography Type": null,
        "Wave Climate": null
      },
      "type": "Feature"
    },
    {
      "geometry": {
        "coordinates": [
          13.922123,
          31.739313
        ],
        "type": "Point"
      },
      "properties": {
        "AH Date From": null,
        "AH Date To": null,
        "Address": null,
        "Address Type": null,
        "Administrative Division ": null,
        "Administrative Division Type": null,
        "Archaeological From Date": null,
        "Archaeological To Date": null,
        "Assessment Activity Date": "2016-03-10",
        "Assessment Activity Type": "Desk-based",
        "Assessment Investigator - Actor": "Nichole Sheldrick",
        "BP Date From": null,
        "BP Date To": null,
        "Bedrock Geology Type": null,
        "Built Component": null,
        "Cadastral Reference": "None",
        "Construction Technique": null,
        "Country Type": "Libya",
        "Cultural Period Certainty": "Possible, Possible, Possible",
        "Cultural Period Type": "Classical/Protohistoric/Pre-Islamic (North Africa), Classical/Protohistoric/Pre-Islamic (North Africa), Classical/Protohistoric/Pre-Islamic (North Africa)",
        "Cultural Sub-period Certainty": "Possible, Possible, Possible",
        "Cultural Sub-period Type": "Vandal (Maghreb), Byzantine (Maghreb), Roman Imperial, Late (North Africa)",
        "Damage Extent Type": "Unknown",
        "Date Inference Making Actor Name": "None, None, None",
        "Datum Description/EPSG code": null,
        "Datum Type": null,
        "Depositional Process": null,
        "Designation": null,
        "Designation From Date": null,
        "Designation To Date": null,
        "Detailed Condition Assessments": null,
        "Dimension Type": null,
        "Disturbance Cause Assignment Assessor Name - Actor": "None",
        "Disturbance Cause Category Type": "Unknown",
        "Disturbance Cause Certainty ": "Not Applicable",
        "Disturbance Cause Type ": "Unknown",
        "Disturbance Date From": "None",
        "Disturbance Date Occurred Before": "None",
        "Disturbance Date Occurred On ": "None",
        "Disturbance Date To ": "None",
        "EAMENA ID": "EAMENA-0086722",
        "Effect Certainty": "High",
        "Effect Type": "Collapse/Structural Damage",
        "Fetch Type": null,
        "GE Imagery Acquisition Date": null,
        "General Description": null,
        "General Description Type": null,
        "Geometry Extent Certainty": "",
        "Geometry Qualifier": "",
        "Google Earth Assessment": "None",
        "Grid ID": "E13N31-42",
        "Heritage Place Function": "Agricultural/Pastoral, Defensive/Fortification, Domestic",
        "Heritage Place Function Certainty ": "High, High, High",
        "Heritage Place Resource Instance": null,
        "Heritage Place Type": "Archaeological Site",
        "Imagery Acquisition Date": null,
        "Information Resource": null,
        "Information Resource Acquisition Date": null,
        "Intervention Activity Type": null,
        "Investigator Role Type": "",
        "Land Cover Assessment Date": null,
        "Land Cover Type": null,
        "Location Certainty": "Definite",
        "Material Class": null,
        "Material Type": null,
        "Maximum Depth/Min Elevation": null,
        "Measurement Number": null,
        "Measurement Source Type ": null,
        "Measurement Unit": null,
        "Minimum Depth/Max Elevation": null,
        "Name Type": "Alternative Reference, Designation, Alternative Reference",
        "Overall Archaeological Certainty Value ": "Definite",
        "Overall Condition State Type": "Good",
        "Overall Site Morphology Type": "Positive/Built Feature",
        "Overall Site Shape Type": "Rectangular/Square",
        "Priority Type": null,
        "Recommendation Type": null,
        "Related Geoarchaeology/Palaeolandscape": null,
        "Resource Name": "BUW011-g, E13N31-42_000029, BUL127",
        "Resource Orientation": "",
        "Restricted Access Record Designation": null,
        "SH Date From": null,
        "SH Date to": null,
        "Site Feature Arrangement Type": "Isolated",
        "Site Feature Form Type": "Tower",
        "Site Feature Form Type Certainty": "Definite",
        "Site Feature Interpretation Certainty": "High, High",
        "Site Feature Interpretation Number Type": "1, 1",
        "Site Feature Interpretation Type": "Farm Building, Settlement/Habitation Site",
        "Site Feature Number Type": "1",
        "Site Feature Shape Type": "Rectangular/Square",
        "Spatial Coordinates Ref System": "None",
        "Surficial Geology Type": null,
        "Threat Category": "",
        "Threat Cause Type": "No Visible/Known",
        "Threat Inference Making Assessor Name - Actor": "None",
        "Threat Probability ": "Not Applicable",
        "Tidal Range": null,
        "Topography Type": null,
        "Wave Climate": null
      },
      "type": "Feature"
    },
    {
      "geometry": {
        "coordinates": [
          13.881588,
          31.780887
        ],
        "type": "Point"
      },
      "properties": {
        "AH Date From": null,
        "AH Date To": null,
        "Address": null,
        "Address Type": null,
        "Administrative Division ": null,
        "Administrative Division Type": null,
        "Archaeological From Date": null,
        "Archaeological To Date": null,
        "Assessment Activity Date": "2019-07-17, 2019-08-16",
        "Assessment Activity Type": "Literature Interpretation/Digitisation, Condition Assessment (Image Interpretation)",
        "Assessment Investigator - Actor": "Nichole Sheldrick, Nichole Sheldrick",
        "BP Date From": null,
        "BP Date To": null,
        "Bedrock Geology Type": null,
        "Built Component": null,
        "Cadastral Reference": "None",
        "Construction Technique": null,
        "Country Type": "Libya",
        "Cultural Period Certainty": "Possible, Possible",
        "Cultural Period Type": "Contemporary Islamic (MENA), Islamic (North Africa)",
        "Cultural Sub-period Certainty": "Possible, Possible",
        "Cultural Sub-period Type": "Unknown, Islamic, Late (Ottoman/Saadi/Wattasid/Alaouite/Colonial) (North Africa)",
        "Damage Extent Type": "No Visible/Known",
        "Date Inference Making Actor Name": "UNESCO Libyan Valleys Survey Gazetteer, UNESCO Libyan Valleys Survey Gazetteer",
        "Datum Description/EPSG code": null,
        "Datum Type": null,
        "Depositional Process": null,
        "Designation": null,
        "Designation From Date": null,
        "Designation To Date": null,
        "Detailed Condition Assessments": null,
        "Dimension Type": null,
        "Disturbance Cause Assignment Assessor Name - Actor": "Nichole Sheldrick",
        "Disturbance Cause Category Type": "Not Applicable",
        "Disturbance Cause Certainty ": "Not Applicable",
        "Disturbance Cause Type ": "No Visible/Known",
        "Disturbance Date From": "2004-08-27",
        "Disturbance Date Occurred Before": "None",
        "Disturbance Date Occurred On ": "None",
        "Disturbance Date To ": "2019-05-25",
        "EAMENA ID": "EAMENA-0188066",
        "Effect Certainty": "Not Applicable",
        "Effect Type": "Not Applicable",
        "Fetch Type": null,
        "GE Imagery Acquisition Date": null,
        "General Description": null,
        "General Description Type": null,
        "Geometry Extent Certainty": "Negligible",
        "Geometry Qualifier": "",
        "Google Earth Assessment": "None, None",
        "Grid ID": "E13N31-44",
        "Heritage Place Function": "Agricultural/Pastoral",
        "Heritage Place Function Certainty ": "Medium",
        "Heritage Place Resource Instance": null,
        "Heritage Place Type": "Archaeological Site",
        "Imagery Acquisition Date": null,
        "Information Resource": null,
        "Information Resource Acquisition Date": null,
        "Intervention Activity Type": null,
        "Investigator Role Type": "EAMENA Project Staff, EAMENA Project Staff",
        "Land Cover Assessment Date": null,
        "Land Cover Type": null,
        "Location Certainty": "Medium",
        "Material Class": null,
        "Material Type": null,
        "Maximum Depth/Min Elevation": null,
        "Measurement Number": null,
        "Measurement Source Type ": null,
        "Measurement Unit": null,
        "Minimum Depth/Max Elevation": null,
        "Name Type": "Alternative Reference, Alternative Reference, Alternative Reference, Alternative Reference",
        "Overall Archaeological Certainty Value ": "Low",
        "Overall Condition State Type": "Good",
        "Overall Site Morphology Type": "Positive/Built Feature",
        "Overall Site Shape Type": "Irregular",
        "Priority Type": null,
        "Recommendation Type": null,
        "Related Geoarchaeology/Palaeolandscape": null,
        "Resource Name": "BUW020, BUW 00020, BUW20, BUL134",
        "Resource Orientation": "",
        "Restricted Access Record Designation": null,
        "SH Date From": null,
        "SH Date to": null,
        "Site Feature Arrangement Type": "Discrete, Discrete",
        "Site Feature Form Type": "Structure, Structure",
        "Site Feature Form Type Certainty": "High, Definite",
        "Site Feature Interpretation Certainty": "High, High",
        "Site Feature Interpretation Number Type": "1, 1",
        "Site Feature Interpretation Type": "Building/Enclosure, Farm Building",
        "Site Feature Number Type": "1, 1",
        "Site Feature Shape Type": "Sub-rectangular, Rectilinear",
        "Spatial Coordinates Ref System": "None",
        "Surficial Geology Type": null,
        "Threat Category": "Building and Development, Natural",
        "Threat Cause Type": "Unknown, Water and/or Wind Action",
        "Threat Inference Making Assessor Name - Actor": "Nichole Sheldrick, Nichole Sheldrick",
        "Threat Probability ": "Possible, Possible",
        "Tidal Range": null,
        "Topography Type": "Slopes, Watercourse Banks",
        "Wave Climate": null
      },
      "type": "Feature"
    },
    {
      "geometry": {
        "coordinates": [
          13.899446,
          31.781174
        ],
        "type": "Point"
      },
      "properties": {
        "AH Date From": null,
        "AH Date To": null,
        "Address": null,
        "Address Type": null,
        "Administrative Division ": null,
        "Administrative Division Type": null,
        "Archaeological From Date": null,
        "Archaeological To Date": null,
        "Assessment Activity Date": "2019-07-17",
        "Assessment Activity Type": "Literature Interpretation/Digitisation",
        "Assessment Investigator - Actor": "Nichole Sheldrick",
        "BP Date From": null,
        "BP Date To": null,
        "Bedrock Geology Type": null,
        "Built Component": null,
        "Cadastral Reference": "None",
        "Construction Technique": null,
        "Country Type": "Libya",
        "Cultural Period Certainty": "Possible",
        "Cultural Period Type": "Classical/Protohistoric/Pre-Islamic (North Africa)",
        "Cultural Sub-period Certainty": "Possible",
        "Cultural Sub-period Type": "Roman/Late Antique (North Africa)",
        "Damage Extent Type": "Unknown",
        "Date Inference Making Actor Name": "UNESCO Libyan Valleys Survey Gazetteer",
        "Datum Description/EPSG code": null,
        "Datum Type": null,
        "Depositional Process": null,
        "Designation": null,
        "Designation From Date": null,
        "Designation To Date": null,
        "Detailed Condition Assessments": null,
        "Dimension Type": null,
        "Disturbance Cause Assignment Assessor Name - Actor": "Nichole Sheldrick",
        "Disturbance Cause Category Type": "Unknown",
        "Disturbance Cause Certainty ": "Not Applicable",
        "Disturbance Cause Type ": "Unknown",
        "Disturbance Date From": "None",
        "Disturbance Date Occurred Before": "None",
        "Disturbance Date Occurred On ": "None",
        "Disturbance Date To ": "None",
        "EAMENA ID": "EAMENA-0188110",
        "Effect Certainty": "Not Applicable",
        "Effect Type": "Unknown",
        "Fetch Type": null,
        "GE Imagery Acquisition Date": null,
        "General Description": null,
        "General Description Type": null,
        "Geometry Extent Certainty": "Negligible",
        "Geometry Qualifier": "",
        "Google Earth Assessment": "None",
        "Grid ID": "E13N31-44",
        "Heritage Place Function": "Hydrological",
        "Heritage Place Function Certainty ": "High",
        "Heritage Place Resource Instance": null,
        "Heritage Place Type": "Archaeological Site",
        "Imagery Acquisition Date": null,
        "Information Resource": null,
        "Information Resource Acquisition Date": null,
        "Intervention Activity Type": null,
        "Investigator Role Type": "EAMENA Project Staff",
        "Land Cover Assessment Date": null,
        "Land Cover Type": null,
        "Location Certainty": "Low",
        "Material Class": null,
        "Material Type": null,
        "Maximum Depth/Min Elevation": null,
        "Measurement Number": null,
        "Measurement Source Type ": null,
        "Measurement Unit": null,
        "Minimum Depth/Max Elevation": null,
        "Name Type": "Alternative Reference, Alternative Reference, Alternative Reference, Alternative Reference, Alternative Reference, Alternative Reference, Alternative Reference",
        "Overall Archaeological Certainty Value ": "Medium",
        "Overall Condition State Type": "Unknown",
        "Overall Site Morphology Type": "Positive/Built Feature",
        "Overall Site Shape Type": "Unknown",
        "Priority Type": null,
        "Recommendation Type": null,
        "Related Geoarchaeology/Palaeolandscape": null,
        "Resource Name": "BUW018a, Gj003, BUW 00018a, Gj 00003, BUW18a, Gj3, BUL133",
        "Resource Orientation": "",
        "Restricted Access Record Designation": null,
        "SH Date From": null,
        "SH Date to": null,
        "Site Feature Arrangement Type": "Discrete, Discrete",
        "Site Feature Form Type": "Scatter, Wall",
        "Site Feature Form Type Certainty": "Definite, Definite",
        "Site Feature Interpretation Certainty": "Low, High",
        "Site Feature Interpretation Number Type": "Unknown, 1",
        "Site Feature Interpretation Type": "Production/Processing (Knapping Floor/Stone Processing), Water Control Mechanism/Feature",
        "Site Feature Number Type": "Unknown, 1",
        "Site Feature Shape Type": "Unknown, Unknown",
        "Spatial Coordinates Ref System": "None",
        "Surficial Geology Type": null,
        "Threat Category": "Unknown",
        "Threat Cause Type": "Unknown",
        "Threat Inference Making Assessor Name - Actor": "Nichole Sheldrick",
        "Threat Probability ": "Not Applicable",
        "Tidal Range": null,
        "Topography Type": "Valley Terrace",
        "Wave Climate": null
      },
      "type": "Feature"
    },
    {
      "geometry": {
        "coordinates": [
          13.879549,
          31.779648
        ],
        "type": "Point"
      },
      "properties": {
        "AH Date From": null,
        "AH Date To": null,
        "Address": null,
        "Address Type": null,
        "Administrative Division ": null,
        "Administrative Division Type": null,
        "Archaeological From Date": null,
        "Archaeological To Date": null,
        "Assessment Activity Date": "2016-03-10",
        "Assessment Activity Type": "Desk-based",
        "Assessment Investigator - Actor": "Nichole Sheldrick",
        "BP Date From": null,
        "BP Date To": null,
        "Bedrock Geology Type": null,
        "Built Component": null,
        "Cadastral Reference": "None",
        "Construction Technique": null,
        "Country Type": "Libya",
        "Cultural Period Certainty": "Possible, Possible, Possible",
        "Cultural Period Type": "Classical/Protohistoric/Pre-Islamic (North Africa), Classical/Protohistoric/Pre-Islamic (North Africa), Classical/Protohistoric/Pre-Islamic (North Africa)",
        "Cultural Sub-period Certainty": "Possible, Possible, Possible",
        "Cultural Sub-period Type": "Roman Imperial, Late (North Africa), Byzantine (Maghreb), Vandal (Maghreb)",
        "Damage Extent Type": "Unknown",
        "Date Inference Making Actor Name": "None, None, None",
        "Datum Description/EPSG code": null,
        "Datum Type": null,
        "Depositional Process": null,
        "Designation": null,
        "Designation From Date": null,
        "Designation To Date": null,
        "Detailed Condition Assessments": null,
        "Dimension Type": null,
        "Disturbance Cause Assignment Assessor Name - Actor": "None",
        "Disturbance Cause Category Type": "Unknown",
        "Disturbance Cause Certainty ": "Not Applicable",
        "Disturbance Cause Type ": "Unknown",
        "Disturbance Date From": "None",
        "Disturbance Date Occurred Before": "None",
        "Disturbance Date Occurred On ": "None",
        "Disturbance Date To ": "None",
        "EAMENA ID": "EAMENA-0086743",
        "Effect Certainty": "High",
        "Effect Type": "Collapse/Structural Damage",
        "Fetch Type": null,
        "GE Imagery Acquisition Date": null,
        "General Description": null,
        "General Description Type": null,
        "Geometry Extent Certainty": "",
        "Geometry Qualifier": "",
        "Google Earth Assessment": "None",
        "Grid ID": "E13N31-44",
        "Heritage Place Function": "Domestic, Defensive/Fortification, Agricultural/Pastoral",
        "Heritage Place Function Certainty ": "High, High, High",
        "Heritage Place Resource Instance": null,
        "Heritage Place Type": "Archaeological Site",
        "Imagery Acquisition Date": null,
        "Information Resource": null,
        "Information Resource Acquisition Date": null,
        "Intervention Activity Type": null,
        "Investigator Role Type": "",
        "Land Cover Assessment Date": null,
        "Land Cover Type": null,
        "Location Certainty": "Definite",
        "Material Class": null,
        "Material Type": null,
        "Maximum Depth/Min Elevation": null,
        "Measurement Number": null,
        "Measurement Source Type ": null,
        "Measurement Unit": null,
        "Minimum Depth/Max Elevation": null,
        "Name Type": "Alternative Reference, Designation, Alternative Reference",
        "Overall Archaeological Certainty Value ": "Definite",
        "Overall Condition State Type": "Good",
        "Overall Site Morphology Type": "Positive/Built Feature",
        "Overall Site Shape Type": "Rectilinear",
        "Priority Type": null,
        "Recommendation Type": null,
        "Related Geoarchaeology/Palaeolandscape": null,
        "Resource Name": "Gj007/BUW019-g, E13N31-44_000017, BUL135",
        "Resource Orientation": "",
        "Restricted Access Record Designation": null,
        "SH Date From": null,
        "SH Date to": null,
        "Site Feature Arrangement Type": "Discrete, Discrete",
        "Site Feature Form Type": "Tower, Bank/Wall",
        "Site Feature Form Type Certainty": "Definite, Medium",
        "Site Feature Interpretation Certainty": "Medium, High, High",
        "Site Feature Interpretation Number Type": "1, 1, 1",
        "Site Feature Interpretation Type": "Enclosure, Settlement/Habitation Site, Farm Building",
        "Site Feature Number Type": "1, 1",
        "Site Feature Shape Type": "Rectangular/Square, Rectilinear",
        "Spatial Coordinates Ref System": "None",
        "Surficial Geology Type": null,
        "Threat Category": "",
        "Threat Cause Type": "No Visible/Known",
        "Threat Inference Making Assessor Name - Actor": "None",
        "Threat Probability ": "Not Applicable",
        "Tidal Range": null,
        "Topography Type": null,
        "Wave Climate": null
      },
      "type": "Feature"
    },
    {
      "geometry": {
        "coordinates": [
          13.906252,
          31.758295
        ],
        "type": "Point"
      },
      "properties": {
        "AH Date From": null,
        "AH Date To": null,
        "Address": null,
        "Address Type": null,
        "Administrative Division ": null,
        "Administrative Division Type": null,
        "Archaeological From Date": null,
        "Archaeological To Date": null,
        "Assessment Activity Date": "2016-03-10",
        "Assessment Activity Type": "Desk-based",
        "Assessment Investigator - Actor": "Nichole Sheldrick",
        "BP Date From": null,
        "BP Date To": null,
        "Bedrock Geology Type": null,
        "Built Component": null,
        "Cadastral Reference": "None",
        "Construction Technique": null,
        "Country Type": "Libya",
        "Cultural Period Certainty": "Possible, Possible, Possible",
        "Cultural Period Type": "Classical/Protohistoric/Pre-Islamic (North Africa), Classical/Protohistoric/Pre-Islamic (North Africa), Classical/Protohistoric/Pre-Islamic (North Africa)",
        "Cultural Sub-period Certainty": "Possible, Possible, Possible",
        "Cultural Sub-period Type": "Roman Imperial, Late (North Africa), Byzantine (Maghreb), Vandal (Maghreb)",
        "Damage Extent Type": "Unknown",
        "Date Inference Making Actor Name": "None, None, None",
        "Datum Description/EPSG code": null,
        "Datum Type": null,
        "Depositional Process": null,
        "Designation": null,
        "Designation From Date": null,
        "Designation To Date": null,
        "Detailed Condition Assessments": null,
        "Dimension Type": null,
        "Disturbance Cause Assignment Assessor Name - Actor": "None",
        "Disturbance Cause Category Type": "Unknown",
        "Disturbance Cause Certainty ": "Not Applicable",
        "Disturbance Cause Type ": "Unknown",
        "Disturbance Date From": "None",
        "Disturbance Date Occurred Before": "None",
        "Disturbance Date Occurred On ": "None",
        "Disturbance Date To ": "None",
        "EAMENA ID": "EAMENA-0086740",
        "Effect Certainty": "High",
        "Effect Type": "Collapse/Structural Damage",
        "Fetch Type": null,
        "GE Imagery Acquisition Date": null,
        "General Description": null,
        "General Description Type": null,
        "Geometry Extent Certainty": "",
        "Geometry Qualifier": "",
        "Google Earth Assessment": "None",
        "Grid ID": "E13N31-44",
        "Heritage Place Function": "Defensive/Fortification, Domestic, Agricultural/Pastoral",
        "Heritage Place Function Certainty ": "High, High, High",
        "Heritage Place Resource Instance": null,
        "Heritage Place Type": "Archaeological Site",
        "Imagery Acquisition Date": null,
        "Information Resource": null,
        "Information Resource Acquisition Date": null,
        "Intervention Activity Type": null,
        "Investigator Role Type": "",
        "Land Cover Assessment Date": null,
        "Land Cover Type": null,
        "Location Certainty": "Definite",
        "Material Class": null,
        "Material Type": null,
        "Maximum Depth/Min Elevation": null,
        "Measurement Number": null,
        "Measurement Source Type ": null,
        "Measurement Unit": null,
        "Minimum Depth/Max Elevation": null,
        "Name Type": "Alternative Reference, Designation, Alternative Reference",
        "Overall Archaeological Certainty Value ": "Definite",
        "Overall Condition State Type": "Good",
        "Overall Site Morphology Type": "Positive/Built Feature",
        "Overall Site Shape Type": "Irregular",
        "Priority Type": null,
        "Recommendation Type": null,
        "Related Geoarchaeology/Palaeolandscape": null,
        "Resource Name": "Gj002/BUW018-g?, E13N31-44_000014, BUL132",
        "Resource Orientation": "",
        "Restricted Access Record Designation": null,
        "SH Date From": null,
        "SH Date to": null,
        "Site Feature Arrangement Type": "Discrete, Adjoining",
        "Site Feature Form Type": "Structure, Structure",
        "Site Feature Form Type Certainty": "High, Definite",
        "Site Feature Interpretation Certainty": "High, High, High",
        "Site Feature Interpretation Number Type": "1, Unknown, 1",
        "Site Feature Interpretation Type": "Settlement/Habitation Site, Building/Enclosure, Farm Building",
        "Site Feature Number Type": "Unknown, 1",
        "Site Feature Shape Type": "Unknown, Unknown",
        "Spatial Coordinates Ref System": "None",
        "Surficial Geology Type": null,
        "Threat Category": "",
        "Threat Cause Type": "No Visible/Known",
        "Threat Inference Making Assessor Name - Actor": "None",
        "Threat Probability ": "Not Applicable",
        "Tidal Range": null,
        "Topography Type": null,
        "Wave Climate": null
      },
      "type": "Feature"
    },
    {
      "geometry": {
        "coordinates": [
          13.908027,
          31.753469
        ],
        "type": "Point"
      },
      "properties": {
        "AH Date From": null,
        "AH Date To": null,
        "Address": null,
        "Address Type": null,
        "Administrative Division ": null,
        "Administrative Division Type": null,
        "Archaeological From Date": null,
        "Archaeological To Date": null,
        "Assessment Activity Date": "2016-03-10",
        "Assessment Activity Type": "Desk-based",
        "Assessment Investigator - Actor": "Nichole Sheldrick",
        "BP Date From": null,
        "BP Date To": null,
        "Bedrock Geology Type": null,
        "Built Component": null,
        "Cadastral Reference": "None",
        "Construction Technique": null,
        "Country Type": "Libya",
        "Cultural Period Certainty": "Possible, Possible, Possible",
        "Cultural Period Type": "Classical/Protohistoric/Pre-Islamic (North Africa), Classical/Protohistoric/Pre-Islamic (North Africa), Classical/Protohistoric/Pre-Islamic (North Africa)",
        "Cultural Sub-period Certainty": "Possible, Possible, Possible",
        "Cultural Sub-period Type": "Roman Imperial, Late (North Africa), Byzantine (Maghreb), Vandal (Maghreb)",
        "Damage Extent Type": "Unknown",
        "Date Inference Making Actor Name": "None, None, None",
        "Datum Description/EPSG code": null,
        "Datum Type": null,
        "Depositional Process": null,
        "Designation": null,
        "Designation From Date": null,
        "Designation To Date": null,
        "Detailed Condition Assessments": null,
        "Dimension Type": null,
        "Disturbance Cause Assignment Assessor Name - Actor": "None",
        "Disturbance Cause Category Type": "Unknown",
        "Disturbance Cause Certainty ": "Not Applicable",
        "Disturbance Cause Type ": "Unknown",
        "Disturbance Date From": "None",
        "Disturbance Date Occurred Before": "None",
        "Disturbance Date Occurred On ": "None",
        "Disturbance Date To ": "None",
        "EAMENA ID": "EAMENA-0086739",
        "Effect Certainty": "High",
        "Effect Type": "Collapse/Structural Damage",
        "Fetch Type": null,
        "GE Imagery Acquisition Date": null,
        "General Description": null,
        "General Description Type": null,
        "Geometry Extent Certainty": "",
        "Geometry Qualifier": "",
        "Google Earth Assessment": "None",
        "Grid ID": "E13N31-44",
        "Heritage Place Function": "Domestic, Defensive/Fortification, Agricultural/Pastoral",
        "Heritage Place Function Certainty ": "High, High, High",
        "Heritage Place Resource Instance": null,
        "Heritage Place Type": "Archaeological Site",
        "Imagery Acquisition Date": null,
        "Information Resource": null,
        "Information Resource Acquisition Date": null,
        "Intervention Activity Type": null,
        "Investigator Role Type": "",
        "Land Cover Assessment Date": null,
        "Land Cover Type": null,
        "Location Certainty": "Definite",
        "Material Class": null,
        "Material Type": null,
        "Maximum Depth/Min Elevation": null,
        "Measurement Number": null,
        "Measurement Source Type ": null,
        "Measurement Unit": null,
        "Minimum Depth/Max Elevation": null,
        "Name Type": "Toponym, Alternative Reference, Designation, Alternative Reference",
        "Overall Archaeological Certainty Value ": "Definite",
        "Overall Condition State Type": "Good",
        "Overall Site Morphology Type": "Positive/Built Feature",
        "Overall Site Shape Type": "Irregular",
        "Priority Type": null,
        "Recommendation Type": null,
        "Related Geoarchaeology/Palaeolandscape": null,
        "Resource Name": "Gasr Ben-Kalif, Gj001/BUW016-g, E13N31-44_000013, BUL131",
        "Resource Orientation": "",
        "Restricted Access Record Designation": null,
        "SH Date From": null,
        "SH Date to": null,
        "Site Feature Arrangement Type": "Isolated",
        "Site Feature Form Type": "Structure",
        "Site Feature Form Type Certainty": "Definite",
        "Site Feature Interpretation Certainty": "High, High",
        "Site Feature Interpretation Number Type": "1, 1",
        "Site Feature Interpretation Type": "Farm Building, Settlement/Habitation Site",
        "Site Feature Number Type": "1",
        "Site Feature Shape Type": "Irregular",
        "Spatial Coordinates Ref System": "None",
        "Surficial Geology Type": null,
        "Threat Category": "Unknown",
        "Threat Cause Type": "Unknown",
        "Threat Inference Making Assessor Name - Actor": "None",
        "Threat Probability ": "Not Applicable",
        "Tidal Range": null,
        "Topography Type": null,
        "Wave Climate": null
      },
      "type": "Feature"
    },
    {
      "geometry": {
        "coordinates": [
          13.871797,
          31.773691
        ],
        "type": "Point"
      },
      "properties": {
        "AH Date From": null,
        "AH Date To": null,
        "Address": null,
        "Address Type": null,
        "Administrative Division ": null,
        "Administrative Division Type": null,
        "Archaeological From Date": null,
        "Archaeological To Date": null,
        "Assessment Activity Date": "2019-07-17",
        "Assessment Activity Type": "Literature Interpretation/Digitisation",
        "Assessment Investigator - Actor": "Nichole Sheldrick",
        "BP Date From": null,
        "BP Date To": null,
        "Bedrock Geology Type": null,
        "Built Component": null,
        "Cadastral Reference": "None",
        "Construction Technique": null,
        "Country Type": "Libya",
        "Cultural Period Certainty": "Not Applicable",
        "Cultural Period Type": "Unknown",
        "Cultural Sub-period Certainty": "Not Applicable",
        "Cultural Sub-period Type": "Unknown",
        "Damage Extent Type": "Unknown",
        "Date Inference Making Actor Name": "UNESCO Libyan Valleys Survey Gazetteer",
        "Datum Description/EPSG code": null,
        "Datum Type": null,
        "Depositional Process": null,
        "Designation": null,
        "Designation From Date": null,
        "Designation To Date": null,
        "Detailed Condition Assessments": null,
        "Dimension Type": null,
        "Disturbance Cause Assignment Assessor Name - Actor": "Nichole Sheldrick",
        "Disturbance Cause Category Type": "Unknown",
        "Disturbance Cause Certainty ": "Not Applicable",
        "Disturbance Cause Type ": "Unknown",
        "Disturbance Date From": "None",
        "Disturbance Date Occurred Before": "None",
        "Disturbance Date Occurred On ": "None",
        "Disturbance Date To ": "None",
        "EAMENA ID": "EAMENA-0188099",
        "Effect Certainty": "Not Applicable",
        "Effect Type": "Unknown",
        "Fetch Type": null,
        "GE Imagery Acquisition Date": null,
        "General Description": null,
        "General Description Type": null,
        "Geometry Extent Certainty": "Negligible",
        "Geometry Qualifier": "",
        "Google Earth Assessment": "False",
        "Grid ID": "E13N31-44",
        "Heritage Place Function": "Unknown",
        "Heritage Place Function Certainty ": "Not Applicable",
        "Heritage Place Resource Instance": null,
        "Heritage Place Type": "Archaeological Site",
        "Imagery Acquisition Date": null,
        "Information Resource": null,
        "Information Resource Acquisition Date": null,
        "Intervention Activity Type": null,
        "Investigator Role Type": "EAMENA Project Staff",
        "Land Cover Assessment Date": null,
        "Land Cover Type": null,
        "Location Certainty": "Low",
        "Material Class": null,
        "Material Type": null,
        "Maximum Depth/Min Elevation": null,
        "Measurement Number": null,
        "Measurement Source Type ": null,
        "Measurement Unit": null,
        "Minimum Depth/Max Elevation": null,
        "Name Type": "Alternative Reference, Alternative Reference, Alternative Reference, Alternative Reference",
        "Overall Archaeological Certainty Value ": "Low",
        "Overall Condition State Type": "Unknown",
        "Overall Site Morphology Type": "Positive/Built Feature",
        "Overall Site Shape Type": "Unknown",
        "Priority Type": null,
        "Recommendation Type": null,
        "Related Geoarchaeology/Palaeolandscape": null,
        "Resource Name": "BUW024, BUW 00024, BUW24, BUL137",
        "Resource Orientation": "",
        "Restricted Access Record Designation": null,
        "SH Date From": null,
        "SH Date to": null,
        "Site Feature Arrangement Type": "Unknown",
        "Site Feature Form Type": "Rubble Spread/Architectural Fragments",
        "Site Feature Form Type Certainty": "Definite",
        "Site Feature Interpretation Certainty": "Not Applicable",
        "Site Feature Interpretation Number Type": "Unknown",
        "Site Feature Interpretation Type": "Unknown",
        "Site Feature Number Type": "Unknown",
        "Site Feature Shape Type": "Unknown",
        "Spatial Coordinates Ref System": "",
        "Surficial Geology Type": null,
        "Threat Category": "Unknown",
        "Threat Cause Type": "Unknown",
        "Threat Inference Making Assessor Name - Actor": "Nichole Sheldrick",
        "Threat Probability ": "Not Applicable",
        "Tidal Range": null,
        "Topography Type": "Unknown",
        "Wave Climate": null
      },
      "type": "Feature"
    },
    {
      "geometry": {
        "coordinates": [
          13.871695,
          31.772912
        ],
        "type": "Point"
      },
      "properties": {
        "AH Date From": null,
        "AH Date To": null,
        "Address": null,
        "Address Type": null,
        "Administrative Division ": null,
        "Administrative Division Type": null,
        "Archaeological From Date": null,
        "Archaeological To Date": null,
        "Assessment Activity Date": "2019-07-17",
        "Assessment Activity Type": "Literature Interpretation/Digitisation",
        "Assessment Investigator - Actor": "Nichole Sheldrick",
        "BP Date From": null,
        "BP Date To": null,
        "Bedrock Geology Type": null,
        "Built Component": null,
        "Cadastral Reference": "None",
        "Construction Technique": null,
        "Country Type": "Libya",
        "Cultural Period Certainty": "Not Applicable",
        "Cultural Period Type": "Unknown",
        "Cultural Sub-period Certainty": "Not Applicable",
        "Cultural Sub-period Type": "Unknown",
        "Damage Extent Type": "Unknown",
        "Date Inference Making Actor Name": "UNESCO Libyan Valleys Survey Gazetteer",
        "Datum Description/EPSG code": null,
        "Datum Type": null,
        "Depositional Process": null,
        "Designation": null,
        "Designation From Date": null,
        "Designation To Date": null,
        "Detailed Condition Assessments": null,
        "Dimension Type": null,
        "Disturbance Cause Assignment Assessor Name - Actor": "Nichole Sheldrick",
        "Disturbance Cause Category Type": "Unknown",
        "Disturbance Cause Certainty ": "Not Applicable",
        "Disturbance Cause Type ": "Unknown",
        "Disturbance Date From": "None",
        "Disturbance Date Occurred Before": "None",
        "Disturbance Date Occurred On ": "None",
        "Disturbance Date To ": "None",
        "EAMENA ID": "EAMENA-0188088",
        "Effect Certainty": "Not Applicable",
        "Effect Type": "Unknown",
        "Fetch Type": null,
        "GE Imagery Acquisition Date": null,
        "General Description": null,
        "General Description Type": null,
        "Geometry Extent Certainty": "Negligible",
        "Geometry Qualifier": "",
        "Google Earth Assessment": "None",
        "Grid ID": "E13N31-44",
        "Heritage Place Function": "Funerary/Memorial",
        "Heritage Place Function Certainty ": "Medium",
        "Heritage Place Resource Instance": null,
        "Heritage Place Type": "Archaeological Site",
        "Imagery Acquisition Date": null,
        "Information Resource": null,
        "Information Resource Acquisition Date": null,
        "Intervention Activity Type": null,
        "Investigator Role Type": "EAMENA Project Staff",
        "Land Cover Assessment Date": null,
        "Land Cover Type": null,
        "Location Certainty": "Low",
        "Material Class": null,
        "Material Type": null,
        "Maximum Depth/Min Elevation": null,
        "Measurement Number": null,
        "Measurement Source Type ": null,
        "Measurement Unit": null,
        "Minimum Depth/Max Elevation": null,
        "Name Type": "Alternative Reference, Alternative Reference, Alternative Reference, Alternative Reference",
        "Overall Archaeological Certainty Value ": "Medium",
        "Overall Condition State Type": "Unknown",
        "Overall Site Morphology Type": "Unknown",
        "Overall Site Shape Type": "Unknown",
        "Priority Type": null,
        "Recommendation Type": null,
        "Related Geoarchaeology/Palaeolandscape": null,
        "Resource Name": "BUW023a, BUW 00023a, BUW23a, BUL138",
        "Resource Orientation": "",
        "Restricted Access Record Designation": null,
        "SH Date From": null,
        "SH Date to": null,
        "Site Feature Arrangement Type": "Unknown",
        "Site Feature Form Type": "Unknown",
        "Site Feature Form Type Certainty": "Not Applicable",
        "Site Feature Interpretation Certainty": "Medium",
        "Site Feature Interpretation Number Type": "Unknown",
        "Site Feature Interpretation Type": "Tomb/Grave/Burial",
        "Site Feature Number Type": "Unknown",
        "Site Feature Shape Type": "Unknown",
        "Spatial Coordinates Ref System": "",
        "Surficial Geology Type": null,
        "Threat Category": "Unknown",
        "Threat Cause Type": "Unknown",
        "Threat Inference Making Assessor Name - Actor": "Nichole Sheldrick",
        "Threat Probability ": "Not Applicable",
        "Tidal Range": null,
        "Topography Type": "Unknown",
        "Wave Climate": null
      },
      "type": "Feature"
    },
    {
      "geometry": {
        "coordinates": [
          13.871788,
          31.772039
        ],
        "type": "Point"
      },
      "properties": {
        "AH Date From": null,
        "AH Date To": null,
        "Address": null,
        "Address Type": null,
        "Administrative Division ": null,
        "Administrative Division Type": null,
        "Archaeological From Date": null,
        "Archaeological To Date": null,
        "Assessment Activity Date": "2016-03-10",
        "Assessment Activity Type": "Desk-based",
        "Assessment Investigator - Actor": "Nichole Sheldrick",
        "BP Date From": null,
        "BP Date To": null,
        "Bedrock Geology Type": null,
        "Built Component": null,
        "Cadastral Reference": "None",
        "Construction Technique": null,
        "Country Type": "Libya",
        "Cultural Period Certainty": "Possible, Possible, Possible",
        "Cultural Period Type": "Classical/Protohistoric/Pre-Islamic (North Africa), Classical/Protohistoric/Pre-Islamic (North Africa), Classical/Protohistoric/Pre-Islamic (North Africa)",
        "Cultural Sub-period Certainty": "Possible, Possible, Possible",
        "Cultural Sub-period Type": "Roman Imperial, Late (North Africa), Byzantine (Maghreb), Vandal (Maghreb)",
        "Damage Extent Type": "Unknown",
        "Date Inference Making Actor Name": "None, None, None",
        "Datum Description/EPSG code": null,
        "Datum Type": null,
        "Depositional Process": null,
        "Designation": null,
        "Designation From Date": null,
        "Designation To Date": null,
        "Detailed Condition Assessments": null,
        "Dimension Type": null,
        "Disturbance Cause Assignment Assessor Name - Actor": "None",
        "Disturbance Cause Category Type": "Unknown",
        "Disturbance Cause Certainty ": "Not Applicable",
        "Disturbance Cause Type ": "Unknown",
        "Disturbance Date From": "None",
        "Disturbance Date Occurred Before": "None",
        "Disturbance Date Occurred On ": "None",
        "Disturbance Date To ": "None",
        "EAMENA ID": "EAMENA-0086742",
        "Effect Certainty": "High",
        "Effect Type": "Collapse/Structural Damage",
        "Fetch Type": null,
        "GE Imagery Acquisition Date": null,
        "General Description": null,
        "General Description Type": null,
        "Geometry Extent Certainty": "",
        "Geometry Qualifier": "",
        "Google Earth Assessment": "None",
        "Grid ID": "E13N31-44",
        "Heritage Place Function": "Domestic, Defensive/Fortification, Agricultural/Pastoral",
        "Heritage Place Function Certainty ": "High, High, High",
        "Heritage Place Resource Instance": null,
        "Heritage Place Type": "Archaeological Site",
        "Imagery Acquisition Date": null,
        "Information Resource": null,
        "Information Resource Acquisition Date": null,
        "Intervention Activity Type": null,
        "Investigator Role Type": "",
        "Land Cover Assessment Date": null,
        "Land Cover Type": null,
        "Location Certainty": "Definite",
        "Material Class": null,
        "Material Type": null,
        "Maximum Depth/Min Elevation": null,
        "Measurement Number": null,
        "Measurement Source Type ": null,
        "Measurement Unit": null,
        "Minimum Depth/Max Elevation": null,
        "Name Type": "Alternative Reference, Designation, Alternative Reference",
        "Overall Archaeological Certainty Value ": "Definite",
        "Overall Condition State Type": "Poor",
        "Overall Site Morphology Type": "Positive/Built Feature",
        "Overall Site Shape Type": "Irregular",
        "Priority Type": null,
        "Recommendation Type": null,
        "Related Geoarchaeology/Palaeolandscape": null,
        "Resource Name": "Gj006/BUW022-g?, E13N31-44_000016, BUL139",
        "Resource Orientation": "",
        "Restricted Access Record Designation": null,
        "SH Date From": null,
        "SH Date to": null,
        "Site Feature Arrangement Type": "Unknown, Discrete",
        "Site Feature Form Type": "Structure, Tower",
        "Site Feature Form Type Certainty": "High, Definite",
        "Site Feature Interpretation Certainty": "High, High, High",
        "Site Feature Interpretation Number Type": "1, Unknown, 1",
        "Site Feature Interpretation Type": "Settlement/Habitation Site, Building/Enclosure, Farm Building",
        "Site Feature Number Type": "Unknown, 1",
        "Site Feature Shape Type": "Irregular, Rectilinear",
        "Spatial Coordinates Ref System": "None",
        "Surficial Geology Type": null,
        "Threat Category": "Unknown",
        "Threat Cause Type": "Unknown",
        "Threat Inference Making Assessor Name - Actor": "None",
        "Threat Probability ": "Not Applicable",
        "Tidal Range": null,
        "Topography Type": null,
        "Wave Climate": null
      },
      "type": "Feature"
    },
    {
      "geometry": {
        "coordinates": [
          13.872748,
          31.773861
        ],
        "type": "Point"
      },
      "properties": {
        "AH Date From": null,
        "AH Date To": null,
        "Address": null,
        "Address Type": null,
        "Administrative Division ": null,
        "Administrative Division Type": null,
        "Archaeological From Date": null,
        "Archaeological To Date": null,
        "Assessment Activity Date": "2016-03-10",
        "Assessment Activity Type": "Desk-based",
        "Assessment Investigator - Actor": "Nichole Sheldrick",
        "BP Date From": null,
        "BP Date To": null,
        "Bedrock Geology Type": null,
        "Built Component": null,
        "Cadastral Reference": "None",
        "Construction Technique": null,
        "Country Type": "Libya",
        "Cultural Period Certainty": "Possible, Possible, Possible",
        "Cultural Period Type": "Classical/Protohistoric/Pre-Islamic (North Africa), Classical/Protohistoric/Pre-Islamic (North Africa), Classical/Protohistoric/Pre-Islamic (North Africa)",
        "Cultural Sub-period Certainty": "Possible, Possible, Possible",
        "Cultural Sub-period Type": "Roman Imperial, Late (North Africa), Byzantine (Maghreb), Vandal (Maghreb)",
        "Damage Extent Type": "Unknown",
        "Date Inference Making Actor Name": "None, None, None",
        "Datum Description/EPSG code": null,
        "Datum Type": null,
        "Depositional Process": null,
        "Designation": null,
        "Designation From Date": null,
        "Designation To Date": null,
        "Detailed Condition Assessments": null,
        "Dimension Type": null,
        "Disturbance Cause Assignment Assessor Name - Actor": "None",
        "Disturbance Cause Category Type": "Unknown",
        "Disturbance Cause Certainty ": "Not Applicable",
        "Disturbance Cause Type ": "Unknown",
        "Disturbance Date From": "None",
        "Disturbance Date Occurred Before": "None",
        "Disturbance Date Occurred On ": "None",
        "Disturbance Date To ": "None",
        "EAMENA ID": "EAMENA-0086741",
        "Effect Certainty": "High",
        "Effect Type": "Collapse/Structural Damage",
        "Fetch Type": null,
        "GE Imagery Acquisition Date": null,
        "General Description": null,
        "General Description Type": null,
        "Geometry Extent Certainty": "",
        "Geometry Qualifier": "",
        "Google Earth Assessment": "None",
        "Grid ID": "E13N31-44",
        "Heritage Place Function": "Domestic, Defensive/Fortification, Agricultural/Pastoral",
        "Heritage Place Function Certainty ": "High, High, High",
        "Heritage Place Resource Instance": null,
        "Heritage Place Type": "Archaeological Site",
        "Imagery Acquisition Date": null,
        "Information Resource": null,
        "Information Resource Acquisition Date": null,
        "Intervention Activity Type": null,
        "Investigator Role Type": "",
        "Land Cover Assessment Date": null,
        "Land Cover Type": null,
        "Location Certainty": "Definite",
        "Material Class": null,
        "Material Type": null,
        "Maximum Depth/Min Elevation": null,
        "Measurement Number": null,
        "Measurement Source Type ": null,
        "Measurement Unit": null,
        "Minimum Depth/Max Elevation": null,
        "Name Type": "Alternative Reference, Designation, Alternative Reference",
        "Overall Archaeological Certainty Value ": "Definite",
        "Overall Condition State Type": "Good",
        "Overall Site Morphology Type": "Positive/Built Feature",
        "Overall Site Shape Type": "Irregular",
        "Priority Type": null,
        "Recommendation Type": null,
        "Related Geoarchaeology/Palaeolandscape": null,
        "Resource Name": "Gj004/BUW021-g, E13N31-44_000015, BUL136",
        "Resource Orientation": "",
        "Restricted Access Record Designation": null,
        "SH Date From": null,
        "SH Date to": null,
        "Site Feature Arrangement Type": "Adjoining, Discrete",
        "Site Feature Form Type": "Structure, Tower",
        "Site Feature Form Type Certainty": "High, Medium",
        "Site Feature Interpretation Certainty": "High, High, High",
        "Site Feature Interpretation Number Type": "1, Unknown, 1",
        "Site Feature Interpretation Type": "Settlement/Habitation Site, Building/Enclosure, Farm Building",
        "Site Feature Number Type": "Unknown, 1",
        "Site Feature Shape Type": "Irregular, Rectangular/Square",
        "Spatial Coordinates Ref System": "None",
        "Surficial Geology Type": null,
        "Threat Category": "",
        "Threat Cause Type": "No Visible/Known",
        "Threat Inference Making Assessor Name - Actor": "None",
        "Threat Probability ": "Not Applicable",
        "Tidal Range": null,
        "Topography Type": null,
        "Wave Climate": null
      },
      "type": "Feature"
    },
    {
      "geometry": {
        "coordinates": [
          13.871551,
          31.772026
        ],
        "type": "Point"
      },
      "properties": {
        "AH Date From": null,
        "AH Date To": null,
        "Address": null,
        "Address Type": null,
        "Administrative Division ": null,
        "Administrative Division Type": null,
        "Archaeological From Date": null,
        "Archaeological To Date": null,
        "Assessment Activity Date": "2020-04-16, 2020-04-16",
        "Assessment Activity Type": "Archaeological Assessment (Image Interpretation), Archaeological Assessment (Image Interpretation)",
        "Assessment Investigator - Actor": "Louise Rayne, Martin Sterry",
        "BP Date From": null,
        "BP Date To": null,
        "Bedrock Geology Type": null,
        "Built Component": null,
        "Cadastral Reference": "None, None",
        "Construction Technique": null,
        "Country Type": ", Libya",
        "Cultural Period Certainty": "Possible",
        "Cultural Period Type": "Contemporary Islamic (MENA)",
        "Cultural Sub-period Certainty": null,
        "Cultural Sub-period Type": null,
        "Damage Extent Type": "91-100%",
        "Date Inference Making Actor Name": "Louise Rayne",
        "Datum Description/EPSG code": null,
        "Datum Type": null,
        "Depositional Process": null,
        "Designation": null,
        "Designation From Date": null,
        "Designation To Date": null,
        "Detailed Condition Assessments": null,
        "Dimension Type": null,
        "Disturbance Cause Assignment Assessor Name - Actor": "Louise Rayne",
        "Disturbance Cause Category Type": "Unknown",
        "Disturbance Cause Certainty ": "Medium",
        "Disturbance Cause Type ": "Demolition/Destruction",
        "Disturbance Date From": "None",
        "Disturbance Date Occurred Before": "2013-03-31",
        "Disturbance Date Occurred On ": "None",
        "Disturbance Date To ": "None",
        "EAMENA ID": "EAMENA-0178831",
        "Effect Certainty": null,
        "Effect Type": null,
        "Fetch Type": null,
        "GE Imagery Acquisition Date": null,
        "General Description": null,
        "General Description Type": null,
        "Geometry Extent Certainty": "",
        "Geometry Qualifier": "",
        "Google Earth Assessment": "None, None",
        "Grid ID": ", E13N31-44",
        "Heritage Place Function": "Funerary/Memorial",
        "Heritage Place Function Certainty ": "Medium",
        "Heritage Place Resource Instance": null,
        "Heritage Place Type": "Structural Heritage",
        "Imagery Acquisition Date": null,
        "Information Resource": null,
        "Information Resource Acquisition Date": null,
        "Intervention Activity Type": null,
        "Investigator Role Type": "EAMENA Project Staff, EAMENA Project Staff",
        "Land Cover Assessment Date": null,
        "Land Cover Type": null,
        "Location Certainty": "High",
        "Material Class": null,
        "Material Type": null,
        "Maximum Depth/Min Elevation": null,
        "Measurement Number": null,
        "Measurement Source Type ": null,
        "Measurement Unit": null,
        "Minimum Depth/Max Elevation": null,
        "Name Type": "Alternative Reference",
        "Overall Archaeological Certainty Value ": "Medium",
        "Overall Condition State Type": "Destroyed",
        "Overall Site Morphology Type": "Positive/Built Feature",
        "Overall Site Shape Type": "Rectangular/Square, ",
        "Priority Type": null,
        "Recommendation Type": null,
        "Related Geoarchaeology/Palaeolandscape": null,
        "Resource Name": "BUL140",
        "Resource Orientation": ", ",
        "Restricted Access Record Designation": null,
        "SH Date From": null,
        "SH Date to": null,
        "Site Feature Arrangement Type": "Discrete",
        "Site Feature Form Type": "Structure",
        "Site Feature Form Type Certainty": "High",
        "Site Feature Interpretation Certainty": "High",
        "Site Feature Interpretation Number Type": "1",
        "Site Feature Interpretation Type": "Mosque/Imam/Marabout",
        "Site Feature Number Type": "1",
        "Site Feature Shape Type": "Rectangular/Square",
        "Spatial Coordinates Ref System": "None",
        "Surficial Geology Type": null,
        "Threat Category": "",
        "Threat Cause Type": "",
        "Threat Inference Making Assessor Name - Actor": "Louise Rayne",
        "Threat Probability ": "",
        "Tidal Range": null,
        "Topography Type": null,
        "Wave Climate": null
      },
      "type": "Feature"
    },
    {
      "geometry": {
        "coordinates": [
          13.914937,
          31.733971
        ],
        "type": "Point"
      },
      "properties": {
        "AH Date From": null,
        "AH Date To": null,
        "Address": null,
        "Address Type": null,
        "Administrative Division ": null,
        "Administrative Division Type": null,
        "Archaeological From Date": null,
        "Archaeological To Date": null,
        "Assessment Activity Date": "2019-07-17",
        "Assessment Activity Type": "Literature Interpretation/Digitisation",
        "Assessment Investigator - Actor": "Nichole Sheldrick",
        "BP Date From": null,
        "BP Date To": null,
        "Bedrock Geology Type": null,
        "Built Component": null,
        "Cadastral Reference": "None",
        "Construction Technique": null,
        "Country Type": "Libya",
        "Cultural Period Certainty": "Not Applicable",
        "Cultural Period Type": "Unknown",
        "Cultural Sub-period Certainty": "Not Applicable",
        "Cultural Sub-period Type": "Unknown",
        "Damage Extent Type": "Unknown",
        "Date Inference Making Actor Name": "UNESCO Libyan Valleys Survey Gazetteer",
        "Datum Description/EPSG code": null,
        "Datum Type": null,
        "Depositional Process": null,
        "Designation": null,
        "Designation From Date": null,
        "Designation To Date": null,
        "Detailed Condition Assessments": null,
        "Dimension Type": "Diameter",
        "Disturbance Cause Assignment Assessor Name - Actor": "Nichole Sheldrick",
        "Disturbance Cause Category Type": "Unknown",
        "Disturbance Cause Certainty ": "Not Applicable",
        "Disturbance Cause Type ": "Unknown",
        "Disturbance Date From": "None",
        "Disturbance Date Occurred Before": "None",
        "Disturbance Date Occurred On ": "None",
        "Disturbance Date To ": "None",
        "EAMENA ID": "EAMENA-0188132",
        "Effect Certainty": "Not Applicable",
        "Effect Type": "Unknown",
        "Fetch Type": null,
        "GE Imagery Acquisition Date": null,
        "General Description": null,
        "General Description Type": null,
        "Geometry Extent Certainty": "Negligible",
        "Geometry Qualifier": "",
        "Google Earth Assessment": "None",
        "Grid ID": "E13N31-42",
        "Heritage Place Function": "Funerary/Memorial",
        "Heritage Place Function Certainty ": "Medium",
        "Heritage Place Resource Instance": null,
        "Heritage Place Type": "Archaeological Site",
        "Imagery Acquisition Date": null,
        "Information Resource": null,
        "Information Resource Acquisition Date": null,
        "Intervention Activity Type": null,
        "Investigator Role Type": "EAMENA Project Staff",
        "Land Cover Assessment Date": null,
        "Land Cover Type": null,
        "Location Certainty": "Low",
        "Material Class": null,
        "Material Type": null,
        "Maximum Depth/Min Elevation": null,
        "Measurement Number": "28",
        "Measurement Source Type ": "Estimated/Paced",
        "Measurement Unit": "metres (m)",
        "Minimum Depth/Max Elevation": null,
        "Name Type": "Alternative Reference, Alternative Reference, Alternative Reference, Alternative Reference",
        "Overall Archaeological Certainty Value ": "Medium",
        "Overall Condition State Type": "Unknown",
        "Overall Site Morphology Type": "Positive/Built Feature",
        "Overall Site Shape Type": "Sub-circular",
        "Priority Type": null,
        "Recommendation Type": null,
        "Related Geoarchaeology/Palaeolandscape": null,
        "Resource Name": "Gj009, Gj 00009, Gj9, BUL144",
        "Resource Orientation": "",
        "Restricted Access Record Designation": null,
        "SH Date From": null,
        "SH Date to": null,
        "Site Feature Arrangement Type": "Isolated",
        "Site Feature Form Type": "Small Mound/Cairn",
        "Site Feature Form Type Certainty": "Definite",
        "Site Feature Interpretation Certainty": "Medium",
        "Site Feature Interpretation Number Type": "1",
        "Site Feature Interpretation Type": "Tomb/Grave/Burial",
        "Site Feature Number Type": "1",
        "Site Feature Shape Type": "Sub-circular",
        "Spatial Coordinates Ref System": "None",
        "Surficial Geology Type": null,
        "Threat Category": "Unknown",
        "Threat Cause Type": "Unknown",
        "Threat Inference Making Assessor Name - Actor": "Nichole Sheldrick",
        "Threat Probability ": "Not Applicable",
        "Tidal Range": null,
        "Topography Type": "Slopes, Watercourse Banks",
        "Wave Climate": null
      },
      "type": "Feature"
    },
    {
      "geometry": {
        "coordinates": [
          13.913968,
          31.734229
        ],
        "type": "Point"
      },
      "properties": {
        "AH Date From": null,
        "AH Date To": null,
        "Address": null,
        "Address Type": null,
        "Administrative Division ": null,
        "Administrative Division Type": null,
        "Archaeological From Date": null,
        "Archaeological To Date": null,
        "Assessment Activity Date": "2019-07-17",
        "Assessment Activity Type": "Literature Interpretation/Digitisation",
        "Assessment Investigator - Actor": "Nichole Sheldrick",
        "BP Date From": null,
        "BP Date To": null,
        "Bedrock Geology Type": null,
        "Built Component": null,
        "Cadastral Reference": "None",
        "Construction Technique": null,
        "Country Type": "Libya",
        "Cultural Period Certainty": "Not Applicable",
        "Cultural Period Type": "Unknown",
        "Cultural Sub-period Certainty": "Not Applicable",
        "Cultural Sub-period Type": "Unknown",
        "Damage Extent Type": "Unknown",
        "Date Inference Making Actor Name": "UNESCO Libyan Valleys Survey Gazetteer",
        "Datum Description/EPSG code": null,
        "Datum Type": null,
        "Depositional Process": null,
        "Designation": null,
        "Designation From Date": null,
        "Designation To Date": null,
        "Detailed Condition Assessments": null,
        "Dimension Type": "Length, Breadth/Width",
        "Disturbance Cause Assignment Assessor Name - Actor": "Nichole Sheldrick",
        "Disturbance Cause Category Type": "Unknown",
        "Disturbance Cause Certainty ": "Not Applicable",
        "Disturbance Cause Type ": "Unknown",
        "Disturbance Date From": "None",
        "Disturbance Date Occurred Before": "None",
        "Disturbance Date Occurred On ": "None",
        "Disturbance Date To ": "None",
        "EAMENA ID": "EAMENA-0188143",
        "Effect Certainty": "Not Applicable",
        "Effect Type": "Unknown",
        "Fetch Type": null,
        "GE Imagery Acquisition Date": null,
        "General Description": null,
        "General Description Type": null,
        "Geometry Extent Certainty": "Negligible",
        "Geometry Qualifier": "",
        "Google Earth Assessment": "None",
        "Grid ID": "E13N31-42",
        "Heritage Place Function": "Funerary/Memorial",
        "Heritage Place Function Certainty ": "Definite",
        "Heritage Place Resource Instance": null,
        "Heritage Place Type": "Archaeological Site",
        "Imagery Acquisition Date": null,
        "Information Resource": null,
        "Information Resource Acquisition Date": null,
        "Intervention Activity Type": null,
        "Investigator Role Type": "EAMENA Project Staff",
        "Land Cover Assessment Date": null,
        "Land Cover Type": null,
        "Location Certainty": "Low",
        "Material Class": null,
        "Material Type": null,
        "Maximum Depth/Min Elevation": null,
        "Measurement Number": "50, 50",
        "Measurement Source Type ": "Estimated/Paced, Estimated/Paced",
        "Measurement Unit": "metres (m), metres (m)",
        "Minimum Depth/Max Elevation": null,
        "Name Type": "Alternative Reference, Alternative Reference, Alternative Reference, Alternative Reference",
        "Overall Archaeological Certainty Value ": "Definite",
        "Overall Condition State Type": "Unknown",
        "Overall Site Morphology Type": "Positive/Built Feature",
        "Overall Site Shape Type": "Unknown",
        "Priority Type": null,
        "Recommendation Type": null,
        "Related Geoarchaeology/Palaeolandscape": null,
        "Resource Name": "Gj010, Gj 00010, Gj10, BUL142",
        "Resource Orientation": "",
        "Restricted Access Record Designation": null,
        "SH Date From": null,
        "SH Date to": null,
        "Site Feature Arrangement Type": "Unknown",
        "Site Feature Form Type": "Small Mound/Cairn",
        "Site Feature Form Type Certainty": "Definite",
        "Site Feature Interpretation Certainty": "Definite",
        "Site Feature Interpretation Number Type": "Unknown",
        "Site Feature Interpretation Type": "Tomb/Grave/Burial",
        "Site Feature Number Type": "Unknown",
        "Site Feature Shape Type": "Circular",
        "Spatial Coordinates Ref System": "None",
        "Surficial Geology Type": null,
        "Threat Category": "Unknown",
        "Threat Cause Type": "Unknown",
        "Threat Inference Making Assessor Name - Actor": "Nichole Sheldrick",
        "Threat Probability ": "Not Applicable",
        "Tidal Range": null,
        "Topography Type": "Valley Bed",
        "Wave Climate": null
      },
      "type": "Feature"
    },
    {
      "geometry": {
        "coordinates": [
          13.913162,
          31.736301
        ],
        "type": "Point"
      },
      "properties": {
        "AH Date From": null,
        "AH Date To": null,
        "Address": null,
        "Address Type": null,
        "Administrative Division ": null,
        "Administrative Division Type": null,
        "Archaeological From Date": null,
        "Archaeological To Date": null,
        "Assessment Activity Date": "2016-03-10",
        "Assessment Activity Type": "Desk-based",
        "Assessment Investigator - Actor": "Nichole Sheldrick",
        "BP Date From": null,
        "BP Date To": null,
        "Bedrock Geology Type": null,
        "Built Component": null,
        "Cadastral Reference": "None",
        "Construction Technique": null,
        "Country Type": "Libya",
        "Cultural Period Certainty": "Possible, Possible, Possible",
        "Cultural Period Type": "Classical/Protohistoric/Pre-Islamic (North Africa), Classical/Protohistoric/Pre-Islamic (North Africa), Classical/Protohistoric/Pre-Islamic (North Africa)",
        "Cultural Sub-period Certainty": "Possible, Possible, Possible",
        "Cultural Sub-period Type": "Byzantine (Maghreb), Roman Imperial, Late (North Africa), Vandal (Maghreb)",
        "Damage Extent Type": "Unknown",
        "Date Inference Making Actor Name": "None, None, None",
        "Datum Description/EPSG code": null,
        "Datum Type": null,
        "Depositional Process": null,
        "Designation": null,
        "Designation From Date": null,
        "Designation To Date": null,
        "Detailed Condition Assessments": null,
        "Dimension Type": null,
        "Disturbance Cause Assignment Assessor Name - Actor": "None",
        "Disturbance Cause Category Type": "Unknown",
        "Disturbance Cause Certainty ": "Not Applicable",
        "Disturbance Cause Type ": "Unknown",
        "Disturbance Date From": "None",
        "Disturbance Date Occurred Before": "None",
        "Disturbance Date Occurred On ": "None",
        "Disturbance Date To ": "None",
        "EAMENA ID": "EAMENA-0086724",
        "Effect Certainty": "High",
        "Effect Type": "Collapse/Structural Damage",
        "Fetch Type": null,
        "GE Imagery Acquisition Date": null,
        "General Description": null,
        "General Description Type": null,
        "Geometry Extent Certainty": "",
        "Geometry Qualifier": "",
        "Google Earth Assessment": "None",
        "Grid ID": "E13N31-42",
        "Heritage Place Function": "Domestic, Defensive/Fortification, Agricultural/Pastoral",
        "Heritage Place Function Certainty ": "High, High, High",
        "Heritage Place Resource Instance": null,
        "Heritage Place Type": "Archaeological Site",
        "Imagery Acquisition Date": null,
        "Information Resource": null,
        "Information Resource Acquisition Date": null,
        "Intervention Activity Type": null,
        "Investigator Role Type": "",
        "Land Cover Assessment Date": null,
        "Land Cover Type": null,
        "Location Certainty": "Definite",
        "Material Class": null,
        "Material Type": null,
        "Maximum Depth/Min Elevation": null,
        "Measurement Number": null,
        "Measurement Source Type ": null,
        "Measurement Unit": null,
        "Minimum Depth/Max Elevation": null,
        "Name Type": "Toponym, Alternative Reference, Designation, Alternative Reference",
        "Overall Archaeological Certainty Value ": "Definite",
        "Overall Condition State Type": "Good",
        "Overall Site Morphology Type": "Positive/Built Feature",
        "Overall Site Shape Type": "Irregular",
        "Priority Type": null,
        "Recommendation Type": null,
        "Related Geoarchaeology/Palaeolandscape": null,
        "Resource Name": "Gasr el Qurma, Gj011/BUW013-g, E13N31-42_000031, BUL141",
        "Resource Orientation": "",
        "Restricted Access Record Designation": null,
        "SH Date From": null,
        "SH Date to": null,
        "Site Feature Arrangement Type": "Adjoining, Discrete",
        "Site Feature Form Type": "Structure, Tower",
        "Site Feature Form Type Certainty": "High, Definite",
        "Site Feature Interpretation Certainty": "High, High, High",
        "Site Feature Interpretation Number Type": "Unknown, 1, 1",
        "Site Feature Interpretation Type": "Building/Enclosure, Settlement/Habitation Site, Farm Building",
        "Site Feature Number Type": "Unknown, 1",
        "Site Feature Shape Type": "Rectilinear, Rectangular/Square",
        "Spatial Coordinates Ref System": "None",
        "Surficial Geology Type": null,
        "Threat Category": "",
        "Threat Cause Type": "No Visible/Known",
        "Threat Inference Making Assessor Name - Actor": "None",
        "Threat Probability ": "Not Applicable",
        "Tidal Range": null,
        "Topography Type": null,
        "Wave Climate": null
      },
      "type": "Feature"
    },
    {
      "geometry": {
        "coordinates": [
          13.975528,
          31.754591
        ],
        "type": "Point"
      },
      "properties": {
        "AH Date From": null,
        "AH Date To": null,
        "Address": null,
        "Address Type": null,
        "Administrative Division ": null,
        "Administrative Division Type": null,
        "Archaeological From Date": null,
        "Archaeological To Date": null,
        "Assessment Activity Date": "2020-04-16, 2020-04-16",
        "Assessment Activity Type": "Archaeological Assessment (Image Interpretation), Archaeological Assessment (Image Interpretation)",
        "Assessment Investigator - Actor": "Louise Rayne, Martin Sterry",
        "BP Date From": null,
        "BP Date To": null,
        "Bedrock Geology Type": null,
        "Built Component": null,
        "Cadastral Reference": "None, None",
        "Construction Technique": null,
        "Country Type": "Libya, ",
        "Cultural Period Certainty": "Possible",
        "Cultural Period Type": "Contemporary Islamic (MENA)",
        "Cultural Sub-period Certainty": null,
        "Cultural Sub-period Type": null,
        "Damage Extent Type": "91-100%",
        "Date Inference Making Actor Name": "Louise Rayne",
        "Datum Description/EPSG code": null,
        "Datum Type": null,
        "Depositional Process": null,
        "Designation": null,
        "Designation From Date": null,
        "Designation To Date": null,
        "Detailed Condition Assessments": null,
        "Dimension Type": null,
        "Disturbance Cause Assignment Assessor Name - Actor": "Louise Rayne",
        "Disturbance Cause Category Type": "Unknown",
        "Disturbance Cause Certainty ": "Medium",
        "Disturbance Cause Type ": "Demolition/Destruction",
        "Disturbance Date From": "None",
        "Disturbance Date Occurred Before": "2013-03-31",
        "Disturbance Date Occurred On ": "None",
        "Disturbance Date To ": "None",
        "EAMENA ID": "EAMENA-0178827",
        "Effect Certainty": null,
        "Effect Type": null,
        "Fetch Type": null,
        "GE Imagery Acquisition Date": null,
        "General Description": null,
        "General Description Type": null,
        "Geometry Extent Certainty": "",
        "Geometry Qualifier": "",
        "Google Earth Assessment": "None, None",
        "Grid ID": "E13N31-44, ",
        "Heritage Place Function": "Funerary/Memorial",
        "Heritage Place Function Certainty ": "Medium",
        "Heritage Place Resource Instance": null,
        "Heritage Place Type": "Structural Heritage",
        "Imagery Acquisition Date": null,
        "Information Resource": null,
        "Information Resource Acquisition Date": null,
        "Intervention Activity Type": null,
        "Investigator Role Type": "EAMENA Project Staff, EAMENA Project Staff",
        "Land Cover Assessment Date": null,
        "Land Cover Type": null,
        "Location Certainty": "High",
        "Material Class": null,
        "Material Type": null,
        "Maximum Depth/Min Elevation": null,
        "Measurement Number": null,
        "Measurement Source Type ": null,
        "Measurement Unit": null,
        "Minimum Depth/Max Elevation": null,
        "Name Type": "Alternative Reference",
        "Overall Archaeological Certainty Value ": "Medium",
        "Overall Condition State Type": "Destroyed",
        "Overall Site Morphology Type": "Positive/Built Feature",
        "Overall Site Shape Type": ", Rectangular/Square",
        "Priority Type": null,
        "Recommendation Type": null,
        "Related Geoarchaeology/Palaeolandscape": null,
        "Resource Name": "BUL147",
        "Resource Orientation": ", ",
        "Restricted Access Record Designation": null,
        "SH Date From": null,
        "SH Date to": null,
        "Site Feature Arrangement Type": "Discrete",
        "Site Feature Form Type": "Structure",
        "Site Feature Form Type Certainty": "High",
        "Site Feature Interpretation Certainty": "High",
        "Site Feature Interpretation Number Type": "1",
        "Site Feature Interpretation Type": "Mosque/Imam/Marabout",
        "Site Feature Number Type": "1",
        "Site Feature Shape Type": "Rectangular/Square",
        "Spatial Coordinates Ref System": "None",
        "Surficial Geology Type": null,
        "Threat Category": "",
        "Threat Cause Type": "",
        "Threat Inference Making Assessor Name - Actor": "Louise Rayne",
        "Threat Probability ": "",
        "Tidal Range": null,
        "Topography Type": null,
        "Wave Climate": null
      },
      "type": "Feature"
    },
    {
      "geometry": {
        "coordinates": [
          13.907056,
          31.743444
        ],
        "type": "Point"
      },
      "properties": {
        "AH Date From": null,
        "AH Date To": null,
        "Address": null,
        "Address Type": null,
        "Administrative Division ": null,
        "Administrative Division Type": null,
        "Archaeological From Date": null,
        "Archaeological To Date": null,
        "Assessment Activity Date": "2019-07-17",
        "Assessment Activity Type": "Literature Interpretation/Digitisation",
        "Assessment Investigator - Actor": "Nichole Sheldrick",
        "BP Date From": null,
        "BP Date To": null,
        "Bedrock Geology Type": null,
        "Built Component": null,
        "Cadastral Reference": "None",
        "Construction Technique": null,
        "Country Type": "Libya",
        "Cultural Period Certainty": "Not Applicable",
        "Cultural Period Type": "Unknown",
        "Cultural Sub-period Certainty": "Not Applicable",
        "Cultural Sub-period Type": "Unknown",
        "Damage Extent Type": "Unknown",
        "Date Inference Making Actor Name": "UNESCO Libyan Valleys Survey Gazetteer",
        "Datum Description/EPSG code": null,
        "Datum Type": null,
        "Depositional Process": null,
        "Designation": null,
        "Designation From Date": null,
        "Designation To Date": null,
        "Detailed Condition Assessments": null,
        "Dimension Type": null,
        "Disturbance Cause Assignment Assessor Name - Actor": "Nichole Sheldrick",
        "Disturbance Cause Category Type": "Unknown",
        "Disturbance Cause Certainty ": "Not Applicable",
        "Disturbance Cause Type ": "Unknown",
        "Disturbance Date From": "None",
        "Disturbance Date Occurred Before": "None",
        "Disturbance Date Occurred On ": "None",
        "Disturbance Date To ": "None",
        "EAMENA ID": "EAMENA-0188055",
        "Effect Certainty": "Not Applicable",
        "Effect Type": "Unknown",
        "Fetch Type": null,
        "GE Imagery Acquisition Date": null,
        "General Description": null,
        "General Description Type": null,
        "Geometry Extent Certainty": "Negligible",
        "Geometry Qualifier": "",
        "Google Earth Assessment": "None",
        "Grid ID": "E13N31-42",
        "Heritage Place Function": "Unknown",
        "Heritage Place Function Certainty ": "Not Applicable",
        "Heritage Place Resource Instance": null,
        "Heritage Place Type": "Archaeological Site",
        "Imagery Acquisition Date": null,
        "Information Resource": null,
        "Information Resource Acquisition Date": null,
        "Intervention Activity Type": null,
        "Investigator Role Type": "EAMENA Project Staff",
        "Land Cover Assessment Date": null,
        "Land Cover Type": null,
        "Location Certainty": "Low",
        "Material Class": null,
        "Material Type": null,
        "Maximum Depth/Min Elevation": null,
        "Measurement Number": null,
        "Measurement Source Type ": null,
        "Measurement Unit": null,
        "Minimum Depth/Max Elevation": null,
        "Name Type": "Alternative Reference, Alternative Reference, Alternative Reference, Alternative Reference",
        "Overall Archaeological Certainty Value ": "Low",
        "Overall Condition State Type": "Unknown",
        "Overall Site Morphology Type": "Positive/Built Feature",
        "Overall Site Shape Type": "Unknown",
        "Priority Type": null,
        "Recommendation Type": null,
        "Related Geoarchaeology/Palaeolandscape": null,
        "Resource Name": "BUW017, BUW 00017, BUW17, BUL145",
        "Resource Orientation": "",
        "Restricted Access Record Designation": null,
        "SH Date From": null,
        "SH Date to": null,
        "Site Feature Arrangement Type": "Unknown",
        "Site Feature Form Type": "Unknown",
        "Site Feature Form Type Certainty": "Not Applicable",
        "Site Feature Interpretation Certainty": "Not Applicable",
        "Site Feature Interpretation Number Type": "Unknown",
        "Site Feature Interpretation Type": "Unknown",
        "Site Feature Number Type": "Unknown",
        "Site Feature Shape Type": "Unknown",
        "Spatial Coordinates Ref System": "None",
        "Surficial Geology Type": null,
        "Threat Category": "Unknown",
        "Threat Cause Type": "Unknown",
        "Threat Inference Making Assessor Name - Actor": "Nichole Sheldrick",
        "Threat Probability ": "Not Applicable",
        "Tidal Range": null,
        "Topography Type": "Unknown",
        "Wave Climate": null
      },
      "type": "Feature"
    },
    {
      "geometry": {
        "coordinates": [
          13.911103,
          31.73434
        ],
        "type": "Point"
      },
      "properties": {
        "AH Date From": null,
        "AH Date To": null,
        "Address": null,
        "Address Type": null,
        "Administrative Division ": null,
        "Administrative Division Type": null,
        "Archaeological From Date": null,
        "Archaeological To Date": null,
        "Assessment Activity Date": "2016-03-10",
        "Assessment Activity Type": "Desk-based",
        "Assessment Investigator - Actor": "Nichole Sheldrick",
        "BP Date From": null,
        "BP Date To": null,
        "Bedrock Geology Type": null,
        "Built Component": null,
        "Cadastral Reference": "None",
        "Construction Technique": null,
        "Country Type": "Libya",
        "Cultural Period Certainty": "Possible, Possible, Possible",
        "Cultural Period Type": "Classical/Protohistoric/Pre-Islamic (North Africa), Classical/Protohistoric/Pre-Islamic (North Africa), Classical/Protohistoric/Pre-Islamic (North Africa)",
        "Cultural Sub-period Certainty": "Possible, Possible, Possible",
        "Cultural Sub-period Type": "Roman Imperial, Late (North Africa), Byzantine (Maghreb), Vandal (Maghreb)",
        "Damage Extent Type": "Unknown",
        "Date Inference Making Actor Name": "None, None, None",
        "Datum Description/EPSG code": null,
        "Datum Type": null,
        "Depositional Process": null,
        "Designation": null,
        "Designation From Date": null,
        "Designation To Date": null,
        "Detailed Condition Assessments": null,
        "Dimension Type": null,
        "Disturbance Cause Assignment Assessor Name - Actor": "None",
        "Disturbance Cause Category Type": "Unknown",
        "Disturbance Cause Certainty ": "Not Applicable",
        "Disturbance Cause Type ": "Unknown",
        "Disturbance Date From": "None",
        "Disturbance Date Occurred Before": "None",
        "Disturbance Date Occurred On ": "None",
        "Disturbance Date To ": "None",
        "EAMENA ID": "EAMENA-0086723",
        "Effect Certainty": "High",
        "Effect Type": "Collapse/Structural Damage",
        "Fetch Type": null,
        "GE Imagery Acquisition Date": null,
        "General Description": null,
        "General Description Type": null,
        "Geometry Extent Certainty": "",
        "Geometry Qualifier": "",
        "Google Earth Assessment": "None",
        "Grid ID": "E13N31-42",
        "Heritage Place Function": "Domestic, Defensive/Fortification, Agricultural/Pastoral",
        "Heritage Place Function Certainty ": "High, High, High",
        "Heritage Place Resource Instance": null,
        "Heritage Place Type": "Archaeological Site",
        "Imagery Acquisition Date": null,
        "Information Resource": null,
        "Information Resource Acquisition Date": null,
        "Intervention Activity Type": null,
        "Investigator Role Type": "",
        "Land Cover Assessment Date": null,
        "Land Cover Type": null,
        "Location Certainty": "Definite",
        "Material Class": null,
        "Material Type": null,
        "Maximum Depth/Min Elevation": null,
        "Measurement Number": null,
        "Measurement Source Type ": null,
        "Measurement Unit": null,
        "Minimum Depth/Max Elevation": null,
        "Name Type": "Alternative Reference, Designation, Alternative Reference",
        "Overall Archaeological Certainty Value ": "Definite",
        "Overall Condition State Type": "Good",
        "Overall Site Morphology Type": "Positive/Built Feature",
        "Overall Site Shape Type": "Irregular",
        "Priority Type": null,
        "Recommendation Type": null,
        "Related Geoarchaeology/Palaeolandscape": null,
        "Resource Name": "Gj008/BUW013a-g, E13N31-42_000030, BUL142",
        "Resource Orientation": "",
        "Restricted Access Record Designation": null,
        "SH Date From": null,
        "SH Date to": null,
        "Site Feature Arrangement Type": "Isolated",
        "Site Feature Form Type": "Structure",
        "Site Feature Form Type Certainty": "Definite",
        "Site Feature Interpretation Certainty": "High, High",
        "Site Feature Interpretation Number Type": "1, 1",
        "Site Feature Interpretation Type": "Settlement/Habitation Site, Farm Building",
        "Site Feature Number Type": "1",
        "Site Feature Shape Type": "Irregular",
        "Spatial Coordinates Ref System": "None",
        "Surficial Geology Type": null,
        "Threat Category": "",
        "Threat Cause Type": "No Visible/Known",
        "Threat Inference Making Assessor Name - Actor": "None",
        "Threat Probability ": "Not Applicable",
        "Tidal Range": null,
        "Topography Type": null,
        "Wave Climate": null
      },
      "type": "Feature"
    },
    {
      "geometry": {
        "coordinates": [
          13.975309,
          31.754354
        ],
        "type": "Point"
      },
      "properties": {
        "AH Date From": null,
        "AH Date To": null,
        "Address": null,
        "Address Type": null,
        "Administrative Division ": null,
        "Administrative Division Type": null,
        "Archaeological From Date": null,
        "Archaeological To Date": null,
        "Assessment Activity Date": "2020-04-16, 2020-04-16",
        "Assessment Activity Type": "Archaeological Assessment (Image Interpretation), Archaeological Assessment (Image Interpretation)",
        "Assessment Investigator - Actor": "Louise Rayne, Martin Sterry",
        "BP Date From": null,
        "BP Date To": null,
        "Bedrock Geology Type": null,
        "Built Component": null,
        "Cadastral Reference": "None, None",
        "Construction Technique": null,
        "Country Type": "Libya, ",
        "Cultural Period Certainty": "Possible",
        "Cultural Period Type": "Contemporary Islamic (MENA)",
        "Cultural Sub-period Certainty": null,
        "Cultural Sub-period Type": null,
        "Damage Extent Type": "91-100%",
        "Date Inference Making Actor Name": "Louise Rayne",
        "Datum Description/EPSG code": null,
        "Datum Type": null,
        "Depositional Process": null,
        "Designation": null,
        "Designation From Date": null,
        "Designation To Date": null,
        "Detailed Condition Assessments": null,
        "Dimension Type": null,
        "Disturbance Cause Assignment Assessor Name - Actor": "Louise Rayne",
        "Disturbance Cause Category Type": "Unknown",
        "Disturbance Cause Certainty ": "Medium",
        "Disturbance Cause Type ": "Demolition/Destruction",
        "Disturbance Date From": "None",
        "Disturbance Date Occurred Before": "2013-03-31",
        "Disturbance Date Occurred On ": "None",
        "Disturbance Date To ": "None",
        "EAMENA ID": "EAMENA-0178826",
        "Effect Certainty": null,
        "Effect Type": null,
        "Fetch Type": null,
        "GE Imagery Acquisition Date": null,
        "General Description": null,
        "General Description Type": null,
        "Geometry Extent Certainty": "",
        "Geometry Qualifier": "",
        "Google Earth Assessment": "None, None",
        "Grid ID": "E13N31-44, ",
        "Heritage Place Function": "Funerary/Memorial",
        "Heritage Place Function Certainty ": "Medium",
        "Heritage Place Resource Instance": null,
        "Heritage Place Type": "Structural Heritage",
        "Imagery Acquisition Date": null,
        "Information Resource": null,
        "Information Resource Acquisition Date": null,
        "Intervention Activity Type": null,
        "Investigator Role Type": "EAMENA Project Staff, EAMENA Project Staff",
        "Land Cover Assessment Date": null,
        "Land Cover Type": null,
        "Location Certainty": "High",
        "Material Class": null,
        "Material Type": null,
        "Maximum Depth/Min Elevation": null,
        "Measurement Number": null,
        "Measurement Source Type ": null,
        "Measurement Unit": null,
        "Minimum Depth/Max Elevation": null,
        "Name Type": "Alternative Reference",
        "Overall Archaeological Certainty Value ": "Medium",
        "Overall Condition State Type": "Destroyed",
        "Overall Site Morphology Type": "Positive/Built Feature",
        "Overall Site Shape Type": ", Rectangular/Square",
        "Priority Type": null,
        "Recommendation Type": null,
        "Related Geoarchaeology/Palaeolandscape": null,
        "Resource Name": "BUL146",
        "Resource Orientation": ", ",
        "Restricted Access Record Designation": null,
        "SH Date From": null,
        "SH Date to": null,
        "Site Feature Arrangement Type": "Discrete",
        "Site Feature Form Type": "Structure",
        "Site Feature Form Type Certainty": "High",
        "Site Feature Interpretation Certainty": "High",
        "Site Feature Interpretation Number Type": "1",
        "Site Feature Interpretation Type": "Mosque/Imam/Marabout",
        "Site Feature Number Type": "1",
        "Site Feature Shape Type": "Rectangular/Square",
        "Spatial Coordinates Ref System": "None",
        "Surficial Geology Type": null,
        "Threat Category": "",
        "Threat Cause Type": "",
        "Threat Inference Making Assessor Name - Actor": "Louise Rayne",
        "Threat Probability ": "",
        "Tidal Range": null,
        "Topography Type": null,
        "Wave Climate": null
      },
      "type": "Feature"
    },
    {
      "geometry": {
        "coordinates": [
          13.982372,
          31.756879
        ],
        "type": "Point"
      },
      "properties": {
        "AH Date From": null,
        "AH Date To": null,
        "Address": null,
        "Address Type": null,
        "Administrative Division ": null,
        "Administrative Division Type": null,
        "Archaeological From Date": null,
        "Archaeological To Date": null,
        "Assessment Activity Date": "2019-08-16, 2019-07-17",
        "Assessment Activity Type": "Condition Assessment (Image Interpretation), Literature Interpretation/Digitisation",
        "Assessment Investigator - Actor": "Nichole Sheldrick, Nichole Sheldrick",
        "BP Date From": null,
        "BP Date To": null,
        "Bedrock Geology Type": null,
        "Built Component": null,
        "Cadastral Reference": "None",
        "Construction Technique": null,
        "Country Type": "Libya",
        "Cultural Period Certainty": "Possible",
        "Cultural Period Type": "Islamic (North Africa)",
        "Cultural Sub-period Certainty": "Possible",
        "Cultural Sub-period Type": "Unknown",
        "Damage Extent Type": "Unknown",
        "Date Inference Making Actor Name": "UNESCO Libyan Valleys Survey Gazetteer",
        "Datum Description/EPSG code": null,
        "Datum Type": null,
        "Depositional Process": null,
        "Designation": null,
        "Designation From Date": null,
        "Designation To Date": null,
        "Detailed Condition Assessments": null,
        "Dimension Type": null,
        "Disturbance Cause Assignment Assessor Name - Actor": "Nichole Sheldrick",
        "Disturbance Cause Category Type": "Unknown",
        "Disturbance Cause Certainty ": "Not Applicable",
        "Disturbance Cause Type ": "Unknown",
        "Disturbance Date From": "None",
        "Disturbance Date Occurred Before": "None",
        "Disturbance Date Occurred On ": "None",
        "Disturbance Date To ": "None",
        "EAMENA ID": "EAMENA-0189626",
        "Effect Certainty": "Not Applicable",
        "Effect Type": "Unknown",
        "Fetch Type": null,
        "GE Imagery Acquisition Date": null,
        "General Description": null,
        "General Description Type": null,
        "Geometry Extent Certainty": "Negligible",
        "Geometry Qualifier": "",
        "Google Earth Assessment": "None, None",
        "Grid ID": "E14N31-33",
        "Heritage Place Function": "Domestic",
        "Heritage Place Function Certainty ": "Definite",
        "Heritage Place Resource Instance": null,
        "Heritage Place Type": "Structural Heritage",
        "Imagery Acquisition Date": null,
        "Information Resource": null,
        "Information Resource Acquisition Date": null,
        "Intervention Activity Type": null,
        "Investigator Role Type": "EAMENA Project Staff, EAMENA Project Staff",
        "Land Cover Assessment Date": null,
        "Land Cover Type": null,
        "Location Certainty": "Medium",
        "Material Class": null,
        "Material Type": null,
        "Maximum Depth/Min Elevation": null,
        "Measurement Number": null,
        "Measurement Source Type ": null,
        "Measurement Unit": null,
        "Minimum Depth/Max Elevation": null,
        "Name Type": "Alternative Reference, Alternative Reference, Alternative Reference, Alternative Reference",
        "Overall Archaeological Certainty Value ": "Definite",
        "Overall Condition State Type": "Unknown",
        "Overall Site Morphology Type": "Positive/Built Feature",
        "Overall Site Shape Type": "Irregular",
        "Priority Type": null,
        "Recommendation Type": null,
        "Related Geoarchaeology/Palaeolandscape": null,
        "Resource Name": "BUW007, BUW 00007, BUW7, BUL152",
        "Resource Orientation": "",
        "Restricted Access Record Designation": null,
        "SH Date From": null,
        "SH Date to": null,
        "Site Feature Arrangement Type": "Multiple",
        "Site Feature Form Type": "Structure",
        "Site Feature Form Type Certainty": "Definite",
        "Site Feature Interpretation Certainty": "Definite",
        "Site Feature Interpretation Number Type": "1",
        "Site Feature Interpretation Type": "Settlement/Habitation Site",
        "Site Feature Number Type": "Unknown",
        "Site Feature Shape Type": "Multiple",
        "Spatial Coordinates Ref System": "None",
        "Surficial Geology Type": null,
        "Threat Category": "Building and Development, Natural",
        "Threat Cause Type": "Unknown, Water and/or Wind Action",
        "Threat Inference Making Assessor Name - Actor": "Nichole Sheldrick, Nichole Sheldrick",
        "Threat Probability ": "Possible, Possible",
        "Tidal Range": null,
        "Topography Type": "Plain/Plateau, Precipice/Edge",
        "Wave Climate": null
      },
      "type": "Feature"
    },
    {
      "geometry": {
        "coordinates": [
          13.97913,
          31.755532
        ],
        "type": "Point"
      },
      "properties": {
        "AH Date From": null,
        "AH Date To": null,
        "Address": null,
        "Address Type": null,
        "Administrative Division ": null,
        "Administrative Division Type": null,
        "Archaeological From Date": null,
        "Archaeological To Date": null,
        "Assessment Activity Date": "2019-08-16, 2019-07-17",
        "Assessment Activity Type": "Condition Assessment (Image Interpretation), Literature Interpretation/Digitisation",
        "Assessment Investigator - Actor": "Nichole Sheldrick, Nichole Sheldrick",
        "BP Date From": null,
        "BP Date To": null,
        "Bedrock Geology Type": null,
        "Built Component": null,
        "Cadastral Reference": "None",
        "Construction Technique": null,
        "Country Type": "Libya",
        "Cultural Period Certainty": "Possible",
        "Cultural Period Type": "Islamic (North Africa)",
        "Cultural Sub-period Certainty": "Possible",
        "Cultural Sub-period Type": "Unknown",
        "Damage Extent Type": "Unknown",
        "Date Inference Making Actor Name": "UNESCO Libyan Valleys Survey Gazetteer",
        "Datum Description/EPSG code": null,
        "Datum Type": null,
        "Depositional Process": null,
        "Designation": null,
        "Designation From Date": null,
        "Designation To Date": null,
        "Detailed Condition Assessments": null,
        "Dimension Type": null,
        "Disturbance Cause Assignment Assessor Name - Actor": "Nichole Sheldrick",
        "Disturbance Cause Category Type": "Unknown",
        "Disturbance Cause Certainty ": "Not Applicable",
        "Disturbance Cause Type ": "Unknown",
        "Disturbance Date From": "None",
        "Disturbance Date Occurred Before": "None",
        "Disturbance Date Occurred On ": "None",
        "Disturbance Date To ": "None",
        "EAMENA ID": "EAMENA-0189615",
        "Effect Certainty": "Not Applicable",
        "Effect Type": "Unknown",
        "Fetch Type": null,
        "GE Imagery Acquisition Date": null,
        "General Description": null,
        "General Description Type": null,
        "Geometry Extent Certainty": "Negligible",
        "Geometry Qualifier": "",
        "Google Earth Assessment": "None, None",
        "Grid ID": "E14N31-33",
        "Heritage Place Function": "Domestic",
        "Heritage Place Function Certainty ": "Definite",
        "Heritage Place Resource Instance": null,
        "Heritage Place Type": "Structural Heritage",
        "Imagery Acquisition Date": null,
        "Information Resource": null,
        "Information Resource Acquisition Date": null,
        "Intervention Activity Type": null,
        "Investigator Role Type": "EAMENA Project Staff, EAMENA Project Staff",
        "Land Cover Assessment Date": null,
        "Land Cover Type": null,
        "Location Certainty": "Medium",
        "Material Class": null,
        "Material Type": null,
        "Maximum Depth/Min Elevation": null,
        "Measurement Number": null,
        "Measurement Source Type ": null,
        "Measurement Unit": null,
        "Minimum Depth/Max Elevation": null,
        "Name Type": "Alternative Reference, Alternative Reference, Alternative Reference, Alternative Reference",
        "Overall Archaeological Certainty Value ": "Definite",
        "Overall Condition State Type": "Unknown",
        "Overall Site Morphology Type": "Positive/Built Feature",
        "Overall Site Shape Type": "Irregular",
        "Priority Type": null,
        "Recommendation Type": null,
        "Related Geoarchaeology/Palaeolandscape": null,
        "Resource Name": "BUW008, BUW 00008, BUW8, BUL151",
        "Resource Orientation": "",
        "Restricted Access Record Designation": null,
        "SH Date From": null,
        "SH Date to": null,
        "Site Feature Arrangement Type": "Multiple",
        "Site Feature Form Type": "Structure",
        "Site Feature Form Type Certainty": "Definite",
        "Site Feature Interpretation Certainty": "Definite",
        "Site Feature Interpretation Number Type": "1",
        "Site Feature Interpretation Type": "Settlement/Habitation Site",
        "Site Feature Number Type": "Unknown",
        "Site Feature Shape Type": "Multiple",
        "Spatial Coordinates Ref System": "None",
        "Surficial Geology Type": null,
        "Threat Category": "Building and Development, Natural",
        "Threat Cause Type": "Unknown, Water and/or Wind Action",
        "Threat Inference Making Assessor Name - Actor": "Nichole Sheldrick, Nichole Sheldrick",
        "Threat Probability ": "Possible, Possible",
        "Tidal Range": null,
        "Topography Type": "Plain/Plateau, Precipice/Edge",
        "Wave Climate": null
      },
      "type": "Feature"
    },
    {
      "geometry": {
        "coordinates": [
          13.985916,
          31.758506
        ],
        "type": "Point"
      },
      "properties": {
        "AH Date From": null,
        "AH Date To": null,
        "Address": null,
        "Address Type": null,
        "Administrative Division ": null,
        "Administrative Division Type": null,
        "Archaeological From Date": null,
        "Archaeological To Date": null,
        "Assessment Activity Date": "2016-03-10",
        "Assessment Activity Type": "Desk-based",
        "Assessment Investigator - Actor": "Nichole Sheldrick",
        "BP Date From": null,
        "BP Date To": null,
        "Bedrock Geology Type": null,
        "Built Component": null,
        "Cadastral Reference": "None, None",
        "Construction Technique": null,
        "Country Type": ", Libya",
        "Cultural Period Certainty": "Possible, Possible, Possible",
        "Cultural Period Type": "Classical/Protohistoric/Pre-Islamic (North Africa), Classical/Protohistoric/Pre-Islamic (North Africa), Classical/Protohistoric/Pre-Islamic (North Africa)",
        "Cultural Sub-period Certainty": "Possible, Possible, Possible",
        "Cultural Sub-period Type": "Vandal (Maghreb), Byzantine (Maghreb), Roman Imperial, Late (North Africa)",
        "Damage Extent Type": "Unknown",
        "Date Inference Making Actor Name": "None, None, None",
        "Datum Description/EPSG code": null,
        "Datum Type": null,
        "Depositional Process": null,
        "Designation": null,
        "Designation From Date": null,
        "Designation To Date": null,
        "Detailed Condition Assessments": null,
        "Dimension Type": null,
        "Disturbance Cause Assignment Assessor Name - Actor": "None",
        "Disturbance Cause Category Type": "Unknown",
        "Disturbance Cause Certainty ": "Not Applicable",
        "Disturbance Cause Type ": "Unknown",
        "Disturbance Date From": "None",
        "Disturbance Date Occurred Before": "None",
        "Disturbance Date Occurred On ": "None",
        "Disturbance Date To ": "None",
        "EAMENA ID": "EAMENA-0086738",
        "Effect Certainty": "Not Applicable",
        "Effect Type": "Unknown",
        "Fetch Type": null,
        "GE Imagery Acquisition Date": null,
        "General Description": null,
        "General Description Type": null,
        "Geometry Extent Certainty": "Low",
        "Geometry Qualifier": "",
        "Google Earth Assessment": "None",
        "Grid ID": "E13N31-44, ",
        "Heritage Place Function": "Agricultural/Pastoral, Defensive/Fortification, Domestic",
        "Heritage Place Function Certainty ": "High, High, High",
        "Heritage Place Resource Instance": null,
        "Heritage Place Type": null,
        "Imagery Acquisition Date": null,
        "Information Resource": null,
        "Information Resource Acquisition Date": null,
        "Intervention Activity Type": null,
        "Investigator Role Type": "",
        "Land Cover Assessment Date": null,
        "Land Cover Type": null,
        "Location Certainty": "Medium",
        "Material Class": null,
        "Material Type": null,
        "Maximum Depth/Min Elevation": null,
        "Measurement Number": null,
        "Measurement Source Type ": null,
        "Measurement Unit": null,
        "Minimum Depth/Max Elevation": null,
        "Name Type": "Alternative Reference, Toponym, Designation, Alternative Reference",
        "Overall Archaeological Certainty Value ": "Definite",
        "Overall Condition State Type": "Unknown",
        "Overall Site Morphology Type": "Positive/Built Feature",
        "Overall Site Shape Type": ", Unknown",
        "Priority Type": null,
        "Recommendation Type": null,
        "Related Geoarchaeology/Palaeolandscape": null,
        "Resource Name": "BUW006-g, Gasr el Menasla, E13N31-44_000012, BUL153",
        "Resource Orientation": ", ",
        "Restricted Access Record Designation": null,
        "SH Date From": null,
        "SH Date to": null,
        "Site Feature Arrangement Type": "Unknown",
        "Site Feature Form Type": "Structure",
        "Site Feature Form Type Certainty": "Definite",
        "Site Feature Interpretation Certainty": "High, High",
        "Site Feature Interpretation Number Type": "1, 1",
        "Site Feature Interpretation Type": "Farm Building, Settlement/Habitation Site",
        "Site Feature Number Type": "1",
        "Site Feature Shape Type": "Unknown",
        "Spatial Coordinates Ref System": "None",
        "Surficial Geology Type": null,
        "Threat Category": "Unknown",
        "Threat Cause Type": "Unknown",
        "Threat Inference Making Assessor Name - Actor": "None",
        "Threat Probability ": "Not Applicable",
        "Tidal Range": null,
        "Topography Type": "Plain/Plateau, Precipice/Edge",
        "Wave Climate": null
      },
      "type": "Feature"
    },
    {
      "geometry": {
        "coordinates": [
          13.994491,
          31.759451
        ],
        "type": "Point"
      },
      "properties": {
        "AH Date From": null,
        "AH Date To": null,
        "Address": null,
        "Address Type": null,
        "Administrative Division ": null,
        "Administrative Division Type": null,
        "Archaeological From Date": null,
        "Archaeological To Date": null,
        "Assessment Activity Date": "2020-04-16, 2020-04-16",
        "Assessment Activity Type": "Archaeological Assessment (Image Interpretation), Archaeological Assessment (Image Interpretation)",
        "Assessment Investigator - Actor": "Martin Sterry, Louise Rayne",
        "BP Date From": null,
        "BP Date To": null,
        "Bedrock Geology Type": null,
        "Built Component": null,
        "Cadastral Reference": "None, None",
        "Construction Technique": null,
        "Country Type": "Libya, ",
        "Cultural Period Certainty": "Possible",
        "Cultural Period Type": "Contemporary Islamic (MENA)",
        "Cultural Sub-period Certainty": null,
        "Cultural Sub-period Type": null,
        "Damage Extent Type": "91-100%",
        "Date Inference Making Actor Name": "Louise Rayne",
        "Datum Description/EPSG code": null,
        "Datum Type": null,
        "Depositional Process": null,
        "Designation": null,
        "Designation From Date": null,
        "Designation To Date": null,
        "Detailed Condition Assessments": null,
        "Dimension Type": null,
        "Disturbance Cause Assignment Assessor Name - Actor": "Louise Rayne",
        "Disturbance Cause Category Type": "Unknown",
        "Disturbance Cause Certainty ": "Medium",
        "Disturbance Cause Type ": "Demolition/Destruction",
        "Disturbance Date From": "None",
        "Disturbance Date Occurred Before": "2004-08-27",
        "Disturbance Date Occurred On ": "None",
        "Disturbance Date To ": "None",
        "EAMENA ID": "EAMENA-0178822",
        "Effect Certainty": null,
        "Effect Type": null,
        "Fetch Type": null,
        "GE Imagery Acquisition Date": null,
        "General Description": null,
        "General Description Type": null,
        "Geometry Extent Certainty": "",
        "Geometry Qualifier": "",
        "Google Earth Assessment": "None, None",
        "Grid ID": "E13N31-44, ",
        "Heritage Place Function": "Funerary/Memorial",
        "Heritage Place Function Certainty ": "Medium",
        "Heritage Place Resource Instance": null,
        "Heritage Place Type": "Structural Heritage",
        "Imagery Acquisition Date": null,
        "Information Resource": null,
        "Information Resource Acquisition Date": null,
        "Intervention Activity Type": null,
        "Investigator Role Type": "EAMENA Project Staff, EAMENA Project Staff",
        "Land Cover Assessment Date": null,
        "Land Cover Type": null,
        "Location Certainty": "High",
        "Material Class": null,
        "Material Type": null,
        "Maximum Depth/Min Elevation": null,
        "Measurement Number": null,
        "Measurement Source Type ": null,
        "Measurement Unit": null,
        "Minimum Depth/Max Elevation": null,
        "Name Type": "Alternative Reference",
        "Overall Archaeological Certainty Value ": "Medium",
        "Overall Condition State Type": "Destroyed",
        "Overall Site Morphology Type": "Positive/Built Feature",
        "Overall Site Shape Type": ", Rectangular/Square",
        "Priority Type": null,
        "Recommendation Type": null,
        "Related Geoarchaeology/Palaeolandscape": null,
        "Resource Name": "BUL155",
        "Resource Orientation": ", ",
        "Restricted Access Record Designation": null,
        "SH Date From": null,
        "SH Date to": null,
        "Site Feature Arrangement Type": "Discrete",
        "Site Feature Form Type": "Structure",
        "Site Feature Form Type Certainty": "High",
        "Site Feature Interpretation Certainty": "High",
        "Site Feature Interpretation Number Type": "1",
        "Site Feature Interpretation Type": "Mosque/Imam/Marabout",
        "Site Feature Number Type": "1",
        "Site Feature Shape Type": "Rectangular/Square",
        "Spatial Coordinates Ref System": "None",
        "Surficial Geology Type": null,
        "Threat Category": "",
        "Threat Cause Type": "",
        "Threat Inference Making Assessor Name - Actor": "Louise Rayne",
        "Threat Probability ": "",
        "Tidal Range": null,
        "Topography Type": null,
        "Wave Climate": null
      },
      "type": "Feature"
    },
    {
      "geometry": {
        "coordinates": [
          13.977664,
          31.75339
        ],
        "type": "Point"
      },
      "properties": {
        "AH Date From": null,
        "AH Date To": null,
        "Address": null,
        "Address Type": null,
        "Administrative Division ": null,
        "Administrative Division Type": null,
        "Archaeological From Date": null,
        "Archaeological To Date": null,
        "Assessment Activity Date": "2020-04-16, 2020-04-16",
        "Assessment Activity Type": "Archaeological Assessment (Image Interpretation), Archaeological Assessment (Image Interpretation)",
        "Assessment Investigator - Actor": "Louise Rayne, Martin Sterry",
        "BP Date From": null,
        "BP Date To": null,
        "Bedrock Geology Type": null,
        "Built Component": null,
        "Cadastral Reference": "None, None",
        "Construction Technique": null,
        "Country Type": "Libya, ",
        "Cultural Period Certainty": "Possible",
        "Cultural Period Type": "Contemporary Islamic (MENA)",
        "Cultural Sub-period Certainty": null,
        "Cultural Sub-period Type": null,
        "Damage Extent Type": "91-100%",
        "Date Inference Making Actor Name": "Louise Rayne",
        "Datum Description/EPSG code": null,
        "Datum Type": null,
        "Depositional Process": null,
        "Designation": null,
        "Designation From Date": null,
        "Designation To Date": null,
        "Detailed Condition Assessments": null,
        "Dimension Type": null,
        "Disturbance Cause Assignment Assessor Name - Actor": "Louise Rayne",
        "Disturbance Cause Category Type": "Unknown",
        "Disturbance Cause Certainty ": "Medium",
        "Disturbance Cause Type ": "Demolition/Destruction",
        "Disturbance Date From": "None",
        "Disturbance Date Occurred Before": "2013-03-31",
        "Disturbance Date Occurred On ": "None",
        "Disturbance Date To ": "None",
        "EAMENA ID": "EAMENA-0178824",
        "Effect Certainty": null,
        "Effect Type": null,
        "Fetch Type": null,
        "GE Imagery Acquisition Date": null,
        "General Description": null,
        "General Description Type": null,
        "Geometry Extent Certainty": "",
        "Geometry Qualifier": "",
        "Google Earth Assessment": "None, None",
        "Grid ID": "E13N31-44, ",
        "Heritage Place Function": "Funerary/Memorial",
        "Heritage Place Function Certainty ": "Medium",
        "Heritage Place Resource Instance": null,
        "Heritage Place Type": "Structural Heritage",
        "Imagery Acquisition Date": null,
        "Information Resource": null,
        "Information Resource Acquisition Date": null,
        "Intervention Activity Type": null,
        "Investigator Role Type": "EAMENA Project Staff, EAMENA Project Staff",
        "Land Cover Assessment Date": null,
        "Land Cover Type": null,
        "Location Certainty": "High",
        "Material Class": null,
        "Material Type": null,
        "Maximum Depth/Min Elevation": null,
        "Measurement Number": null,
        "Measurement Source Type ": null,
        "Measurement Unit": null,
        "Minimum Depth/Max Elevation": null,
        "Name Type": "Alternative Reference",
        "Overall Archaeological Certainty Value ": "Medium",
        "Overall Condition State Type": "Destroyed",
        "Overall Site Morphology Type": "Positive/Built Feature",
        "Overall Site Shape Type": ", Rectangular/Square",
        "Priority Type": null,
        "Recommendation Type": null,
        "Related Geoarchaeology/Palaeolandscape": null,
        "Resource Name": "BUL148",
        "Resource Orientation": ", ",
        "Restricted Access Record Designation": null,
        "SH Date From": null,
        "SH Date to": null,
        "Site Feature Arrangement Type": "Discrete",
        "Site Feature Form Type": "Structure",
        "Site Feature Form Type Certainty": "High",
        "Site Feature Interpretation Certainty": "High",
        "Site Feature Interpretation Number Type": "1",
        "Site Feature Interpretation Type": "Mosque/Imam/Marabout",
        "Site Feature Number Type": "1",
        "Site Feature Shape Type": "Rectangular/Square",
        "Spatial Coordinates Ref System": "None",
        "Surficial Geology Type": null,
        "Threat Category": "",
        "Threat Cause Type": "",
        "Threat Inference Making Assessor Name - Actor": "Louise Rayne",
        "Threat Probability ": "",
        "Tidal Range": null,
        "Topography Type": null,
        "Wave Climate": null
      },
      "type": "Feature"
    },
    {
      "geometry": {
        "coordinates": [
          13.979567,
          31.754118
        ],
        "type": "Point"
      },
      "properties": {
        "AH Date From": null,
        "AH Date To": null,
        "Address": null,
        "Address Type": null,
        "Administrative Division ": null,
        "Administrative Division Type": null,
        "Archaeological From Date": null,
        "Archaeological To Date": null,
        "Assessment Activity Date": "2020-04-16, 2020-04-16",
        "Assessment Activity Type": "Archaeological Assessment (Image Interpretation), Archaeological Assessment (Image Interpretation)",
        "Assessment Investigator - Actor": "Louise Rayne, Martin Sterry",
        "BP Date From": null,
        "BP Date To": null,
        "Bedrock Geology Type": null,
        "Built Component": null,
        "Cadastral Reference": "None, None",
        "Construction Technique": null,
        "Country Type": ", Libya",
        "Cultural Period Certainty": "Possible",
        "Cultural Period Type": "Contemporary Islamic (MENA)",
        "Cultural Sub-period Certainty": null,
        "Cultural Sub-period Type": null,
        "Damage Extent Type": "91-100%",
        "Date Inference Making Actor Name": "Louise Rayne",
        "Datum Description/EPSG code": null,
        "Datum Type": null,
        "Depositional Process": null,
        "Designation": null,
        "Designation From Date": null,
        "Designation To Date": null,
        "Detailed Condition Assessments": null,
        "Dimension Type": null,
        "Disturbance Cause Assignment Assessor Name - Actor": "Louise Rayne",
        "Disturbance Cause Category Type": "Unknown",
        "Disturbance Cause Certainty ": "Medium",
        "Disturbance Cause Type ": "Demolition/Destruction",
        "Disturbance Date From": "None",
        "Disturbance Date Occurred Before": "2013-03-31",
        "Disturbance Date Occurred On ": "None",
        "Disturbance Date To ": "None",
        "EAMENA ID": "EAMENA-0178830",
        "Effect Certainty": null,
        "Effect Type": null,
        "Fetch Type": null,
        "GE Imagery Acquisition Date": null,
        "General Description": null,
        "General Description Type": null,
        "Geometry Extent Certainty": "",
        "Geometry Qualifier": "",
        "Google Earth Assessment": "None, None",
        "Grid ID": ", E13N31-44",
        "Heritage Place Function": "Funerary/Memorial",
        "Heritage Place Function Certainty ": "Medium",
        "Heritage Place Resource Instance": null,
        "Heritage Place Type": "Structural Heritage",
        "Imagery Acquisition Date": null,
        "Information Resource": null,
        "Information Resource Acquisition Date": null,
        "Intervention Activity Type": null,
        "Investigator Role Type": "EAMENA Project Staff, EAMENA Project Staff",
        "Land Cover Assessment Date": null,
        "Land Cover Type": null,
        "Location Certainty": "High",
        "Material Class": null,
        "Material Type": null,
        "Maximum Depth/Min Elevation": null,
        "Measurement Number": null,
        "Measurement Source Type ": null,
        "Measurement Unit": null,
        "Minimum Depth/Max Elevation": null,
        "Name Type": "Alternative Reference",
        "Overall Archaeological Certainty Value ": "Medium",
        "Overall Condition State Type": "Destroyed",
        "Overall Site Morphology Type": "Positive/Built Feature",
        "Overall Site Shape Type": "Rectangular/Square, ",
        "Priority Type": null,
        "Recommendation Type": null,
        "Related Geoarchaeology/Palaeolandscape": null,
        "Resource Name": "BUL150",
        "Resource Orientation": ", ",
        "Restricted Access Record Designation": null,
        "SH Date From": null,
        "SH Date to": null,
        "Site Feature Arrangement Type": "Discrete",
        "Site Feature Form Type": "Structure",
        "Site Feature Form Type Certainty": "High",
        "Site Feature Interpretation Certainty": "High",
        "Site Feature Interpretation Number Type": "1",
        "Site Feature Interpretation Type": "Mosque/Imam/Marabout",
        "Site Feature Number Type": "1",
        "Site Feature Shape Type": "Rectangular/Square",
        "Spatial Coordinates Ref System": "None",
        "Surficial Geology Type": null,
        "Threat Category": "",
        "Threat Cause Type": "",
        "Threat Inference Making Assessor Name - Actor": "Louise Rayne",
        "Threat Probability ": "",
        "Tidal Range": null,
        "Topography Type": null,
        "Wave Climate": null
      },
      "type": "Feature"
    },
    {
      "geometry": {
        "coordinates": [
          13.977315,
          31.753441
        ],
        "type": "Point"
      },
      "properties": {
        "AH Date From": null,
        "AH Date To": null,
        "Address": null,
        "Address Type": null,
        "Administrative Division ": null,
        "Administrative Division Type": null,
        "Archaeological From Date": null,
        "Archaeological To Date": null,
        "Assessment Activity Date": "2020-04-16, 2020-04-16",
        "Assessment Activity Type": "Archaeological Assessment (Image Interpretation), Archaeological Assessment (Image Interpretation)",
        "Assessment Investigator - Actor": "Louise Rayne, Martin Sterry",
        "BP Date From": null,
        "BP Date To": null,
        "Bedrock Geology Type": null,
        "Built Component": null,
        "Cadastral Reference": "None, None",
        "Construction Technique": null,
        "Country Type": ", Libya",
        "Cultural Period Certainty": "Possible",
        "Cultural Period Type": "Contemporary Islamic (MENA)",
        "Cultural Sub-period Certainty": null,
        "Cultural Sub-period Type": null,
        "Damage Extent Type": "91-100%",
        "Date Inference Making Actor Name": "Louise Rayne",
        "Datum Description/EPSG code": null,
        "Datum Type": null,
        "Depositional Process": null,
        "Designation": null,
        "Designation From Date": null,
        "Designation To Date": null,
        "Detailed Condition Assessments": null,
        "Dimension Type": null,
        "Disturbance Cause Assignment Assessor Name - Actor": "Louise Rayne",
        "Disturbance Cause Category Type": "Unknown",
        "Disturbance Cause Certainty ": "Medium",
        "Disturbance Cause Type ": "Demolition/Destruction",
        "Disturbance Date From": "None",
        "Disturbance Date Occurred Before": "2013-03-31",
        "Disturbance Date Occurred On ": "None",
        "Disturbance Date To ": "None",
        "EAMENA ID": "EAMENA-0178823",
        "Effect Certainty": null,
        "Effect Type": null,
        "Fetch Type": null,
        "GE Imagery Acquisition Date": null,
        "General Description": null,
        "General Description Type": null,
        "Geometry Extent Certainty": "",
        "Geometry Qualifier": "",
        "Google Earth Assessment": "None, None",
        "Grid ID": ", E13N31-44",
        "Heritage Place Function": "Funerary/Memorial",
        "Heritage Place Function Certainty ": "Medium",
        "Heritage Place Resource Instance": null,
        "Heritage Place Type": "Structural Heritage",
        "Imagery Acquisition Date": null,
        "Information Resource": null,
        "Information Resource Acquisition Date": null,
        "Intervention Activity Type": null,
        "Investigator Role Type": "EAMENA Project Staff, EAMENA Project Staff",
        "Land Cover Assessment Date": null,
        "Land Cover Type": null,
        "Location Certainty": "High",
        "Material Class": null,
        "Material Type": null,
        "Maximum Depth/Min Elevation": null,
        "Measurement Number": null,
        "Measurement Source Type ": null,
        "Measurement Unit": null,
        "Minimum Depth/Max Elevation": null,
        "Name Type": "Alternative Reference",
        "Overall Archaeological Certainty Value ": "Medium",
        "Overall Condition State Type": "Destroyed",
        "Overall Site Morphology Type": "Positive/Built Feature",
        "Overall Site Shape Type": "Rectangular/Square, ",
        "Priority Type": null,
        "Recommendation Type": null,
        "Related Geoarchaeology/Palaeolandscape": null,
        "Resource Name": "BUL149",
        "Resource Orientation": ", ",
        "Restricted Access Record Designation": null,
        "SH Date From": null,
        "SH Date to": null,
        "Site Feature Arrangement Type": "Discrete",
        "Site Feature Form Type": "Structure",
        "Site Feature Form Type Certainty": "High",
        "Site Feature Interpretation Certainty": "High",
        "Site Feature Interpretation Number Type": "1",
        "Site Feature Interpretation Type": "Mosque/Imam/Marabout",
        "Site Feature Number Type": "1",
        "Site Feature Shape Type": "Rectangular/Square",
        "Spatial Coordinates Ref System": "None",
        "Surficial Geology Type": null,
        "Threat Category": "",
        "Threat Cause Type": "",
        "Threat Inference Making Assessor Name - Actor": "Louise Rayne",
        "Threat Probability ": "",
        "Tidal Range": null,
        "Topography Type": null,
        "Wave Climate": null
      },
      "type": "Feature"
    },
    {
      "geometry": {
        "coordinates": [
          13.994843,
          31.759138
        ],
        "type": "Point"
      },
      "properties": {
        "AH Date From": null,
        "AH Date To": null,
        "Address": null,
        "Address Type": null,
        "Administrative Division ": null,
        "Administrative Division Type": null,
        "Archaeological From Date": null,
        "Archaeological To Date": null,
        "Assessment Activity Date": "2020-04-16, 2020-04-16",
        "Assessment Activity Type": "Archaeological Assessment (Image Interpretation), Archaeological Assessment (Image Interpretation)",
        "Assessment Investigator - Actor": "Louise Rayne, Martin Sterry",
        "BP Date From": null,
        "BP Date To": null,
        "Bedrock Geology Type": null,
        "Built Component": null,
        "Cadastral Reference": "None, None",
        "Construction Technique": null,
        "Country Type": ", Libya",
        "Cultural Period Certainty": "Possible",
        "Cultural Period Type": "Contemporary Islamic (MENA)",
        "Cultural Sub-period Certainty": null,
        "Cultural Sub-period Type": null,
        "Damage Extent Type": "91-100%",
        "Date Inference Making Actor Name": "Louise Rayne",
        "Datum Description/EPSG code": null,
        "Datum Type": null,
        "Depositional Process": null,
        "Designation": null,
        "Designation From Date": null,
        "Designation To Date": null,
        "Detailed Condition Assessments": null,
        "Dimension Type": null,
        "Disturbance Cause Assignment Assessor Name - Actor": "Louise Rayne",
        "Disturbance Cause Category Type": "Unknown",
        "Disturbance Cause Certainty ": "Medium",
        "Disturbance Cause Type ": "Demolition/Destruction",
        "Disturbance Date From": "None",
        "Disturbance Date Occurred Before": "2013-03-31",
        "Disturbance Date Occurred On ": "None",
        "Disturbance Date To ": "None",
        "EAMENA ID": "EAMENA-0178821",
        "Effect Certainty": null,
        "Effect Type": null,
        "Fetch Type": null,
        "GE Imagery Acquisition Date": null,
        "General Description": null,
        "General Description Type": null,
        "Geometry Extent Certainty": "",
        "Geometry Qualifier": "",
        "Google Earth Assessment": "None, None",
        "Grid ID": ", E13N31-44",
        "Heritage Place Function": "Funerary/Memorial",
        "Heritage Place Function Certainty ": "Medium",
        "Heritage Place Resource Instance": null,
        "Heritage Place Type": "Structural Heritage",
        "Imagery Acquisition Date": null,
        "Information Resource": null,
        "Information Resource Acquisition Date": null,
        "Intervention Activity Type": null,
        "Investigator Role Type": "EAMENA Project Staff, EAMENA Project Staff",
        "Land Cover Assessment Date": null,
        "Land Cover Type": null,
        "Location Certainty": "High",
        "Material Class": null,
        "Material Type": null,
        "Maximum Depth/Min Elevation": null,
        "Measurement Number": null,
        "Measurement Source Type ": null,
        "Measurement Unit": null,
        "Minimum Depth/Max Elevation": null,
        "Name Type": "Alternative Reference",
        "Overall Archaeological Certainty Value ": "Medium",
        "Overall Condition State Type": "Destroyed",
        "Overall Site Morphology Type": "Positive/Built Feature",
        "Overall Site Shape Type": "Rectangular/Square, ",
        "Priority Type": null,
        "Recommendation Type": null,
        "Related Geoarchaeology/Palaeolandscape": null,
        "Resource Name": "BUL154",
        "Resource Orientation": ", ",
        "Restricted Access Record Designation": null,
        "SH Date From": null,
        "SH Date to": null,
        "Site Feature Arrangement Type": "Discrete",
        "Site Feature Form Type": "Structure",
        "Site Feature Form Type Certainty": "High",
        "Site Feature Interpretation Certainty": "High",
        "Site Feature Interpretation Number Type": "1",
        "Site Feature Interpretation Type": "Mosque/Imam/Marabout",
        "Site Feature Number Type": "1",
        "Site Feature Shape Type": "Rectangular/Square",
        "Spatial Coordinates Ref System": "None",
        "Surficial Geology Type": null,
        "Threat Category": "",
        "Threat Cause Type": "",
        "Threat Inference Making Assessor Name - Actor": "Louise Rayne",
        "Threat Probability ": "",
        "Tidal Range": null,
        "Topography Type": null,
        "Wave Climate": null
      },
      "type": "Feature"
    },
    {
      "geometry": {
        "coordinates": [
          13.98987,
          31.759135
        ],
        "type": "Point"
      },
      "properties": {
        "AH Date From": null,
        "AH Date To": null,
        "Address": null,
        "Address Type": null,
        "Administrative Division ": null,
        "Administrative Division Type": null,
        "Archaeological From Date": null,
        "Archaeological To Date": null,
        "Assessment Activity Date": "2020-04-16, 2020-04-16",
        "Assessment Activity Type": "Archaeological Assessment (Image Interpretation), Archaeological Assessment (Image Interpretation)",
        "Assessment Investigator - Actor": "Louise Rayne, Martin Sterry",
        "BP Date From": null,
        "BP Date To": null,
        "Bedrock Geology Type": null,
        "Built Component": null,
        "Cadastral Reference": "None, None",
        "Construction Technique": null,
        "Country Type": "Libya, ",
        "Cultural Period Certainty": "Possible",
        "Cultural Period Type": "Contemporary Islamic (MENA)",
        "Cultural Sub-period Certainty": null,
        "Cultural Sub-period Type": null,
        "Damage Extent Type": "91-100%",
        "Date Inference Making Actor Name": "Louise Rayne",
        "Datum Description/EPSG code": null,
        "Datum Type": null,
        "Depositional Process": null,
        "Designation": null,
        "Designation From Date": null,
        "Designation To Date": null,
        "Detailed Condition Assessments": null,
        "Dimension Type": null,
        "Disturbance Cause Assignment Assessor Name - Actor": "Louise Rayne",
        "Disturbance Cause Category Type": "Unknown",
        "Disturbance Cause Certainty ": "Medium",
        "Disturbance Cause Type ": "Demolition/Destruction",
        "Disturbance Date From": "None",
        "Disturbance Date Occurred Before": "2013-03-31",
        "Disturbance Date Occurred On ": "None",
        "Disturbance Date To ": "None",
        "EAMENA ID": "EAMENA-0178828",
        "Effect Certainty": null,
        "Effect Type": null,
        "Fetch Type": null,
        "GE Imagery Acquisition Date": null,
        "General Description": null,
        "General Description Type": null,
        "Geometry Extent Certainty": "",
        "Geometry Qualifier": "",
        "Google Earth Assessment": "None, None",
        "Grid ID": "E13N31-44, ",
        "Heritage Place Function": "Funerary/Memorial",
        "Heritage Place Function Certainty ": "Medium",
        "Heritage Place Resource Instance": null,
        "Heritage Place Type": "Structural Heritage",
        "Imagery Acquisition Date": null,
        "Information Resource": null,
        "Information Resource Acquisition Date": null,
        "Intervention Activity Type": null,
        "Investigator Role Type": "EAMENA Project Staff, EAMENA Project Staff",
        "Land Cover Assessment Date": null,
        "Land Cover Type": null,
        "Location Certainty": "High",
        "Material Class": null,
        "Material Type": null,
        "Maximum Depth/Min Elevation": null,
        "Measurement Number": null,
        "Measurement Source Type ": null,
        "Measurement Unit": null,
        "Minimum Depth/Max Elevation": null,
        "Name Type": "Alternative Reference",
        "Overall Archaeological Certainty Value ": "Medium",
        "Overall Condition State Type": "Destroyed",
        "Overall Site Morphology Type": "Positive/Built Feature",
        "Overall Site Shape Type": ", Rectangular/Square",
        "Priority Type": null,
        "Recommendation Type": null,
        "Related Geoarchaeology/Palaeolandscape": null,
        "Resource Name": "BUL157",
        "Resource Orientation": ", ",
        "Restricted Access Record Designation": null,
        "SH Date From": null,
        "SH Date to": null,
        "Site Feature Arrangement Type": "Discrete",
        "Site Feature Form Type": "Structure",
        "Site Feature Form Type Certainty": "High",
        "Site Feature Interpretation Certainty": "High",
        "Site Feature Interpretation Number Type": "1",
        "Site Feature Interpretation Type": "Mosque/Imam/Marabout",
        "Site Feature Number Type": "1",
        "Site Feature Shape Type": "Rectangular/Square",
        "Spatial Coordinates Ref System": "None",
        "Surficial Geology Type": null,
        "Threat Category": "",
        "Threat Cause Type": "",
        "Threat Inference Making Assessor Name - Actor": "Louise Rayne",
        "Threat Probability ": "",
        "Tidal Range": null,
        "Topography Type": null,
        "Wave Climate": null
      },
      "type": "Feature"
    },
    {
      "geometry": {
        "coordinates": [
          13.987443,
          31.757979
        ],
        "type": "Point"
      },
      "properties": {
        "AH Date From": null,
        "AH Date To": null,
        "Address": null,
        "Address Type": null,
        "Administrative Division ": null,
        "Administrative Division Type": null,
        "Archaeological From Date": null,
        "Archaeological To Date": null,
        "Assessment Activity Date": "2020-04-16, 2020-04-16",
        "Assessment Activity Type": "Archaeological Assessment (Image Interpretation), Archaeological Assessment (Image Interpretation)",
        "Assessment Investigator - Actor": "Louise Rayne, Martin Sterry",
        "BP Date From": null,
        "BP Date To": null,
        "Bedrock Geology Type": null,
        "Built Component": null,
        "Cadastral Reference": "None, None",
        "Construction Technique": null,
        "Country Type": ", Libya",
        "Cultural Period Certainty": "Possible",
        "Cultural Period Type": "Contemporary Islamic (MENA)",
        "Cultural Sub-period Certainty": null,
        "Cultural Sub-period Type": null,
        "Damage Extent Type": "91-100%",
        "Date Inference Making Actor Name": "Louise Rayne",
        "Datum Description/EPSG code": null,
        "Datum Type": null,
        "Depositional Process": null,
        "Designation": null,
        "Designation From Date": null,
        "Designation To Date": null,
        "Detailed Condition Assessments": null,
        "Dimension Type": null,
        "Disturbance Cause Assignment Assessor Name - Actor": "Louise Rayne",
        "Disturbance Cause Category Type": "Unknown",
        "Disturbance Cause Certainty ": "Medium",
        "Disturbance Cause Type ": "Demolition/Destruction",
        "Disturbance Date From": "None",
        "Disturbance Date Occurred Before": "2012-07-06",
        "Disturbance Date Occurred On ": "None",
        "Disturbance Date To ": "None",
        "EAMENA ID": "EAMENA-0178829",
        "Effect Certainty": null,
        "Effect Type": null,
        "Fetch Type": null,
        "GE Imagery Acquisition Date": null,
        "General Description": null,
        "General Description Type": null,
        "Geometry Extent Certainty": "",
        "Geometry Qualifier": "",
        "Google Earth Assessment": "None, None",
        "Grid ID": ", E13N31-44",
        "Heritage Place Function": "Funerary/Memorial",
        "Heritage Place Function Certainty ": "Medium",
        "Heritage Place Resource Instance": null,
        "Heritage Place Type": "Structural Heritage",
        "Imagery Acquisition Date": null,
        "Information Resource": null,
        "Information Resource Acquisition Date": null,
        "Intervention Activity Type": null,
        "Investigator Role Type": "EAMENA Project Staff, EAMENA Project Staff",
        "Land Cover Assessment Date": null,
        "Land Cover Type": null,
        "Location Certainty": "High",
        "Material Class": null,
        "Material Type": null,
        "Maximum Depth/Min Elevation": null,
        "Measurement Number": null,
        "Measurement Source Type ": null,
        "Measurement Unit": null,
        "Minimum Depth/Max Elevation": null,
        "Name Type": "Alternative Reference",
        "Overall Archaeological Certainty Value ": "Medium",
        "Overall Condition State Type": "Destroyed",
        "Overall Site Morphology Type": "Positive/Built Feature",
        "Overall Site Shape Type": "Rectangular/Square, ",
        "Priority Type": null,
        "Recommendation Type": null,
        "Related Geoarchaeology/Palaeolandscape": null,
        "Resource Name": "BUL156",
        "Resource Orientation": ", ",
        "Restricted Access Record Designation": null,
        "SH Date From": null,
        "SH Date to": null,
        "Site Feature Arrangement Type": "Discrete",
        "Site Feature Form Type": "Structure",
        "Site Feature Form Type Certainty": "High",
        "Site Feature Interpretation Certainty": "High",
        "Site Feature Interpretation Number Type": "1",
        "Site Feature Interpretation Type": "Mosque/Imam/Marabout",
        "Site Feature Number Type": "1",
        "Site Feature Shape Type": "Rectangular/Square",
        "Spatial Coordinates Ref System": "None",
        "Surficial Geology Type": null,
        "Threat Category": "",
        "Threat Cause Type": "",
        "Threat Inference Making Assessor Name - Actor": "Louise Rayne",
        "Threat Probability ": "",
        "Tidal Range": null,
        "Topography Type": null,
        "Wave Climate": null
      },
      "type": "Feature"
    }
  ]
}