time_days,flux,flux_err
0.000000,0.99973152,0.00050000
0.002315,1.00029779,0.00050000
0.004630,1.00019675,0.00050000
0.006944,1.00016876,0.00050000
0.009259,1.00004314,0.00050000
0.011574,1.00030952,0.00050000
0.013889,0.99967516,0.00050000
0.016204,0.99996917,0.00050000
0.018519,0.99981679,0.00050000
0.020833,1.00036451,0.00050000
0.023148,1.00009217,0.00050000
0.025463,0.99993331,0.00050000
0.027778,0.99969582,0.00050000
0.030093,0.99996540,0.00050000
0.032407,1.00010530,0.00050000
0.034722,0.99997065,0.00050000
0.037037,1.00076271,0.00050000
0.039352,1.00062627,0.00050000
0.041667,0.99877455,0.00050000
0.043981,0.99919285,0.00050000
0.046296,1.00005719,0.00050000
0.048611,0.99994070,0.00050000
0.050926,1.00026584,0.00050000
0.053241,1.00027490,0.00050000
0.055556,1.00123238,0.00050000
0.057870,0.99962467,0.00050000
0.060185,0.99999909,0.00050000
0.062500,1.00121649,0.00050000
0.064815,1.00052567,0.00050000
0.067130,1.00054106,0.00050000
0.069444,0.99995974,0.00050000
0.071759,0.99939991,0.00050000
0.074074,1.00031489,0.00050000
0.076389,1.00029287,0.00050000
0.078704,0.99963189,0.00050000
0.081019,0.99991116,0.00050000
0.083333,1.00022395,0.00050000
0.085648,0.99979480,0.00050000
0.087963,1.00022523,0.00050000
0.090278,1.00032931,0.00050000
0.092593,1.00030655,0.00050000
0.094907,1.00004280,0.00050000
0.097222,1.00060001,0.00050000
0.099537,1.00075591,0.00050000
0.101852,1.00047793,0.00050000
0.104167,0.99991558,0.00050000
0.106481,1.00069770,0.00050000
0.108796,1.00008833,0.00050000
0.111111,1.00078581,0.00050000
0.113426,0.99981751,0.00050000
0.115741,1.00081781,0.00050000
0.118056,1.00035771,0.00050000
0.120370,0.99975053,0.00050000
0.122685,1.00022512,0.00050000
0.125000,1.00041628,0.00050000
0.127315,1.00053279,0.00050000
0.129630,0.99991245,0.00050000
0.131944,0.99985701,0.00050000
0.134259,1.00051764,0.00050000
0.136574,1.00019162,0.00050000
0.138889,1.00054989,0.00050000
0.141204,1.00081904,0.00050000
0.143519,0.99962203,0.00050000
0.145833,1.00058075,0.00050000
0.148148,1.00107301,0.00050000
0.150463,1.00031905,0.00050000
0.152778,1.00006953,0.00050000
0.155093,1.00085819,0.00050000
0.157407,1.00061591,0.00050000
0.159722,1.00094424,0.00050000
0.162037,1.00033080,0.00050000
0.164352,0.99976961,0.00050000
0.166667,1.00046262,0.00050000
0.168981,1.00030181,0.00050000
0.171296,1.00091949,0.00050000
0.173611,1.00063573,0.00050000
0.175926,0.99973058,0.00050000
0.178241,0.99995551,0.00050000
0.180556,1.00100207,0.00050000
0.182870,1.00090714,0.00050000
0.185185,1.00025421,0.00050000
0.187500,1.00058088,0.00050000
0.189815,1.00081126,0.00050000
0.192130,1.00082974,0.00050000
0.194444,1.00104072,0.00050000
0.196759,1.00073789,0.00050000
0.199074,1.00056929,0.00050000
0.201389,1.00049432,0.00050000
0.203704,1.00115866,0.00050000
0.206019,0.99951240,0.00050000
0.208333,1.00057553,0.00050000
0.210648,1.00066839,0.00050000
0.212963,0.99994624,0.00050000
0.215278,1.00083234,0.00050000
0.217593,1.00034731,0.00050000
0.219907,1.00111118,0.00050000
0.222222,1.00062417,0.00050000
0.224537,1.00102854,0.00050000
0.226852,1.00131039,0.00050000
0.229167,1.00089942,0.00050000
0.231481,1.00027708,0.00050000
0.233796,0.99996477,0.00050000
0.236111,1.00160559,0.00050000
0.238426,1.00068023,0.00050000
0.240741,1.00039856,0.00050000
0.243056,1.00082193,0.00050000
0.245370,1.00066105,0.00050000
0.247685,1.00118978,0.00050000
0.250000,1.00078762,0.00050000
0.252315,1.00078447,0.00050000
0.254630,1.00042725,0.00050000
0.256944,1.00102625,0.00050000
0.259259,1.00028146,0.00050000
0.261574,1.00113825,0.00050000
0.263889,1.00157419,0.00050000
0.266204,1.00005679,0.00050000
0.268519,0.99959292,0.00050000
0.270833,1.00114137,0.00050000
0.273148,1.00211377,0.00050000
0.275463,1.00034624,0.00050000
0.277778,1.00022824,0.00050000
0.280093,1.00115494,0.00050000
0.282407,1.00044697,0.00050000
0.284722,1.00062118,0.00050000
0.287037,1.00070699,0.00050000
0.289352,1.00115390,0.00050000
0.291667,1.00069209,0.00050000
0.293981,1.00104052,0.00050000
0.296296,1.00082014,0.00050000
0.298611,1.00049290,0.00050000
0.300926,1.00076214,0.00050000
0.303241,1.00045366,0.00050000
0.305556,1.00093893,0.00050000
0.307870,1.00038054,0.00050000
0.310185,1.00040281,0.00050000
0.312500,1.00168453,0.00050000
0.314815,1.00093624,0.00050000
0.317130,1.00094265,0.00050000
0.319444,1.00123214,0.00050000
0.321759,1.00077270,0.00050000
0.324074,1.00087561,0.00050000
0.326389,1.00120920,0.00050000
0.328704,1.00114457,0.00050000
0.331019,1.00043045,0.00050000
0.333333,1.00143350,0.00050000
0.335648,1.00072833,0.00050000
0.337963,1.00050222,0.00050000
0.340278,1.00058672,0.00050000
0.342593,1.00084839,0.00050000
0.344907,1.00186400,0.00050000
0.347222,1.00046926,0.00050000
0.349537,1.00114375,0.00050000
0.351852,1.00000146,0.00050000
0.354167,1.00107625,0.00050000
0.356481,1.00153347,0.00050000
0.358796,1.00097201,0.00050000
0.361111,1.00078230,0.00050000
0.363426,1.00121936,0.00050000
0.365741,1.00146031,0.00050000
0.368056,1.00144868,0.00050000
0.370370,1.00210969,0.00050000
0.372685,1.00123464,0.00050000
0.375000,1.00084044,0.00050000
0.377315,1.00108024,0.00050000
0.379630,1.00111356,0.00050000
0.381944,1.00121075,0.00050000
0.384259,1.00114793,0.00050000
0.386574,1.00125648,0.00050000
0.388889,1.00034062,0.00050000
0.391204,1.00159739,0.00050000
0.393519,1.00090174,0.00050000
0.395833,1.00060905,0.00050000
0.398148,1.00152102,0.00050000
0.400463,1.00186731,0.00050000
0.402778,1.00146166,0.00050000
0.405093,1.00130221,0.00050000
0.407407,1.00076200,0.00050000
0.409722,1.00267037,0.00050000
0.412037,1.00168117,0.00050000
0.414352,1.00067785,0.00050000
0.416667,1.00086413,0.00050000
0.418981,1.00130387,0.00050000
0.421296,1.00048945,0.00050000
0.423611,1.00135755,0.00050000
0.425926,1.00105011,0.00050000
0.428241,1.00189918,0.00050000
0.430556,1.00177352,0.00050000
0.432870,0.99994318,0.00050000
0.435185,1.00132605,0.00050000
0.437500,1.00050283,0.00050000
0.439815,1.00187274,0.00050000
0.442130,1.00140832,0.00050000
0.444444,1.00160481,0.00050000
0.446759,1.00080438,0.00050000
0.449074,1.00225748,0.00050000
0.451389,1.00235961,0.00050000
0.453704,1.00082349,0.00050000
0.456019,1.00154858,0.00050000
0.458333,1.00103181,0.00050000
0.460648,1.00136295,0.00050000
0.462963,1.00074818,0.00050000
0.465278,1.00232083,0.00050000
0.467593,1.00090891,0.00050000
0.469907,1.00125170,0.00050000
0.472222,1.00165671,0.00050000
0.474537,1.00108840,0.00050000
0.476852,1.00129873,0.00050000
0.479167,1.00114277,0.00050000
0.481481,1.00136405,0.00050000
0.483796,1.00085169,0.00050000
0.486111,1.00122413,0.00050000
0.488426,1.00134584,0.00050000
0.490741,1.00128857,0.00050000
0.493056,1.00148992,0.00050000
0.495370,1.00132115,0.00050000
0.497685,1.00185043,0.00050000
0.500000,1.00131833,0.00050000
0.502315,1.00141771,0.00050000
0.504630,1.00115973,0.00050000
0.506944,1.00123494,0.00050000
0.509259,1.00087202,0.00050000
0.511574,1.00176972,0.00050000
0.513889,1.00094511,0.00050000
0.516204,1.00114948,0.00050000
0.518519,1.00170806,0.00050000
0.520833,1.00173574,0.00050000
0.523148,1.00134040,0.00050000
0.525463,1.00053682,0.00050000
0.527778,1.00176270,0.00050000
0.530093,1.00168820,0.00050000
0.532407,1.00085819,0.00050000
0.534722,1.00195549,0.00050000
0.537037,1.00122572,0.00050000
0.539352,1.00101911,0.00050000
0.541667,1.00163599,0.00050000
0.543981,1.00150480,0.00050000
0.546296,1.00170125,0.00050000
0.548611,1.00080295,0.00050000
0.550926,1.00251782,0.00050000
0.553241,1.00131624,0.00050000
0.555556,1.00085359,0.00050000
0.557870,1.00193869,0.00050000
0.560185,1.00145770,0.00050000
0.562500,1.00180335,0.00050000
0.564815,1.00147693,0.00050000
0.567130,1.00162266,0.00050000
0.569444,1.00178121,0.00050000
0.571759,1.00129077,0.00050000
0.574074,1.00200923,0.00050000
0.576389,1.00144067,0.00050000
0.578704,1.00124651,0.00050000
0.581019,1.00172561,0.00050000
0.583333,1.00191533,0.00050000
0.585648,1.00158398,0.00050000
0.587963,1.00127295,0.00050000
0.590278,1.00201979,0.00050000
0.592593,1.00083541,0.00050000
0.594907,1.00120580,0.00050000
0.597222,1.00174664,0.00050000
0.599537,1.00105199,0.00050000
0.601852,1.00175214,0.00050000
0.604167,1.00171633,0.00050000
0.606481,1.00219873,0.00050000
0.608796,1.00129756,0.00050000
0.611111,1.00144758,0.00050000
0.613426,1.00193269,0.00050000
0.615741,1.00054287,0.00050000
0.618056,1.00332722,0.00050000
0.620370,1.00143340,0.00050000
0.622685,1.00142333,0.00050000
0.625000,1.00222431,0.00050000
0.627315,1.00177933,0.00050000
0.629630,1.00091501,0.00050000
0.631944,1.00212366,0.00050000
0.634259,1.00224334,0.00050000
0.636574,1.00159612,0.00050000
0.638889,1.00168573,0.00050000
0.641204,1.00207494,0.00050000
0.643519,1.00138297,0.00050000
0.645833,1.00206195,0.00050000
0.648148,1.00194778,0.00050000
0.650463,1.00151604,0.00050000
0.652778,1.00116281,0.00050000
0.655093,1.00175140,0.00050000
0.657407,1.00143183,0.00050000
0.659722,1.00237556,0.00050000
0.662037,1.00195221,0.00050000
0.664352,1.00227650,0.00050000
0.666667,1.00195805,0.00050000
0.668981,1.00202746,0.00050000
0.671296,1.00150976,0.00050000
0.673611,1.00224053,0.00050000
0.675926,1.00280408,0.00050000
0.678241,1.00176210,0.00050000
0.680556,1.00162576,0.00050000
0.682870,1.00184842,0.00050000
0.685185,1.00169188,0.00050000
0.687500,1.00158694,0.00050000
0.689815,1.00201193,0.00050000
0.692130,1.00180251,0.00050000
0.694444,1.00267253,0.00050000
0.696759,1.00195831,0.00050000
0.699074,1.00212526,0.00050000
0.701389,1.00244440,0.00050000
0.703704,1.00182308,0.00050000
0.706019,1.00269689,0.00050000
0.708333,1.00166722,0.00050000
0.710648,1.00158443,0.00050000
0.712963,1.00181048,0.00050000
0.715278,1.00194126,0.00050000
0.717593,1.00130295,0.00050000
0.719907,1.00199103,0.00050000
0.722222,1.00117980,0.00050000
0.724537,1.00271456,0.00050000
0.726852,1.00198293,0.00050000
0.729167,1.00170737,0.00050000
0.731481,1.00157909,0.00050000
0.733796,1.00184594,0.00050000
0.736111,1.00193150,0.00050000
0.738426,1.00152565,0.00050000
0.740741,1.00159286,0.00050000
0.743056,1.00196401,0.00050000
0.745370,1.00180203,0.00050000
0.747685,1.00253684,0.00050000
0.750000,1.00264096,0.00050000
0.752315,1.00208482,0.00050000
0.754630,1.00231838,0.00050000
0.756944,1.00141874,0.00050000
0.759259,1.00240979,0.00050000
0.761574,1.00208051,0.00050000
0.763889,1.00234285,0.00050000
0.766204,1.00290539,0.00050000
0.768519,1.00096947,0.00050000
0.770833,1.00224504,0.00050000
0.773148,1.00156967,0.00050000
0.775463,1.00241997,0.00050000
0.777778,1.00147184,0.00050000
0.780093,1.00188541,0.00050000
0.782407,1.00223907,0.00050000
0.784722,1.00244904,0.00050000
0.787037,1.00218426,0.00050000
0.789352,1.00175500,0.00050000
0.791667,1.00187919,0.00050000
0.793981,1.00260273,0.00050000
0.796296,1.00216224,0.00050000
0.798611,1.00132758,0.00050000
0.800926,1.00259580,0.00050000
0.803241,1.00238656,0.00050000
0.805556,1.00261960,0.00050000
0.807870,1.00201901,0.00050000
0.810185,1.00260583,0.00050000
0.812500,1.00166563,0.00050000
0.814815,1.00248555,0.00050000
0.817130,1.00195974,0.00050000
0.819444,1.00254647,0.00050000
0.821759,1.00271647,0.00050000
0.824074,1.00184998,0.00050000
0.826389,1.00219668,0.00050000
0.828704,1.00224608,0.00050000
0.831019,1.00282572,0.00050000
0.833333,1.00259044,0.00050000
0.835648,1.00162978,0.00050000
0.837963,1.00247247,0.00050000
0.840278,1.00262044,0.00050000
0.842593,1.00331401,0.00050000
0.844907,1.00141673,0.00050000
0.847222,1.00199232,0.00050000
0.849537,1.00293135,0.00050000
0.851852,1.00159128,0.00050000
0.854167,1.00167322,0.00050000
0.856481,1.00253561,0.00050000
0.858796,1.00279038,0.00050000
0.861111,1.00195093,0.00050000
0.863426,1.00255941,0.00050000
0.865741,1.00235189,0.00050000
0.868056,1.00305683,0.00050000
0.870370,1.00230073,0.00050000
0.872685,1.00280062,0.00050000
0.875000,1.00185794,0.00050000
0.877315,1.00222104,0.00050000
0.879630,1.00226910,0.00050000
0.881944,1.00289096,0.00050000
0.884259,1.00261515,0.00050000
0.886574,1.00195338,0.00050000
0.888889,1.00267415,0.00050000
0.891204,1.00272237,0.00050000
0.893519,1.00228511,0.00050000
0.895833,1.00221596,0.00050000
0.898148,1.00225173,0.00050000
0.900463,1.00150496,0.00050000
0.902778,1.00245064,0.00050000
0.905093,1.00247736,0.00050000
0.907407,1.00193108,0.00050000
0.909722,1.00273883,0.00050000
0.912037,1.00168488,0.00050000
0.914352,1.00209919,0.00050000
0.916667,1.00214120,0.00050000
0.918981,1.00337626,0.00050000
0.921296,1.00158660,0.00050000
0.923611,1.00267118,0.00050000
0.925926,1.00286458,0.00050000
0.928241,1.00258601,0.00050000
0.930556,1.00299168,0.00050000
0.932870,1.00190301,0.00050000
0.935185,1.00126783,0.00050000
0.937500,1.00279495,0.00050000
0.939815,1.00181718,0.00050000
0.942130,1.00225543,0.00050000
0.944444,1.00183273,0.00050000
0.946759,1.00295183,0.00050000
0.949074,1.00286173,0.00050000
0.951389,1.00207260,0.00050000
0.953704,1.00288783,0.00050000
0.956019,1.00250017,0.00050000
0.958333,1.00237326,0.00050000
0.960648,1.00247508,0.00050000
0.962963,1.00234839,0.00050000
0.965278,1.00276064,0.00050000
0.967593,1.00261167,0.00050000
0.969907,1.00228511,0.00050000
0.972222,1.00296630,0.00050000
0.974537,1.00216075,0.00050000
0.976852,1.00261325,0.00050000
0.979167,1.00268414,0.00050000
0.981481,1.00321572,0.00050000
0.983796,1.00222685,0.00050000
0.986111,1.00335434,0.00050000
0.988426,1.00257409,0.00050000
0.990741,1.00239222,0.00050000
0.993056,1.00215615,0.00050000
0.995370,1.00278869,0.00050000
0.997685,1.00252316,0.00050000
1.000000,1.00195002,0.00050000
1.002315,1.00194099,0.00050000
1.004630,1.00223027,0.00050000
1.006944,1.00217311,0.00050000
1.009259,1.00305933,0.00050000
1.011574,1.00320499,0.00050000
1.013889,1.00295453,0.00050000
1.016204,1.00270220,0.00050000
1.018519,1.00231214,0.00050000
1.020833,1.00255648,0.00050000
1.023148,1.00297456,0.00050000
1.025463,1.00360064,0.00050000
1.027778,1.00299453,0.00050000
1.030093,1.00240079,0.00050000
1.032407,1.00256290,0.00050000
1.034722,1.00230549,0.00050000
1.037037,1.00215843,0.00050000
1.039352,1.00246035,0.00050000
1.041667,1.00265311,0.00050000
1.043981,1.00347606,0.00050000
1.046296,1.00258692,0.00050000
1.048611,1.00324236,0.00050000
1.050926,1.00345018,0.00050000
1.053241,1.00260859,0.00050000
1.055556,1.00337581,0.00050000
1.057870,1.00293208,0.00050000
1.060185,1.00236854,0.00050000
1.062500,1.00271257,0.00050000
1.064815,1.00259408,0.00050000
1.067130,1.00246911,0.00050000
1.069444,1.00248851,0.00050000
1.071759,1.00266262,0.00050000
1.074074,1.00281019,0.00050000
1.076389,1.00215323,0.00050000
1.078704,1.00259353,0.00050000
1.081019,1.00183959,0.00050000
1.083333,1.00273368,0.00050000
1.085648,1.00291759,0.00050000
1.087963,1.00269025,0.00050000
1.090278,1.00275367,0.00050000
1.092593,1.00290817,0.00050000
1.094907,1.00228308,0.00050000
1.097222,1.00249852,0.00050000
1.099537,1.00287591,0.00050000
1.101852,1.00312377,0.00050000
1.104167,1.00282265,0.00050000
1.106481,1.00390397,0.00050000
1.108796,1.00258419,0.00050000
1.111111,1.00313202,0.00050000
1.113426,1.00326785,0.00050000
1.115741,1.00256987,0.00050000
1.118056,1.00222876,0.00050000
1.120370,1.00204996,0.00050000
1.122685,1.00272463,0.00050000
1.125000,1.00320085,0.00050000
1.127315,1.00278373,0.00050000
1.129630,1.00273649,0.00050000
1.131944,1.00246262,0.00050000
1.134259,1.00293488,0.00050000
1.136574,1.00158857,0.00050000
1.138889,1.00277478,0.00050000
1.141204,1.00267474,0.00050000
1.143519,1.00197758,0.00050000
1.145833,1.00375260,0.00050000
1.148148,1.00197313,0.00050000
1.150463,1.00213009,0.00050000
1.152778,1.00207042,0.00050000
1.155093,1.00322802,0.00050000
1.157407,1.00223075,0.00050000
1.159722,1.00301107,0.00050000
1.162037,1.00297243,0.00050000
1.164352,1.00281042,0.00050000
1.166667,1.00202869,0.00050000
1.168981,1.00237830,0.00050000
1.171296,1.00352277,0.00050000
1.173611,1.00204268,0.00050000
1.175926,1.00227405,0.00050000
1.178241,1.00261056,0.00050000
1.180556,1.00309797,0.00050000
1.182870,1.00282107,0.00050000
1.185185,1.00306802,0.00050000
1.187500,1.00216509,0.00050000
1.189815,1.00317284,0.00050000
1.192130,1.00298667,0.00050000
1.194444,1.00190656,0.00050000
1.196759,1.00347546,0.00050000
1.199074,1.00385335,0.00050000
1.201389,1.00232449,0.00050000
1.203704,1.00273822,0.00050000
1.206019,1.00341070,0.00050000
1.208333,1.00197295,0.00050000
1.210648,1.00172019,0.00050000
1.212963,1.00206819,0.00050000
1.215278,1.00243466,0.00050000
1.217593,1.00243048,0.00050000
1.219907,1.00302486,0.00050000
1.222222,1.00285692,0.00050000
1.224537,1.00210107,0.00050000
1.226852,1.00300923,0.00050000
1.229167,1.00366400,0.00050000
1.231481,1.00332689,0.00050000
1.233796,1.00322530,0.00050000
1.236111,1.00274120,0.00050000
1.238426,1.00322427,0.00050000
1.240741,1.00225072,0.00050000
1.243056,1.00311060,0.00050000
1.245370,1.00269276,0.00050000
1.247685,1.00330312,0.00050000
1.250000,1.00297193,0.00050000
1.252315,1.00219522,0.00050000
1.254630,1.00280538,0.00050000
1.256944,1.00335170,0.00050000
1.259259,1.00217916,0.00050000
1.261574,1.00246538,0.00050000
1.263889,1.00236176,0.00050000
1.266204,1.00199941,0.00050000
1.268519,1.00322898,0.00050000
1.270833,1.00340494,0.00050000
1.273148,1.00315054,0.00050000
1.275463,1.00287287,0.00050000
1.277778,1.00272661,0.00050000
1.280093,1.00287335,0.00050000
1.282407,1.00238889,0.00050000
1.284722,1.00320258,0.00050000
1.287037,1.00327938,0.00050000
1.289352,1.00322386,0.00050000
1.291667,1.00249305,0.00050000
1.293981,1.00279865,0.00050000
1.296296,1.00267746,0.00050000
1.298611,1.00365552,0.00050000
1.300926,1.00285194,0.00050000
1.303241,1.00182191,0.00050000
1.305556,1.00296303,0.00050000
1.307870,1.00370572,0.00050000
1.310185,1.00310797,0.00050000
1.312500,1.00320590,0.00050000
1.314815,1.00278495,0.00050000
1.317130,1.00178197,0.00050000
1.319444,1.00186326,0.00050000
1.321759,1.00214612,0.00050000
1.324074,1.00270637,0.00050000
1.326389,1.00292545,0.00050000
1.328704,1.00311581,0.00050000
1.331019,1.00260151,0.00050000
1.333333,1.00325082,0.00050000
1.335648,1.00263308,0.00050000
1.337963,1.00242130,0.00050000
1.340278,1.00319993,0.00050000
1.342593,1.00231743,0.00050000
1.344907,1.00141064,0.00050000
1.347222,1.00224571,0.00050000
1.349537,1.00282326,0.00050000
1.351852,1.00123657,0.00050000
1.354167,1.00259855,0.00050000
1.356481,1.00261151,0.00050000
1.358796,1.00206475,0.00050000
1.361111,1.00203713,0.00050000
1.363426,1.00254754,0.00050000
1.365741,1.00250559,0.00050000
1.368056,1.00340945,0.00050000
1.370370,1.00296725,0.00050000
1.372685,1.00198971,0.00050000
1.375000,1.00235311,0.00050000
1.377315,1.00313328,0.00050000
1.379630,1.00372896,0.00050000
1.381944,1.00297447,0.00050000
1.384259,1.00293680,0.00050000
1.386574,1.00371203,0.00050000
1.388889,1.00277051,0.00050000
1.391204,1.00262747,0.00050000
1.393519,1.00207555,0.00050000
1.395833,1.00252581,0.00050000
1.398148,1.00387179,0.00050000
1.400463,1.00207167,0.00050000
1.402778,1.00278822,0.00050000
1.405093,1.00207853,0.00050000
1.407407,1.00284698,0.00050000
1.409722,1.00322660,0.00050000
1.412037,1.00266096,0.00050000
1.414352,1.00314796,0.00050000
1.416667,1.00314319,0.00050000
1.418981,1.00300624,0.00050000
1.421296,1.00364079,0.00050000
1.423611,1.00317202,0.00050000
1.425926,1.00263003,0.00050000
1.428241,1.00244199,0.00050000
1.430556,1.00235962,0.00050000
1.432870,1.00302006,0.00050000
1.435185,1.00262010,0.00050000
1.437500,1.00414637,0.00050000
1.439815,1.00370281,0.00050000
1.442130,1.00267411,0.00050000
1.444444,1.00261658,0.00050000
1.446759,1.00362598,0.00050000
1.449074,1.00183895,0.00050000
1.451389,1.00255457,0.00050000
1.453704,1.00325542,0.00050000
1.456019,1.00232367,0.00050000
1.458333,1.00254097,0.00050000
1.460648,1.00260346,0.00050000
1.462963,1.00310906,0.00050000
1.465278,1.00284703,0.00050000
1.467593,1.00297891,0.00050000
1.469907,1.00307508,0.00050000
1.472222,1.00279197,0.00050000
1.474537,1.00333182,0.00050000
1.476852,1.00241158,0.00050000
1.479167,1.00205751,0.00050000
1.481481,1.00188662,0.00050000
1.483796,1.00196403,0.00050000
1.486111,1.00249873,0.00050000
1.488426,1.00328844,0.00050000
1.490741,1.00285992,0.00050000
1.493056,1.00247297,0.00050000
1.495370,1.00223670,0.00050000
1.497685,1.00250655,0.00050000
1.500000,1.00256851,0.00050000
1.502315,1.00248713,0.00050000
1.504630,1.00205272,0.00050000
1.506944,1.00253039,0.00050000
1.509259,1.00327614,0.00050000
1.511574,1.00167953,0.00050000
1.513889,1.00264578,0.00050000
1.516204,1.00170464,0.00050000
1.518519,1.00285605,0.00050000
1.520833,1.00238998,0.00050000
1.523148,1.00172005,0.00050000
1.525463,1.00281241,0.00050000
1.527778,1.00366990,0.00050000
1.530093,1.00281477,0.00050000
1.532407,1.00334033,0.00050000
1.534722,1.00272278,0.00050000
1.537037,1.00167881,0.00050000
1.539352,1.00300190,0.00050000
1.541667,1.00254656,0.00050000
1.543981,1.00202368,0.00050000
1.546296,1.00314615,0.00050000
1.548611,1.00289615,0.00050000
1.550926,1.00248899,0.00050000
1.553241,1.00318469,0.00050000
1.555556,1.00231355,0.00050000
1.557870,1.00307023,0.00050000
1.560185,1.00227719,0.00050000
1.562500,1.00301328,0.00050000
1.564815,1.00219480,0.00050000
1.567130,1.00348862,0.00050000
1.569444,1.00287002,0.00050000
1.571759,1.00345812,0.00050000
1.574074,1.00232927,0.00050000
1.576389,1.00250123,0.00050000
1.578704,1.00315788,0.00050000
1.581019,1.00136494,0.00050000
1.583333,1.00220214,0.00050000
1.585648,1.00325084,0.00050000
1.587963,1.00296551,0.00050000
1.590278,1.00322103,0.00050000
1.592593,1.00257543,0.00050000
1.594907,1.00301096,0.00050000
1.597222,1.00236218,0.00050000
1.599537,1.00204024,0.00050000
1.601852,1.00187742,0.00050000
1.604167,1.00244755,0.00050000
1.606481,1.00244751,0.00050000
1.608796,1.00240584,0.00050000
1.611111,1.00094466,0.00050000
1.613426,1.00171828,0.00050000
1.615741,1.00244977,0.00050000
1.618056,1.00285808,0.00050000
1.620370,1.00242365,0.00050000
1.622685,1.00227305,0.00050000
1.625000,1.00155569,0.00050000
1.627315,1.00371910,0.00050000
1.629630,1.00215620,0.00050000
1.631944,1.00354684,0.00050000
1.634259,1.00348386,0.00050000
1.636574,1.00283883,0.00050000
1.638889,1.00241390,0.00050000
1.641204,1.00276464,0.00050000
1.643519,1.00212031,0.00050000
1.645833,1.00282549,0.00050000
1.648148,1.00269487,0.00050000
1.650463,1.00295764,0.00050000
1.652778,1.00316511,0.00050000
1.655093,1.00355453,0.00050000
1.657407,1.00249217,0.00050000
1.659722,1.00320621,0.00050000
1.662037,1.00228686,0.00050000
1.664352,1.00223357,0.00050000
1.666667,1.00236996,0.00050000
1.668981,1.00218614,0.00050000
1.671296,1.00316536,0.00050000
1.673611,1.00313495,0.00050000
1.675926,1.00330756,0.00050000
1.678241,1.00265682,0.00050000
1.680556,1.00280471,0.00050000
1.682870,1.00237633,0.00050000
1.685185,1.00208808,0.00050000
1.687500,1.00288507,0.00050000
1.689815,1.00279373,0.00050000
1.692130,1.00210400,0.00050000
1.694444,1.00294813,0.00050000
1.696759,1.00178253,0.00050000
1.699074,1.00256182,0.00050000
1.701389,1.00233406,0.00050000
1.703704,1.00238247,0.00050000
1.706019,1.00210325,0.00050000
1.708333,1.00311908,0.00050000
1.710648,1.00292365,0.00050000
1.712963,1.00323021,0.00050000
1.715278,1.00270156,0.00050000
1.717593,1.00198508,0.00050000
1.719907,1.00244238,0.00050000
1.722222,1.00203389,0.00050000
1.724537,1.00285079,0.00050000
1.726852,1.00322448,0.00050000
1.729167,1.00278089,0.00050000
1.731481,1.00231428,0.00050000
1.733796,1.00242656,0.00050000
1.736111,1.00271112,0.00050000
1.738426,1.00188337,0.00050000
1.740741,1.00267849,0.00050000
1.743056,1.00270056,0.00050000
1.745370,1.00232630,0.00050000
1.747685,1.00238699,0.00050000
1.750000,1.00267851,0.00050000
1.752315,1.00218001,0.00050000
1.754630,1.00217647,0.00050000
1.756944,1.00297422,0.00050000
1.759259,1.00269343,0.00050000
1.761574,1.00341858,0.00050000
1.763889,1.00208274,0.00050000
1.766204,1.00168372,0.00050000
1.768519,1.00304105,0.00050000
1.770833,1.00304617,0.00050000
1.773148,1.00219543,0.00050000
1.775463,1.00182751,0.00050000
1.777778,1.00253524,0.00050000
1.780093,1.00167976,0.00050000
1.782407,1.00238160,0.00050000
1.784722,1.00145797,0.00050000
1.787037,1.00242679,0.00050000
1.789352,1.00148241,0.00050000
1.791667,1.00242097,0.00050000
1.793981,1.00329494,0.00050000
1.796296,1.00239961,0.00050000
1.798611,1.00291484,0.00050000
1.800926,1.00220593,0.00050000
1.803241,1.00207746,0.00050000
1.805556,1.00177138,0.00050000
1.807870,1.00303728,0.00050000
1.810185,1.00248482,0.00050000
1.812500,1.00332165,0.00050000
1.814815,1.00191774,0.00050000
1.817130,1.00239225,0.00050000
1.819444,1.00254002,0.00050000
1.821759,1.00320312,0.00050000
1.824074,1.00340461,0.00050000
1.826389,1.00216593,0.00050000
1.828704,1.00192016,0.00050000
1.831019,1.00161544,0.00050000
1.833333,1.00314876,0.00050000
1.835648,1.00243344,0.00050000
1.837963,1.00214971,0.00050000
1.840278,1.00244473,0.00050000
1.842593,1.00118798,0.00050000
1.844907,1.00160109,0.00050000
1.847222,1.00292827,0.00050000
1.849537,1.00265533,0.00050000
1.851852,1.00252928,0.00050000
1.854167,1.00195032,0.00050000
1.856481,1.00274174,0.00050000
1.858796,1.00333390,0.00050000
1.861111,1.00182919,0.00050000
1.863426,1.00244560,0.00050000
1.865741,1.00221744,0.00050000
1.868056,1.00261217,0.00050000
1.870370,1.00243547,0.00050000
1.872685,1.00235168,0.00050000
1.875000,1.00198087,0.00050000
1.877315,1.00241077,0.00050000
1.879630,1.00210818,0.00050000
1.881944,1.00233888,0.00050000
1.884259,1.00237705,0.00050000
1.886574,1.00273268,0.00050000
1.888889,1.00211108,0.00050000
1.891204,1.00223723,0.00050000
1.893519,1.00293160,0.00050000
1.895833,1.00228313,0.00050000
1.898148,1.00225796,0.00050000
1.900463,1.00281772,0.00050000
1.902778,1.00251848,0.00050000
1.905093,1.00242445,0.00050000
1.907407,1.00248553,0.00050000
1.909722,1.00175251,0.00050000
1.912037,1.00259970,0.00050000
1.914352,1.00302906,0.00050000
1.916667,1.00265366,0.00050000
1.918981,1.00158215,0.00050000
1.921296,1.00249939,0.00050000
1.923611,1.00190191,0.00050000
1.925926,1.00223810,0.00050000
1.928241,1.00241321,0.00050000
1.930556,1.00174921,0.00050000
1.932870,1.00301023,0.00050000
1.935185,1.00230479,0.00050000
1.937500,1.00273226,0.00050000
1.939815,1.00265021,0.00050000
1.942130,1.00300156,0.00050000
1.944444,1.00292216,0.00050000
1.946759,1.00158607,0.00050000
1.949074,1.00234143,0.00050000
1.951389,1.00124917,0.00050000
1.953704,1.00208983,0.00050000
1.956019,1.00266726,0.00050000
1.958333,1.00276351,0.00050000
1.960648,1.00294758,0.00050000
1.962963,1.00211107,0.00050000
1.965278,1.00245622,0.00050000
1.967593,1.00234134,0.00050000
1.969907,1.00292260,0.00050000
1.972222,1.00307965,0.00050000
1.974537,1.00210246,0.00050000
1.976852,1.00417026,0.00050000
1.979167,1.00227263,0.00050000
1.981481,1.00208740,0.00050000
1.983796,1.00256695,0.00050000
1.986111,1.00264279,0.00050000
1.988426,1.00253316,0.00050000
1.990741,1.00193166,0.00050000
1.993056,1.00298953,0.00050000
1.995370,1.00227666,0.00050000
1.997685,1.00301509,0.00050000
2.000000,1.00293923,0.00050000
2.002315,1.00160261,0.00050000
2.004630,1.00174595,0.00050000
2.006944,1.00173205,0.00050000
2.009259,1.00235375,0.00050000
2.011574,1.00225231,0.00050000
2.013889,1.00235606,0.00050000
2.016204,1.00181193,0.00050000
2.018519,1.00242786,0.00050000
2.020833,1.00291283,0.00050000
2.023148,1.00153946,0.00050000
2.025463,1.00210533,0.00050000
2.027778,1.00232368,0.00050000
2.030093,1.00213060,0.00050000
2.032407,1.00209299,0.00050000
2.034722,1.00307211,0.00050000
2.037037,1.00282542,0.00050000
2.039352,1.00260448,0.00050000
2.041667,1.00179507,0.00050000
2.043981,1.00329235,0.00050000
2.046296,1.00234836,0.00050000
2.048611,1.00187478,0.00050000
2.050926,1.00199092,0.00050000
2.053241,1.00191077,0.00050000
2.055556,1.00321203,0.00050000
2.057870,1.00225016,0.00050000
2.060185,1.00217503,0.00050000
2.062500,1.00106285,0.00050000
2.064815,1.00250383,0.00050000
2.067130,1.00160195,0.00050000
2.069444,1.00156197,0.00050000
2.071759,1.00242897,0.00050000
2.074074,1.00168672,0.00050000
2.076389,1.00253206,0.00050000
2.078704,1.00267080,0.00050000
2.081019,1.00121086,0.00050000
2.083333,1.00203319,0.00050000
2.085648,1.00131002,0.00050000
2.087963,1.00206163,0.00050000
2.090278,1.00254435,0.00050000
2.092593,1.00140199,0.00050000
2.094907,1.00298062,0.00050000
2.097222,1.00191935,0.00050000
2.099537,1.00147850,0.00050000
2.101852,1.00200323,0.00050000
2.104167,1.00245688,0.00050000
2.106481,1.00136761,0.00050000
2.108796,1.00205252,0.00050000
2.111111,1.00136031,0.00050000
2.113426,1.00264455,0.00050000
2.115741,1.00211525,0.00050000
2.118056,1.00182051,0.00050000
2.120370,1.00254612,0.00050000
2.122685,1.00137959,0.00050000
2.125000,1.00182256,0.00050000
2.127315,1.00293766,0.00050000
2.129630,1.00194785,0.00050000
2.131944,1.00268364,0.00050000
2.134259,1.00209820,0.00050000
2.136574,1.00164597,0.00050000
2.138889,1.00186812,0.00050000
2.141204,1.00202514,0.00050000
2.143519,1.00177709,0.00050000
2.145833,1.00156517,0.00050000
2.148148,1.00158173,0.00050000
2.150463,1.00122609,0.00050000
2.152778,1.00201827,0.00050000
2.155093,1.00215514,0.00050000
2.157407,1.00232812,0.00050000
2.159722,1.00104604,0.00050000
2.162037,1.00234712,0.00050000
2.164352,1.00193098,0.00050000
2.166667,1.00122056,0.00050000
2.168981,1.00197911,0.00050000
2.171296,1.00233281,0.00050000
2.173611,1.00218203,0.00050000
2.175926,1.00227878,0.00050000
2.178241,1.00238407,0.00050000
2.180556,1.00235466,0.00050000
2.182870,1.00188423,0.00050000
2.185185,1.00085611,0.00050000
2.187500,1.00151286,0.00050000
2.189815,1.00206602,0.00050000
2.192130,1.00164852,0.00050000
2.194444,1.00222138,0.00050000
2.196759,1.00227282,0.00050000
2.199074,1.00189330,0.00050000
2.201389,1.00280441,0.00050000
2.203704,1.00137225,0.00050000
2.206019,1.00232073,0.00050000
2.208333,1.00161409,0.00050000
2.210648,1.00145531,0.00050000
2.212963,1.00213512,0.00050000
2.215278,1.00152805,0.00050000
2.217593,1.00226065,0.00050000
2.219907,1.00124300,0.00050000
2.222222,1.00183906,0.00050000
2.224537,1.00139493,0.00050000
2.226852,1.00169426,0.00050000
2.229167,1.00162090,0.00050000
2.231481,1.00123772,0.00050000
2.233796,1.00212493,0.00050000
2.236111,1.00116975,0.00050000
2.238426,1.00129740,0.00050000
2.240741,1.00222838,0.00050000
2.243056,1.00226443,0.00050000
2.245370,1.00210684,0.00050000
2.247685,1.00193818,0.00050000
2.250000,1.00290233,0.00050000
2.252315,1.00115351,0.00050000
2.254630,1.00138174,0.00050000
2.256944,1.00125161,0.00050000
2.259259,1.00219298,0.00050000
2.261574,1.00188275,0.00050000
2.263889,1.00228923,0.00050000
2.266204,1.00221510,0.00050000
2.268519,1.00161138,0.00050000
2.270833,1.00130946,0.00050000
2.273148,1.00121789,0.00050000
2.275463,1.00281491,0.00050000
2.277778,1.00218793,0.00050000
2.280093,1.00199572,0.00050000
2.282407,1.00152472,0.00050000
2.284722,1.00159012,0.00050000
2.287037,1.00151219,0.00050000
2.289352,1.00151725,0.00050000
2.291667,1.00047230,0.00050000
2.293981,1.00163835,0.00050000
2.296296,1.00147277,0.00050000
2.298611,1.00180370,0.00050000
2.300926,1.00175852,0.00050000
2.303241,1.00207533,0.00050000
2.305556,1.00163701,0.00050000
2.307870,1.00203691,0.00050000
2.310185,1.00035282,0.00050000
2.312500,1.00107755,0.00050000
2.314815,1.00248595,0.00050000
2.317130,1.00100830,0.00050000
2.319444,1.00147324,0.00050000
2.321759,1.00196101,0.00050000
2.324074,1.00116116,0.00050000
2.326389,1.00195852,0.00050000
2.328704,1.00087800,0.00050000
2.331019,1.00063017,0.00050000
2.333333,1.00091699,0.00050000
2.335648,1.00074957,0.00050000
2.337963,1.00156235,0.00050000
2.340278,1.00140708,0.00050000
2.342593,1.00172496,0.00050000
2.344907,1.00103763,0.00050000
2.347222,1.00282171,0.00050000
2.349537,1.00149727,0.00050000
2.351852,1.00151686,0.00050000
2.354167,1.00176239,0.00050000
2.356481,1.00140749,0.00050000
2.358796,1.00120826,0.00050000
2.361111,1.00156164,0.00050000
2.363426,1.00197285,0.00050000
2.365741,1.00184105,0.00050000
2.368056,1.00197391,0.00050000
2.370370,1.00121568,0.00050000
2.372685,1.00110512,0.00050000
2.375000,1.00248954,0.00050000
2.377315,1.00136269,0.00050000
2.379630,1.00171617,0.00050000
2.381944,1.00184095,0.00050000
2.384259,1.00217691,0.00050000
2.386574,1.00078571,0.00050000
2.388889,1.00121595,0.00050000
2.391204,1.00123399,0.00050000
2.393519,1.00129475,0.00050000
2.395833,1.00023382,0.00050000
2.398148,1.00138678,0.00050000
2.400463,0.99998262,0.00050000
2.402778,1.00157339,0.00050000
2.405093,1.00168789,0.00050000
2.407407,1.00171280,0.00050000
2.409722,1.00080616,0.00050000
2.412037,1.00188084,0.00050000
2.414352,1.00096597,0.00050000
2.416667,1.00077912,0.00050000
2.418981,1.00089722,0.00050000
2.421296,1.00095821,0.00050000
2.423611,1.00146307,0.00050000
2.425926,1.00178391,0.00050000
2.428241,1.00031546,0.00050000
2.430556,1.00109043,0.00050000
2.432870,1.00180663,0.00050000
2.435185,1.00145231,0.00050000
2.437500,1.00159967,0.00050000
2.439815,1.00059101,0.00050000
2.442130,1.00181227,0.00050000
2.444444,1.00054799,0.00050000
2.446759,1.00142205,0.00050000
2.449074,1.00200219,0.00050000
2.451389,1.00225578,0.00050000
2.453704,1.00156641,0.00050000
2.456019,1.00174566,0.00050000
2.458333,1.00099655,0.00050000
2.460648,1.00105352,0.00050000
2.462963,1.00187348,0.00050000
2.465278,1.00128410,0.00050000
2.467593,1.00121416,0.00050000
2.469907,1.00056705,0.00050000
2.472222,1.00134214,0.00050000
2.474537,1.00158429,0.00050000
2.476852,1.00085878,0.00050000
2.479167,1.00099683,0.00050000
2.481481,1.00203510,0.00050000
2.483796,1.00132850,0.00050000
2.486111,1.00108957,0.00050000
2.488426,1.00065987,0.00050000
2.490741,1.00091306,0.00050000
2.493056,1.00109233,0.00050000
2.495370,1.00189638,0.00050000
2.497685,1.00090105,0.00050000
2.500000,1.00209795,0.00050000
2.502315,1.00073091,0.00050000
2.504630,1.00101093,0.00050000
2.506944,1.00160597,0.00050000
2.509259,1.00105857,0.00050000
2.511574,1.00075800,0.00050000
2.513889,1.00110168,0.00050000
2.516204,1.00138641,0.00050000
2.518519,1.00029865,0.00050000
2.520833,1.00102671,0.00050000
2.523148,1.00109076,0.00050000
2.525463,1.00093801,0.00050000
2.527778,1.00150201,0.00050000
2.530093,1.00084451,0.00050000
2.532407,1.00094097,0.00050000
2.534722,1.00113649,0.00050000
2.537037,1.00147654,0.00050000
2.539352,1.00099597,0.00050000
2.541667,1.00185929,0.00050000
2.543981,1.00064157,0.00050000
2.546296,1.00173313,0.00050000
2.548611,1.00065539,0.00050000
2.550926,1.00099720,0.00050000
2.553241,1.00125519,0.00050000
2.555556,1.00209501,0.00050000
2.557870,1.00150994,0.00050000
2.560185,1.00085352,0.00050000
2.562500,1.00170043,0.00050000
2.564815,1.00093844,0.00050000
2.567130,1.00064400,0.00050000
2.569444,1.00125848,0.00050000
2.571759,1.00107580,0.00050000
2.574074,1.00149981,0.00050000
2.576389,1.00074253,0.00050000
2.578704,1.00120256,0.00050000
2.581019,1.00132350,0.00050000
2.583333,1.00113967,0.00050000
2.585648,1.00098057,0.00050000
2.587963,1.00064066,0.00050000
2.590278,1.00143576,0.00050000
2.592593,1.00104691,0.00050000
2.594907,1.00122086,0.00050000
2.597222,1.00079172,0.00050000
2.599537,1.00096803,0.00050000
2.601852,1.00043732,0.00050000
2.604167,1.00099310,0.00050000
2.606481,1.00132735,0.00050000
2.608796,1.00098565,0.00050000
2.611111,1.00136326,0.00050000
2.613426,1.00108442,0.00050000
2.615741,1.00160430,0.00050000
2.618056,1.00082176,0.00050000
2.620370,1.00009187,0.00050000
2.622685,1.00112184,0.00050000
2.625000,1.00081740,0.00050000
2.627315,1.00040726,0.00050000
2.629630,1.00121444,0.00050000
2.631944,1.00101538,0.00050000
2.634259,1.00110029,0.00050000
2.636574,1.00070584,0.00050000
2.638889,1.00096495,0.00050000
2.641204,1.00098801,0.00050000
2.643519,1.00174257,0.00050000
2.645833,1.00050767,0.00050000
2.648148,1.00083881,0.00050000
2.650463,1.00102039,0.00050000
2.652778,0.99997048,0.00050000
2.655093,1.00002580,0.00050000
2.657407,1.00190460,0.00050000
2.659722,0.99993254,0.00050000
2.662037,1.00109797,0.00050000
2.664352,1.00038081,0.00050000
2.666667,1.00041775,0.00050000
2.668981,0.99980248,0.00050000
2.671296,1.00033779,0.00050000
2.673611,1.00117476,0.00050000
2.675926,1.00008262,0.00050000
2.678241,1.00106912,0.00050000
2.680556,1.00092247,0.00050000
2.682870,1.00176939,0.00050000
2.685185,1.00051739,0.00050000
2.687500,1.00138079,0.00050000
2.689815,1.00118794,0.00050000
2.692130,1.00059459,0.00050000
2.694444,0.99990087,0.00050000
2.696759,1.00148149,0.00050000
2.699074,1.00003901,0.00050000
2.701389,1.00047892,0.00050000
2.703704,1.00115165,0.00050000
2.706019,1.00126247,0.00050000
2.708333,1.00027620,0.00050000
2.710648,1.00067736,0.00050000
2.712963,1.00055851,0.00050000
2.715278,1.00127301,0.00050000
2.717593,1.00192899,0.00050000
2.719907,0.99975617,0.00050000
2.722222,1.00112377,0.00050000
2.724537,0.99923092,0.00050000
2.726852,1.00066149,0.00050000
2.729167,1.00009451,0.00050000
2.731481,1.00163926,0.00050000
2.733796,1.00072099,0.00050000
2.736111,1.00026388,0.00050000
2.738426,1.00037706,0.00050000
2.740741,1.00033353,0.00050000
2.743056,1.00070980,0.00050000
2.745370,1.00053103,0.00050000
2.747685,1.00093252,0.00050000
2.750000,1.00136918,0.00050000
2.752315,1.00094422,0.00050000
2.754630,0.99997499,0.00050000
2.756944,0.99977057,0.00050000
2.759259,1.00019924,0.00050000
2.761574,1.00109804,0.00050000
2.763889,1.00039839,0.00050000
2.766204,1.00022662,0.00050000
2.768519,1.00062404,0.00050000
2.770833,0.99984163,0.00050000
2.773148,0.99997422,0.00050000
2.775463,1.00079355,0.00050000
2.777778,1.00038131,0.00050000
2.780093,1.00030077,0.00050000
2.782407,1.00068072,0.00050000
2.784722,1.00022398,0.00050000
2.787037,1.00016778,0.00050000
2.789352,1.00027554,0.00050000
2.791667,1.00080127,0.00050000
2.793981,1.00052440,0.00050000
2.796296,0.99989172,0.00050000
2.798611,1.00033202,0.00050000
2.800926,1.00080219,0.00050000
2.803241,1.00140800,0.00050000
2.805556,0.99989598,0.00050000
2.807870,1.00063097,0.00050000
2.810185,1.00032688,0.00050000
2.812500,1.00086357,0.00050000
2.814815,1.00067014,0.00050000
2.817130,1.00117601,0.00050000
2.819444,1.00069421,0.00050000
2.821759,1.00015650,0.00050000
2.824074,1.00015433,0.00050000
2.826389,1.00062098,0.00050000
2.828704,1.00061025,0.00050000
2.831019,1.00160633,0.00050000
2.833333,1.00124012,0.00050000
2.835648,0.99980975,0.00050000
2.837963,1.00056625,0.00050000
2.840278,0.99972024,0.00050000
2.842593,0.99955250,0.00050000
2.844907,1.00074672,0.00050000
2.847222,1.00064543,0.00050000
2.849537,0.99984489,0.00050000
2.851852,1.00118064,0.00050000
2.854167,0.99986464,0.00050000
2.856481,0.99976419,0.00050000
2.858796,1.00066900,0.00050000
2.861111,1.00044780,0.00050000
2.863426,1.00025172,0.00050000
2.865741,1.00029309,0.00050000
2.868056,1.00043318,0.00050000
2.870370,1.00024614,0.00050000
2.872685,1.00022434,0.00050000
2.875000,0.99935729,0.00050000
2.877315,0.99962896,0.00050000
2.879630,1.00060009,0.00050000
2.881944,0.99993715,0.00050000
2.884259,1.00055658,0.00050000
2.886574,1.00089641,0.00050000
2.888889,1.00009590,0.00050000
2.891204,1.00040956,0.00050000
2.893519,1.00130103,0.00050000
2.895833,1.00060497,0.00050000
2.898148,1.00117316,0.00050000
2.900463,1.00101365,0.00050000
2.902778,1.00061835,0.00050000
2.905093,1.00018046,0.00050000
2.907407,0.99981015,0.00050000
2.909722,0.99967005,0.00050000
2.912037,1.00046381,0.00050000
2.914352,1.00044949,0.00050000
2.916667,1.00012285,0.00050000
2.918981,1.00062917,0.00050000
2.921296,0.99989744,0.00050000
2.923611,1.00074960,0.00050000
2.925926,1.00020928,0.00050000
2.928241,1.00016590,0.00050000
2.930556,1.00017873,0.00050000
2.932870,1.00012437,0.00050000
2.935185,1.00141261,0.00050000
2.937500,0.99935753,0.00050000
2.939815,1.00024672,0.00050000
2.942130,1.00077499,0.00050000
2.944444,1.00050653,0.00050000
2.946759,0.99999157,0.00050000
2.949074,1.00100752,0.00050000
2.951389,0.99959807,0.00050000
2.953704,0.99947402,0.00050000
2.956019,1.00040607,0.00050000
2.958333,0.99938967,0.00050000
2.960648,0.99892281,0.00050000
2.962963,1.00054811,0.00050000
2.965278,1.00048224,0.00050000
2.967593,1.00046260,0.00050000
2.969907,0.99984763,0.00050000
2.972222,1.00017775,0.00050000
2.974537,0.99959853,0.00050000
2.976852,1.00094329,0.00050000
2.979167,1.00046656,0.00050000
2.981481,1.00043711,0.00050000
2.983796,0.99908593,0.00050000
2.986111,1.00045953,0.00050000
2.988426,1.00079782,0.00050000
2.990741,1.00065393,0.00050000
2.993056,1.00043534,0.00050000
2.995370,1.00003528,0.00050000
2.997685,0.99985982,0.00050000
3.000000,1.00032656,0.00050000
3.002315,1.00021212,0.00050000
3.004630,1.00013393,0.00050000
3.006944,0.99985615,0.00050000
3.009259,1.00084641,0.00050000
3.011574,0.99941689,0.00050000
3.013889,0.99998453,0.00050000
3.016204,0.99970080,0.00050000
3.018519,1.00050197,0.00050000
3.020833,1.00069625,0.00050000
3.023148,1.00059812,0.00050000
3.025463,1.00034885,0.00050000
3.027778,0.99926493,0.00050000
3.030093,1.00100194,0.00050000
3.032407,1.00021477,0.00050000
3.034722,0.99989730,0.00050000
3.037037,0.99995739,0.00050000
3.039352,0.99977200,0.00050000
3.041667,1.00014883,0.00050000
3.043981,1.00008711,0.00050000
3.046296,0.99974712,0.00050000
3.048611,0.99863738,0.00050000
3.050926,0.99989993,0.00050000
3.053241,1.00015107,0.00050000
3.055556,1.00017092,0.00050000
3.057870,0.99982629,0.00050000
3.060185,1.00012487,0.00050000
3.062500,1.00040757,0.00050000
3.064815,0.99965350,0.00050000
3.067130,1.00061698,0.00050000
3.069444,0.99890149,0.00050000
3.071759,0.99924378,0.00050000
3.074074,0.99941698,0.00050000
3.076389,0.99864257,0.00050000
3.078704,0.99936018,0.00050000
3.081019,1.00047952,0.00050000
3.083333,1.00047137,0.00050000
3.085648,0.99989457,0.00050000
3.087963,1.00070169,0.00050000
3.090278,0.99995624,0.00050000
3.092593,0.99958290,0.00050000
3.094907,0.99994794,0.00050000
3.097222,0.99975388,0.00050000
3.099537,1.00018576,0.00050000
3.101852,0.99906161,0.00050000
3.104167,1.00030820,0.00050000
3.106481,0.99957410,0.00050000
3.108796,1.00022690,0.00050000
3.111111,0.99902410,0.00050000
3.113426,0.99958038,0.00050000
3.115741,0.99982444,0.00050000
3.118056,1.00023155,0.00050000
3.120370,0.99916748,0.00050000
3.122685,1.00060539,0.00050000
3.125000,1.00000844,0.00050000
3.127315,0.99949967,0.00050000
3.129630,1.00036666,0.00050000
3.131944,0.99980483,0.00050000
3.134259,1.00032810,0.00050000
3.136574,1.00090601,0.00050000
3.138889,1.00012420,0.00050000
3.141204,0.99947210,0.00050000
3.143519,0.99951810,0.00050000
3.145833,1.00001775,0.00050000
3.148148,0.99986596,0.00050000
3.150463,0.99930103,0.00050000
3.152778,0.99937904,0.00050000
3.155093,1.00004155,0.00050000
3.157407,1.00087758,0.00050000
3.159722,0.99838463,0.00050000
3.162037,1.00005736,0.00050000
3.164352,0.99958548,0.00050000
3.166667,1.00007630,0.00050000
3.168981,1.00011609,0.00050000
3.171296,0.99970428,0.00050000
3.173611,0.99916552,0.00050000
3.175926,0.99897063,0.00050000
3.178241,0.99872773,0.00050000
3.180556,1.00027166,0.00050000
3.182870,0.99955131,0.00050000
3.185185,0.99938172,0.00050000
3.187500,0.99950870,0.00050000
3.189815,0.99897353,0.00050000
3.192130,0.99979130,0.00050000
3.194444,1.00029407,0.00050000
3.196759,1.00019969,0.00050000
3.199074,0.99884332,0.00050000
3.201389,1.00030373,0.00050000
3.203704,0.99923563,0.00050000
3.206019,0.99865706,0.00050000
3.208333,0.99899459,0.00050000
3.210648,0.99912188,0.00050000
3.212963,0.99959747,0.00050000
3.215278,0.99908079,0.00050000
3.217593,0.99883749,0.00050000
3.219907,0.99945621,0.00050000
3.222222,1.00054627,0.00050000
3.224537,0.99922901,0.00050000
3.226852,0.99980819,0.00050000
3.229167,0.99961193,0.00050000
3.231481,1.00089689,0.00050000
3.233796,0.99861464,0.00050000
3.236111,1.00010738,0.00050000
3.238426,0.99891493,0.00050000
3.240741,0.99925536,0.00050000
3.243056,0.99949918,0.00050000
3.245370,1.00113653,0.00050000
3.247685,0.99915796,0.00050000
3.250000,0.99859101,0.00050000
3.252315,1.00018013,0.00050000
3.254630,0.99910784,0.00050000
3.256944,0.99940201,0.00050000
3.259259,0.99950750,0.00050000
3.261574,0.99956406,0.00050000
3.263889,0.99942655,0.00050000
3.266204,0.99964156,0.00050000
3.268519,0.99969744,0.00050000
3.270833,0.99992681,0.00050000
3.273148,0.99928234,0.00050000
3.275463,0.99911770,0.00050000
3.277778,0.99895641,0.00050000
3.280093,0.99978068,0.00050000
3.282407,0.99945732,0.00050000
3.284722,0.99975323,0.00050000
3.287037,0.99974190,0.00050000
3.289352,1.00031192,0.00050000
3.291667,0.99956892,0.00050000
3.293981,0.99983756,0.00050000
3.296296,0.99885630,0.00050000
3.298611,0.99891367,0.00050000
3.300926,0.99929419,0.00050000
3.303241,0.99883795,0.00050000
3.305556,0.99978737,0.00050000
3.307870,0.99877232,0.00050000
3.310185,0.99946933,0.00050000
3.312500,0.99820239,0.00050000
3.314815,0.99887536,0.00050000
3.317130,0.99925455,0.00050000
3.319444,0.99929089,0.00050000
3.321759,0.99852093,0.00050000
3.324074,0.99946744,0.00050000
3.326389,0.99989691,0.00050000
3.328704,0.99972998,0.00050000
3.331019,0.99907297,0.00050000
3.333333,0.99910502,0.00050000
3.335648,0.99880194,0.00050000
3.337963,0.99970641,0.00050000
3.340278,1.00010879,0.00050000
3.342593,0.99912144,0.00050000
3.344907,0.99853198,0.00050000
3.347222,0.99947737,0.00050000
3.349537,0.99972774,0.00050000
3.351852,0.99800930,0.00050000
3.354167,0.99943606,0.00050000
3.356481,1.00044560,0.00050000
3.358796,0.99977028,0.00050000
3.361111,0.99963174,0.00050000
3.363426,0.99955414,0.00050000
3.365741,0.99988061,0.00050000
3.368056,0.99887566,0.00050000
3.370370,0.99892018,0.00050000
3.372685,0.99954326,0.00050000
3.375000,0.99899344,0.00050000
3.377315,0.99946210,0.00050000
3.379630,0.99837312,0.00050000
3.381944,0.99970505,0.00050000
3.384259,0.99974623,0.00050000
3.386574,0.99934128,0.00050000
3.388889,0.99939836,0.00050000
3.391204,1.00012319,0.00050000
3.393519,0.99876805,0.00050000
3.395833,0.99884977,0.00050000
3.398148,0.99875620,0.00050000
3.400463,0.99908751,0.00050000
3.402778,0.99879108,0.00050000
3.405093,0.99931198,0.00050000
3.407407,0.99896490,0.00050000
3.409722,0.99856251,0.00050000
3.412037,0.99850883,0.00050000
3.414352,0.99988660,0.00050000
3.416667,0.99924319,0.00050000
3.418981,0.99916084,0.00050000
3.421296,0.99928468,0.00050000
3.423611,0.99922711,0.00050000
3.425926,0.99964327,0.00050000
3.428241,0.99954327,0.00050000
3.430556,0.99896422,0.00050000
3.432870,0.99884427,0.00050000
3.435185,0.99870964,0.00050000
3.437500,0.99862441,0.00050000
3.439815,0.99994805,0.00050000
3.442130,0.99878571,0.00050000
3.444444,0.99823148,0.00050000
3.446759,0.99881629,0.00050000
3.449074,0.99884090,0.00050000
3.451389,0.99939707,0.00050000
3.453704,0.99878622,0.00050000
3.456019,0.99949368,0.00050000
3.458333,0.99941767,0.00050000
3.460648,0.99985393,0.00050000
3.462963,1.00030114,0.00050000
3.465278,1.00063924,0.00050000
3.467593,0.99988736,0.00050000
3.469907,0.99862926,0.00050000
3.472222,0.99900419,0.00050000
3.474537,0.99932731,0.00050000
3.476852,1.00023476,0.00050000
3.479167,0.99953623,0.00050000
3.481481,0.99979684,0.00050000
3.483796,0.99910543,0.00050000
3.486111,0.99948481,0.00050000
3.488426,0.99954604,0.00050000
3.490741,0.99895608,0.00050000
3.493056,0.99957021,0.00050000
3.495370,0.99971427,0.00050000
3.497685,0.99909701,0.00050000
3.500000,0.99968262,0.00050000
3.502315,0.99999488,0.00050000
3.504630,0.99920143,0.00050000
3.506944,0.99916583,0.00050000
3.509259,0.99900826,0.00050000
3.511574,0.99885083,0.00050000
3.513889,0.99923599,0.00050000
3.516204,0.99894945,0.00050000
3.518519,0.99899683,0.00050000
3.520833,0.99876354,0.00050000
3.523148,0.99837975,0.00050000
3.525463,0.99867665,0.00050000
3.527778,0.99930729,0.00050000
3.530093,0.99854875,0.00050000
3.532407,0.99881387,0.00050000
3.534722,0.99995650,0.00050000
3.537037,0.99969625,0.00050000
3.539352,0.99878386,0.00050000
3.541667,0.99942986,0.00050000
3.543981,0.99880064,0.00050000
3.546296,0.99993721,0.00050000
3.548611,0.99882821,0.00050000
3.550926,0.99915957,0.00050000
3.553241,0.99980878,0.00050000
3.555556,0.99870013,0.00050000
3.557870,0.99976403,0.00050000
3.560185,0.99870075,0.00050000
3.562500,0.99922630,0.00050000
3.564815,0.99895714,0.00050000
3.567130,0.99905845,0.00050000
3.569444,0.99918052,0.00050000
3.571759,0.99906108,0.00050000
3.574074,0.99858739,0.00050000
3.576389,0.99952716,0.00050000
3.578704,0.99945197,0.00050000
3.581019,0.99973446,0.00050000
3.583333,0.99977987,0.00050000
3.585648,0.99841328,0.00050000
3.587963,0.99972591,0.00050000
3.590278,0.99972992,0.00050000
3.592593,0.99881285,0.00050000
3.594907,0.99959560,0.00050000
3.597222,0.99980896,0.00050000
3.599537,0.99880338,0.00050000
3.601852,0.99838139,0.00050000
3.604167,0.99888899,0.00050000
3.606481,1.00046312,0.00050000
3.608796,0.99918291,0.00050000
3.611111,0.99845571,0.00050000
3.613426,0.99893438,0.00050000
3.615741,0.99856189,0.00050000
3.618056,0.99885735,0.00050000
3.620370,0.99910265,0.00050000
3.622685,0.99777239,0.00050000
3.625000,0.99923151,0.00050000
3.627315,0.99975678,0.00050000
3.629630,0.99894891,0.00050000
3.631944,0.99885441,0.00050000
3.634259,0.99959073,0.00050000
3.636574,0.99840881,0.00050000
3.638889,0.99841739,0.00050000
3.641204,0.99834329,0.00050000
3.643519,0.99895810,0.00050000
3.645833,0.99923206,0.00050000
3.648148,0.99898803,0.00050000
3.650463,0.99930648,0.00050000
3.652778,0.99944526,0.00050000
3.655093,0.99927650,0.00050000
3.657407,0.99862220,0.00050000
3.659722,0.99889083,0.00050000
3.662037,0.99964735,0.00050000
3.664352,0.99849825,0.00050000
3.666667,0.99889327,0.00050000
3.668981,0.99880975,0.00050000
3.671296,0.99892676,0.00050000
3.673611,0.99847740,0.00050000
3.675926,0.99833901,0.00050000
3.678241,1.00029012,0.00050000
3.680556,0.99948357,0.00050000
3.682870,0.99865280,0.00050000
3.685185,0.99897813,0.00050000
3.687500,0.99934449,0.00050000
3.689815,0.99883284,0.00050000
3.692130,0.99931148,0.00050000
3.694444,0.99869414,0.00050000
3.696759,0.99882110,0.00050000
3.699074,0.99895658,0.00050000
3.701389,0.99876882,0.00050000
3.703704,0.99776979,0.00050000
3.706019,0.99900541,0.00050000
3.708333,0.99912431,0.00050000
3.710648,0.99923026,0.00050000
3.712963,0.99849386,0.00050000
3.715278,0.99916168,0.00050000
3.717593,0.99909612,0.00050000
3.719907,0.99810259,0.00050000
3.722222,0.99788478,0.00050000
3.724537,0.99922274,0.00050000
3.726852,0.99850619,0.00050000
3.729167,0.99948318,0.00050000
3.731481,1.00005107,0.00050000
3.733796,0.99868834,0.00050000
3.736111,0.99863385,0.00050000
3.738426,0.99897155,0.00050000
3.740741,0.99931364,0.00050000
3.743056,0.99840725,0.00050000
3.745370,0.99959678,0.00050000
3.747685,0.99946857,0.00050000
3.750000,0.99930244,0.00050000
3.752315,0.99870091,0.00050000
3.754630,0.99942794,0.00050000
3.756944,0.99939737,0.00050000
3.759259,0.99836727,0.00050000
3.761574,1.00001185,0.00050000
3.763889,0.99881552,0.00050000
3.766204,0.99914941,0.00050000
3.768519,0.99870179,0.00050000
3.770833,0.99915538,0.00050000
3.773148,0.99954205,0.00050000
3.775463,0.99855742,0.00050000
3.777778,0.99813251,0.00050000
3.780093,0.99873435,0.00050000
3.782407,0.99830546,0.00050000
3.784722,0.99857836,0.00050000
3.787037,0.99889357,0.00050000
3.789352,0.99892392,0.00050000
3.791667,0.99960057,0.00050000
3.793981,0.99844702,0.00050000
3.796296,0.99913001,0.00050000
3.798611,0.99869912,0.00050000
3.800926,0.99963470,0.00050000
3.803241,1.00021530,0.00050000
3.805556,0.99910246,0.00050000
3.807870,0.99978715,0.00050000
3.810185,0.99868428,0.00050000
3.812500,0.99814902,0.00050000
3.814815,0.99831288,0.00050000
3.817130,0.99815790,0.00050000
3.819444,0.99846946,0.00050000
3.821759,0.99882612,0.00050000
3.824074,0.99952070,0.00050000
3.826389,0.99929501,0.00050000
3.828704,0.99917641,0.00050000
3.831019,0.99873212,0.00050000
3.833333,0.99858251,0.00050000
3.835648,0.99895960,0.00050000
3.837963,0.99901131,0.00050000
3.840278,0.99907010,0.00050000
3.842593,0.99912731,0.00050000
3.844907,0.99888228,0.00050000
3.847222,0.99797833,0.00050000
3.849537,0.99838263,0.00050000
3.851852,0.99852704,0.00050000
3.854167,0.99978783,0.00050000
3.856481,0.99872546,0.00050000
3.858796,0.99927626,0.00050000
3.861111,0.99967052,0.00050000
3.863426,0.99910476,0.00050000
3.865741,0.99874137,0.00050000
3.868056,0.99879087,0.00050000
3.870370,0.99842600,0.00050000
3.872685,0.99909021,0.00050000
3.875000,0.99950073,0.00050000
3.877315,0.99922137,0.00050000
3.879630,0.99932190,0.00050000
3.881944,0.99929489,0.00050000
3.884259,0.99993787,0.00050000
3.886574,0.99861878,0.00050000
3.888889,0.99901430,0.00050000
3.891204,0.99928813,0.00050000
3.893519,0.99955890,0.00050000
3.895833,0.99772134,0.00050000
3.898148,0.99867390,0.00050000
3.900463,0.99883074,0.00050000
3.902778,0.99842022,0.00050000
3.905093,0.99935845,0.00050000
3.907407,0.99904434,0.00050000
3.909722,0.99873661,0.00050000
3.912037,0.99811777,0.00050000
3.914352,0.99827296,0.00050000
3.916667,0.99844220,0.00050000
3.918981,0.99916232,0.00050000
3.921296,0.99832534,0.00050000
3.923611,0.99790033,0.00050000
3.925926,0.99820888,0.00050000
3.928241,0.99863926,0.00050000
3.930556,0.99977200,0.00050000
3.932870,1.00018646,0.00050000
3.935185,0.99869496,0.00050000
3.937500,0.99940774,0.00050000
3.939815,0.99963660,0.00050000
3.942130,0.99957846,0.00050000
3.944444,0.99887801,0.00050000
3.946759,0.99828559,0.00050000
3.949074,0.99869271,0.00050000
3.951389,0.99800613,0.00050000
3.953704,0.99905671,0.00050000
3.956019,0.99932643,0.00050000
3.958333,0.99799149,0.00050000
3.960648,0.99891239,0.00050000
3.962963,0.99908481,0.00050000
3.965278,0.99956364,0.00050000
3.967593,0.99962866,0.00050000
3.969907,0.99934036,0.00050000
3.972222,0.99859675,0.00050000
3.974537,0.99875635,0.00050000
3.976852,0.99954309,0.00050000
3.979167,0.99863843,0.00050000
3.981481,0.99892071,0.00050000
3.983796,0.99972271,0.00050000
3.986111,0.99900673,0.00050000
3.988426,0.99825603,0.00050000
3.990741,0.99879601,0.00050000
3.993056,0.99926399,0.00050000
3.995370,0.99884971,0.00050000
3.997685,0.99952609,0.00050000
4.000000,0.99958701,0.00050000
4.002315,0.99862118,0.00050000
4.004630,0.99869537,0.00050000
4.006944,0.99889566,0.00050000
4.009259,0.99834757,0.00050000
4.011574,0.99913801,0.00050000
4.013889,0.99885965,0.00050000
4.016204,0.99934304,0.00050000
4.018519,0.99865108,0.00050000
4.020833,0.99851196,0.00050000
4.023148,0.99987146,0.00050000
4.025463,0.99851364,0.00050000
4.027778,0.99866124,0.00050000
4.030093,0.99858858,0.00050000
4.032407,0.99880329,0.00050000
4.034722,0.99849838,0.00050000
4.037037,0.99893472,0.00050000
4.039352,0.99860561,0.00050000
4.041667,0.99875045,0.00050000
4.043981,0.99914115,0.00050000
4.046296,0.99931141,0.00050000
4.048611,0.99919499,0.00050000
4.050926,0.99859437,0.00050000
4.053241,0.99916190,0.00050000
4.055556,0.99890402,0.00050000
4.057870,0.99891203,0.00050000
4.060185,0.99810497,0.00050000
4.062500,0.99930279,0.00050000
4.064815,0.99889832,0.00050000
4.067130,0.99982226,0.00050000
4.069444,0.99929020,0.00050000
4.071759,0.99841292,0.00050000
4.074074,0.99828613,0.00050000
4.076389,0.99954878,0.00050000
4.078704,0.99853694,0.00050000
4.081019,0.99931771,0.00050000
4.083333,0.99882619,0.00050000
4.085648,1.00002961,0.00050000
4.087963,0.99901893,0.00050000
4.090278,0.99973787,0.00050000
4.092593,0.99964822,0.00050000
4.094907,0.99875180,0.00050000
4.097222,0.99882050,0.00050000
4.099537,0.99972949,0.00050000
4.101852,0.99898949,0.00050000
4.104167,0.99855685,0.00050000
4.106481,0.99959528,0.00050000
4.108796,1.00028214,0.00050000
4.111111,0.99897925,0.00050000
4.113426,0.99970150,0.00050000
4.115741,0.99892367,0.00050000
4.118056,0.99968550,0.00050000
4.120370,0.99889053,0.00050000
4.122685,0.99967944,0.00050000
4.125000,0.99928792,0.00050000
4.127315,0.99892694,0.00050000
4.129630,0.99913970,0.00050000
4.131944,0.99875282,0.00050000
4.134259,0.99846331,0.00050000
4.136574,0.99850072,0.00050000
4.138889,0.99900319,0.00050000
4.141204,0.99850531,0.00050000
4.143519,0.99925718,0.00050000
4.145833,0.99930557,0.00050000
4.148148,0.99927783,0.00050000
4.150463,0.99879651,0.00050000
4.152778,0.99907570,0.00050000
4.155093,0.99903685,0.00050000
4.157407,0.99971332,0.00050000
4.159722,0.99865029,0.00050000
4.162037,0.99886349,0.00050000
4.164352,0.99894096,0.00050000
4.166667,0.99898829,0.00050000
4.168981,0.99868685,0.00050000
4.171296,0.99874905,0.00050000
4.173611,0.99957357,0.00050000
4.175926,0.99874805,0.00050000
4.178241,0.99952800,0.00050000
4.180556,1.00008903,0.00050000
4.182870,0.99971243,0.00050000
4.185185,0.99817057,0.00050000
4.187500,0.99946363,0.00050000
4.189815,0.99931785,0.00050000
4.192130,0.99935265,0.00050000
4.194444,0.99826860,0.00050000
4.196759,0.99946354,0.00050000
4.199074,0.99854069,0.00050000
4.201389,0.99973436,0.00050000
4.203704,0.99962464,0.00050000
4.206019,1.00036509,0.00050000
4.208333,0.99889805,0.00050000
4.210648,0.99833016,0.00050000
4.212963,0.99961859,0.00050000
4.215278,0.99953293,0.00050000
4.217593,0.99890599,0.00050000
4.219907,0.99977969,0.00050000
4.222222,0.99944555,0.00050000
4.224537,0.99845854,0.00050000
4.226852,0.99892869,0.00050000
4.229167,0.99888329,0.00050000
4.231481,0.99905342,0.00050000
4.233796,0.99920626,0.00050000
4.236111,0.99876422,0.00050000
4.238426,0.99901535,0.00050000
4.240741,0.99941100,0.00050000
4.243056,0.99908121,0.00050000
4.245370,0.99898488,0.00050000
4.247685,0.99896971,0.00050000
4.250000,0.99907397,0.00050000
4.252315,0.99816828,0.00050000
4.254630,0.99920851,0.00050000
4.256944,0.99861605,0.00050000
4.259259,0.99918562,0.00050000
4.261574,0.99839853,0.00050000
4.263889,0.99959806,0.00050000
4.266204,0.99925761,0.00050000
4.268519,0.99846566,0.00050000
4.270833,0.99926223,0.00050000
4.273148,0.99876599,0.00050000
4.275463,1.00004894,0.00050000
4.277778,0.99939610,0.00050000
4.280093,0.99875455,0.00050000
4.282407,0.99926799,0.00050000
4.284722,0.99914170,0.00050000
4.287037,0.99975970,0.00050000
4.289352,0.99934180,0.00050000
4.291667,0.99942288,0.00050000
4.293981,0.99860937,0.00050000
4.296296,0.99956761,0.00050000
4.298611,1.00022115,0.00050000
4.300926,0.99949532,0.00050000
4.303241,0.99915956,0.00050000
4.305556,0.99926383,0.00050000
4.307870,0.99870790,0.00050000
4.310185,0.99928004,0.00050000
4.312500,0.99864033,0.00050000
4.314815,0.99921421,0.00050000
4.317130,0.99900066,0.00050000
4.319444,0.99878189,0.00050000
4.321759,0.99949017,0.00050000
4.324074,0.99845770,0.00050000
4.326389,0.99918502,0.00050000
4.328704,0.99854522,0.00050000
4.331019,1.00012568,0.00050000
4.333333,1.00020079,0.00050000
4.335648,0.99963913,0.00050000
4.337963,1.00016719,0.00050000
4.340278,0.99951769,0.00050000
4.342593,0.99949485,0.00050000
4.344907,0.99901346,0.00050000
4.347222,0.99878092,0.00050000
4.349537,0.99929516,0.00050000
4.351852,0.99896607,0.00050000
4.354167,0.99901744,0.00050000
4.356481,0.99960356,0.00050000
4.358796,0.99917781,0.00050000
4.361111,0.99846376,0.00050000
4.363426,0.99913841,0.00050000
4.365741,0.99886748,0.00050000
4.368056,0.99910444,0.00050000
4.370370,0.99870548,0.00050000
4.372685,0.99985713,0.00050000
4.375000,1.00021119,0.00050000
4.377315,0.99870665,0.00050000
4.379630,0.99958950,0.00050000
4.381944,0.99956694,0.00050000
4.384259,0.99873348,0.00050000
4.386574,0.99932404,0.00050000
4.388889,0.99998183,0.00050000
4.391204,0.99970244,0.00050000
4.393519,1.00009121,0.00050000
4.395833,0.99869897,0.00050000
4.398148,0.99891342,0.00050000
4.400463,0.99943491,0.00050000
4.402778,0.99946893,0.00050000
4.405093,0.99930644,0.00050000
4.407407,0.99910326,0.00050000
4.409722,0.99909398,0.00050000
4.412037,0.99899790,0.00050000
4.414352,0.99952979,0.00050000
4.416667,0.99792700,0.00050000
4.418981,1.00010935,0.00050000
4.421296,0.99904819,0.00050000
4.423611,0.99859947,0.00050000
4.425926,0.99958953,0.00050000
4.428241,0.99861728,0.00050000
4.430556,0.99951559,0.00050000
4.432870,0.99912426,0.00050000
4.435185,0.99962309,0.00050000
4.437500,0.99972503,0.00050000
4.439815,0.99998032,0.00050000
4.442130,0.99908790,0.00050000
4.444444,0.99919266,0.00050000
4.446759,0.99933479,0.00050000
4.449074,0.99863631,0.00050000
4.451389,0.99964302,0.00050000
4.453704,0.99941376,0.00050000
4.456019,0.99868195,0.00050000
4.458333,0.99996040,0.00050000
4.460648,1.00004113,0.00050000
4.462963,0.99870264,0.00050000
4.465278,0.99965029,0.00050000
4.467593,0.99999262,0.00050000
4.469907,0.99979030,0.00050000
4.472222,0.99888284,0.00050000
4.474537,0.99867768,0.00050000
4.476852,0.99932159,0.00050000
4.479167,0.99913429,0.00050000
4.481481,0.99938141,0.00050000
4.483796,0.99933700,0.00050000
4.486111,0.99965524,0.00050000
4.488426,0.99911430,0.00050000
4.490741,0.99931678,0.00050000
4.493056,1.00088486,0.00050000
4.495370,0.99933900,0.00050000
4.497685,0.99977524,0.00050000
4.500000,0.99955429,0.00050000
4.502315,0.99952217,0.00050000
4.504630,0.99896029,0.00050000
4.506944,0.99968294,0.00050000
4.509259,0.99939679,0.00050000
4.511574,0.99983453,0.00050000
4.513889,1.00045462,0.00050000
4.516204,0.99952457,0.00050000
4.518519,0.99981628,0.00050000
4.520833,0.99892714,0.00050000
4.523148,0.99950067,0.00050000
4.525463,1.00022134,0.00050000
4.527778,0.99941904,0.00050000
4.530093,0.99913390,0.00050000
4.532407,0.99955906,0.00050000
4.534722,0.99936697,0.00050000
4.537037,0.99934250,0.00050000
4.539352,0.99927997,0.00050000
4.541667,1.00046313,0.00050000
4.543981,0.99903783,0.00050000
4.546296,0.99927043,0.00050000
4.548611,0.99919524,0.00050000
4.550926,1.00010404,0.00050000
4.553241,0.99934813,0.00050000
4.555556,1.00014333,0.00050000
4.557870,0.99957803,0.00050000
4.560185,0.99948671,0.00050000
4.562500,0.99877165,0.00050000
4.564815,1.00011135,0.00050000
4.567130,0.99977979,0.00050000
4.569444,0.99971549,0.00050000
4.571759,0.99945795,0.00050000
4.574074,0.99931202,0.00050000
4.576389,0.99889004,0.00050000
4.578704,1.00000068,0.00050000
4.581019,0.99966603,0.00050000
4.583333,0.99935575,0.00050000
4.585648,0.99922390,0.00050000
4.587963,0.99960088,0.00050000
4.590278,0.99950121,0.00050000
4.592593,1.00037189,0.00050000
4.594907,0.99994122,0.00050000
4.597222,0.99926008,0.00050000
4.599537,0.99900916,0.00050000
4.601852,0.99944786,0.00050000
4.604167,0.99911390,0.00050000
4.606481,0.99961164,0.00050000
4.608796,0.99977965,0.00050000
4.611111,0.99989980,0.00050000
4.613426,0.99979390,0.00050000
4.615741,0.99949480,0.00050000
4.618056,0.99989447,0.00050000
4.620370,0.99915389,0.00050000
4.622685,0.99956351,0.00050000
4.625000,1.00001314,0.00050000
4.627315,0.99975511,0.00050000
4.629630,0.99897972,0.00050000
4.631944,0.99904196,0.00050000
4.634259,0.99881624,0.00050000
4.636574,1.00053005,0.00050000
4.638889,0.99885738,0.00050000
4.641204,0.99956744,0.00050000
4.643519,1.00055906,0.00050000
4.645833,1.00018358,0.00050000
4.648148,1.00030782,0.00050000
4.650463,0.99940394,0.00050000
4.652778,1.00002716,0.00050000
4.655093,1.00118454,0.00050000
4.657407,0.99964776,0.00050000
4.659722,0.99987692,0.00050000
4.662037,0.99951676,0.00050000
4.664352,0.99967200,0.00050000
4.666667,0.99986968,0.00050000
4.668981,1.00038042,0.00050000
4.671296,0.99924107,0.00050000
4.673611,0.99898119,0.00050000
4.675926,0.99971252,0.00050000
4.678241,0.99980659,0.00050000
4.680556,1.00041379,0.00050000
4.682870,1.00007117,0.00050000
4.685185,0.99940435,0.00050000
4.687500,1.00000411,0.00050000
4.689815,1.00028299,0.00050000
4.692130,0.99987219,0.00050000
4.694444,0.99956333,0.00050000
4.696759,1.00007571,0.00050000
4.699074,0.99956403,0.00050000
4.701389,0.99881193,0.00050000
4.703704,1.00041501,0.00050000
4.706019,0.99910863,0.00050000
4.708333,0.99959004,0.00050000
4.710648,0.99960328,0.00050000
4.712963,0.99959756,0.00050000
4.715278,0.99962671,0.00050000
4.717593,0.99905285,0.00050000
4.719907,1.00003975,0.00050000
4.722222,0.99979445,0.00050000
4.724537,0.99980430,0.00050000
4.726852,1.00032453,0.00050000
4.729167,1.00034237,0.00050000
4.731481,1.00046605,0.00050000
4.733796,1.00072597,0.00050000
4.736111,1.00003146,0.00050000
4.738426,0.99904000,0.00050000
4.740741,0.99991976,0.00050000
4.743056,0.99982409,0.00050000
4.745370,0.99985642,0.00050000
4.747685,0.99952605,0.00050000
4.750000,0.99938611,0.00050000
4.752315,1.00023308,0.00050000
4.754630,1.00032417,0.00050000
4.756944,0.99928463,0.00050000
4.759259,1.00011766,0.00050000
4.761574,0.99976770,0.00050000
4.763889,0.99966264,0.00050000
4.766204,1.00020300,0.00050000
4.768519,0.99983951,0.00050000
4.770833,0.99959223,0.00050000
4.773148,0.99990138,0.00050000
4.775463,0.99887925,0.00050000
4.777778,0.99958542,0.00050000
4.780093,0.99966569,0.00050000
4.782407,0.99919041,0.00050000
4.784722,0.99998183,0.00050000
4.787037,1.00003155,0.00050000
4.789352,0.99959964,0.00050000
4.791667,0.99981937,0.00050000
4.793981,1.00024491,0.00050000
4.796296,1.00044218,0.00050000
4.798611,0.99953622,0.00050000
4.800926,1.00008975,0.00050000
4.803241,1.00044279,0.00050000
4.805556,0.99991306,0.00050000
4.807870,0.99954627,0.00050000
4.810185,0.99955262,0.00050000
4.812500,0.99977881,0.00050000
4.814815,0.99942738,0.00050000
4.817130,1.00095422,0.00050000
4.819444,0.99966688,0.00050000
4.821759,1.00014502,0.00050000
4.824074,1.00005164,0.00050000
4.826389,1.00028265,0.00050000
4.828704,0.99977559,0.00050000
4.831019,0.99932292,0.00050000
4.833333,1.00079553,0.00050000
4.835648,0.99994142,0.00050000
4.837963,1.00004320,0.00050000
4.840278,1.00008941,0.00050000
4.842593,1.00062460,0.00050000
4.844907,1.00038283,0.00050000
4.847222,1.00058987,0.00050000
4.849537,1.00041879,0.00050000
4.851852,1.00008885,0.00050000
4.854167,1.00014411,0.00050000
4.856481,0.99965015,0.00050000
4.858796,0.99905702,0.00050000
4.861111,0.99991128,0.00050000
4.863426,0.99949907,0.00050000
4.865741,1.00133363,0.00050000
4.868056,1.00082410,0.00050000
4.870370,1.00063456,0.00050000
4.872685,0.99977846,0.00050000
4.875000,1.00108780,0.00050000
4.877315,0.99921092,0.00050000
4.879630,0.99946339,0.00050000
4.881944,0.99968178,0.00050000
4.884259,0.99959782,0.00050000
4.886574,1.00014769,0.00050000
4.888889,1.00018297,0.00050000
4.891204,1.00104566,0.00050000
4.893519,1.00059398,0.00050000
4.895833,1.00071036,0.00050000
4.898148,1.00031378,0.00050000
4.900463,1.00003557,0.00050000
4.902778,0.99977062,0.00050000
4.905093,0.99936389,0.00050000
4.907407,0.99968824,0.00050000
4.909722,0.99993732,0.00050000
4.912037,1.00051381,0.00050000
4.914352,0.99929383,0.00050000
4.916667,0.99945856,0.00050000
4.918981,1.00025611,0.00050000
4.921296,0.99962655,0.00050000
4.923611,1.00032338,0.00050000
4.925926,0.99995449,0.00050000
4.928241,0.99978910,0.00050000
4.930556,0.99950314,0.00050000
4.932870,1.00012736,0.00050000
4.935185,0.99981466,0.00050000
4.937500,0.99987720,0.00050000
4.939815,0.99986970,0.00050000
4.942130,1.00028618,0.00050000
4.944444,1.00027164,0.00050000
4.946759,0.99934526,0.00050000
4.949074,1.00012618,0.00050000
4.951389,1.00041049,0.00050000
4.953704,1.00073555,0.00050000
4.956019,1.00061217,0.00050000
4.958333,1.00033001,0.00050000
4.960648,0.99965872,0.00050000
4.962963,0.99984969,0.00050000
4.965278,1.00069665,0.00050000
4.967593,0.99989301,0.00050000
4.969907,1.00076194,0.00050000
4.972222,1.00089051,0.00050000
4.974537,0.99972716,0.00050000
4.976852,1.00048328,0.00050000
4.979167,1.00021167,0.00050000
4.981481,1.00128629,0.00050000
4.983796,1.00069619,0.00050000
4.986111,1.00002667,0.00050000
4.988426,1.00049029,0.00050000
4.990741,0.99983253,0.00050000
4.993056,1.00022037,0.00050000
4.995370,1.00040335,0.00050000
4.997685,1.00038028,0.00050000
5.000000,1.00046422,0.00050000
5.002315,0.99986161,0.00050000
5.004630,0.99939319,0.00050000
5.006944,1.00014312,0.00050000
5.009259,0.99988315,0.00050000
5.011574,0.99998399,0.00050000
5.013889,1.00140750,0.00050000
5.016204,1.00092503,0.00050000
5.018519,1.00026112,0.00050000
5.020833,0.99963638,0.00050000
5.023148,0.99970876,0.00050000
5.025463,1.00054322,0.00050000
5.027778,1.00090205,0.00050000
5.030093,1.00022788,0.00050000
5.032407,1.00044445,0.00050000
5.034722,1.00050907,0.00050000
5.037037,1.00091953,0.00050000
5.039352,0.99945096,0.00050000
5.041667,1.00047394,0.00050000
5.043981,1.00060350,0.00050000
5.046296,1.00088055,0.00050000
5.048611,1.00060834,0.00050000
5.050926,0.99986469,0.00050000
5.053241,1.00012953,0.00050000
5.055556,0.99966249,0.00050000
5.057870,1.00052595,0.00050000
5.060185,1.00053030,0.00050000
5.062500,1.00069481,0.00050000
5.064815,0.99995873,0.00050000
5.067130,0.99987832,0.00050000
5.069444,1.00121601,0.00050000
5.071759,1.00054908,0.00050000
5.074074,1.00133576,0.00050000
5.076389,1.00068726,0.00050000
5.078704,0.99974146,0.00050000
5.081019,1.00087979,0.00050000
5.083333,1.00109942,0.00050000
5.085648,1.00026127,0.00050000
5.087963,0.99952908,0.00050000
5.090278,1.00082880,0.00050000
5.092593,1.00043078,0.00050000
5.094907,1.00064452,0.00050000
5.097222,0.99916725,0.00050000
5.099537,1.00074384,0.00050000
5.101852,0.99914479,0.00050000
5.104167,1.00009112,0.00050000
5.106481,1.00097254,0.00050000
5.108796,0.99962213,0.00050000
5.111111,0.99960724,0.00050000
5.113426,1.00031902,0.00050000
5.115741,1.00137201,0.00050000
5.118056,1.00136127,0.00050000
5.120370,1.00025408,0.00050000
5.122685,1.00106275,0.00050000
5.125000,1.00085721,0.00050000
5.127315,1.00070301,0.00050000
5.129630,1.00075448,0.00050000
5.131944,1.00021900,0.00050000
5.134259,1.00098684,0.00050000
5.136574,1.00112156,0.00050000
5.138889,1.00194630,0.00050000
5.141204,1.00105870,0.00050000
5.143519,0.99937850,0.00050000
5.145833,1.00000707,0.00050000
5.148148,1.00078043,0.00050000
5.150463,1.00065267,0.00050000
5.152778,0.99969268,0.00050000
5.155093,1.00055766,0.00050000
5.157407,1.00045304,0.00050000
5.159722,1.00061201,0.00050000
5.162037,1.00058026,0.00050000
5.164352,1.00110650,0.00050000
5.166667,1.00138314,0.00050000
5.168981,1.00099745,0.00050000
5.171296,1.00010523,0.00050000
5.173611,1.00023353,0.00050000
5.175926,1.00033889,0.00050000
5.178241,1.00064662,0.00050000
5.180556,1.00046622,0.00050000
5.182870,1.00050936,0.00050000
5.185185,1.00022787,0.00050000
5.187500,1.00116849,0.00050000
5.189815,1.00112435,0.00050000
5.192130,1.00118068,0.00050000
5.194444,1.00066803,0.00050000
5.196759,1.00094037,0.00050000
5.199074,1.00026215,0.00050000
5.201389,1.00021653,0.00050000
5.203704,1.00045529,0.00050000
5.206019,1.00102439,0.00050000
5.208333,1.00066230,0.00050000
5.210648,1.00017048,0.00050000
5.212963,1.00079291,0.00050000
5.215278,1.00096255,0.00050000
5.217593,1.00083749,0.00050000
5.219907,1.00042750,0.00050000
5.222222,1.00079776,0.00050000
5.224537,1.00055946,0.00050000
5.226852,1.00061220,0.00050000
5.229167,1.00073494,0.00050000
5.231481,1.00116116,0.00050000
5.233796,1.00170180,0.00050000
5.236111,1.00157320,0.00050000
5.238426,1.00111288,0.00050000
5.240741,1.00060339,0.00050000
5.243056,1.00065384,0.00050000
5.245370,1.00068001,0.00050000
5.247685,1.00139370,0.00050000
5.250000,0.99944018,0.00050000
5.252315,1.00095640,0.00050000
5.254630,0.99983591,0.00050000
5.256944,1.00083487,0.00050000
5.259259,1.00150372,0.00050000
5.261574,1.00039062,0.00050000
5.263889,0.99970930,0.00050000
5.266204,1.00150393,0.00050000
5.268519,1.00161292,0.00050000
5.270833,1.00111392,0.00050000
5.273148,1.00149689,0.00050000
5.275463,1.00047264,0.00050000
5.277778,1.00146481,0.00050000
5.280093,1.00173343,0.00050000
5.282407,1.00120782,0.00050000
5.284722,1.00103287,0.00050000
5.287037,1.00153858,0.00050000
5.289352,1.00146751,0.00050000
5.291667,1.00053172,0.00050000
5.293981,1.00159074,0.00050000
5.296296,1.00128763,0.00050000
5.298611,1.00099925,0.00050000
5.300926,1.00157634,0.00050000
5.303241,1.00139178,0.00050000
5.305556,1.00130659,0.00050000
5.307870,1.00068427,0.00050000
5.310185,1.00135949,0.00050000
5.312500,1.00039306,0.00050000
5.314815,1.00088865,0.00050000
5.317130,1.00010979,0.00050000
5.319444,1.00010877,0.00050000
5.321759,1.00118703,0.00050000
5.324074,1.00092904,0.00050000
5.326389,1.00101695,0.00050000
5.328704,1.00127507,0.00050000
5.331019,1.00115861,0.00050000
5.333333,1.00054495,0.00050000
5.335648,1.00102937,0.00050000
5.337963,1.00096362,0.00050000
5.340278,1.00074168,0.00050000
5.342593,1.00094389,0.00050000
5.344907,1.00082795,0.00050000
5.347222,1.00069059,0.00050000
5.349537,1.00085249,0.00050000
5.351852,1.00114159,0.00050000
5.354167,1.00206019,0.00050000
5.356481,1.00062455,0.00050000
5.358796,1.00129847,0.00050000
5.361111,1.00031130,0.00050000
5.363426,1.00184143,0.00050000
5.365741,1.00088417,0.00050000
5.368056,1.00112474,0.00050000
5.370370,1.00169845,0.00050000
5.372685,1.00155801,0.00050000
5.375000,1.00032267,0.00050000
5.377315,1.00135061,0.00050000
5.379630,1.00096373,0.00050000
5.381944,1.00139140,0.00050000
5.384259,1.00116243,0.00050000
5.386574,1.00145866,0.00050000
5.388889,1.00124101,0.00050000
5.391204,1.00102949,0.00050000
5.393519,1.00169228,0.00050000
5.395833,1.00033614,0.00050000
5.398148,1.00089600,0.00050000
5.400463,1.00063910,0.00050000
5.402778,1.00104932,0.00050000
5.405093,1.00091063,0.00050000
5.407407,1.00105592,0.00050000
5.409722,1.00088906,0.00050000
5.412037,1.00090381,0.00050000
5.414352,1.00032091,0.00050000
5.416667,1.00112842,0.00050000
5.418981,1.00130572,0.00050000
5.421296,1.00085770,0.00050000
5.423611,1.00083171,0.00050000
5.425926,1.00084218,0.00050000
5.428241,1.00200828,0.00050000
5.430556,1.00126705,0.00050000
5.432870,1.00137118,0.00050000
5.435185,1.00103138,0.00050000
5.437500,1.00093587,0.00050000
5.439815,1.00075080,0.00050000
5.442130,1.00196540,0.00050000
5.444444,1.00034837,0.00050000
5.446759,1.00135280,0.00050000
5.449074,1.00119502,0.00050000
5.451389,1.00108345,0.00050000
5.453704,1.00043227,0.00050000
5.456019,1.00060217,0.00050000
5.458333,1.00171471,0.00050000
5.460648,1.00088121,0.00050000
5.462963,1.00167181,0.00050000
5.465278,1.00157130,0.00050000
5.467593,1.00153030,0.00050000
5.469907,1.00162552,0.00050000
5.472222,1.00064380,0.00050000
5.474537,1.00101605,0.00050000
5.476852,1.00159652,0.00050000
5.479167,1.00063017,0.00050000
5.481481,1.00209778,0.00050000
5.483796,1.00098978,0.00050000
5.486111,1.00124156,0.00050000
5.488426,1.00076526,0.00050000
5.490741,1.00146482,0.00050000
5.493056,1.00091910,0.00050000
5.495370,1.00116884,0.00050000
5.497685,1.00072480,0.00050000
5.500000,1.00189411,0.00050000
5.502315,1.00048598,0.00050000
5.504630,1.00153190,0.00050000
5.506944,1.00142892,0.00050000
5.509259,1.00153332,0.00050000
5.511574,1.00080812,0.00050000
5.513889,1.00183934,0.00050000
5.516204,1.00180867,0.00050000
5.518519,1.00141027,0.00050000
5.520833,1.00149081,0.00050000
5.523148,1.00125979,0.00050000
5.525463,1.00166397,0.00050000
5.527778,1.00093582,0.00050000
5.530093,1.00162781,0.00050000
5.532407,1.00155750,0.00050000
5.534722,1.00065327,0.00050000
5.537037,1.00005020,0.00050000
5.539352,1.00130754,0.00050000
5.541667,1.00128929,0.00050000
5.543981,1.00198301,0.00050000
5.546296,1.00140669,0.00050000
5.548611,1.00113289,0.00050000
5.550926,1.00070578,0.00050000
5.553241,1.00134542,0.00050000
5.555556,1.00110150,0.00050000
5.557870,1.00084593,0.00050000
5.560185,1.00134093,0.00050000
5.562500,1.00193348,0.00050000
5.564815,1.00145520,0.00050000
5.567130,1.00088811,0.00050000
5.569444,1.00158010,0.00050000
5.571759,1.00087124,0.00050000
5.574074,1.00063523,0.00050000
5.576389,1.00167499,0.00050000
5.578704,1.00115647,0.00050000
5.581019,1.00199220,0.00050000
5.583333,1.00159469,0.00050000
5.585648,1.00103973,0.00050000
5.587963,1.00155634,0.00050000
5.590278,1.00209818,0.00050000
5.592593,1.00135979,0.00050000
5.594907,1.00092730,0.00050000
5.597222,1.00113084,0.00050000
5.599537,1.00105874,0.00050000
5.601852,1.00087847,0.00050000
5.604167,1.00082640,0.00050000
5.606481,1.00168751,0.00050000
5.608796,1.00203470,0.00050000
5.611111,1.00130269,0.00050000
5.613426,1.00188056,0.00050000
5.615741,1.00194500,0.00050000
5.618056,1.00233651,0.00050000
5.620370,1.00140497,0.00050000
5.622685,1.00132704,0.00050000
5.625000,1.00171596,0.00050000
5.627315,1.00155771,0.00050000
5.629630,1.00166352,0.00050000
5.631944,1.00216435,0.00050000
5.634259,1.00130499,0.00050000
5.636574,1.00163144,0.00050000
5.638889,1.00103608,0.00050000
5.641204,1.00145051,0.00050000
5.643519,1.00119709,0.00050000
5.645833,1.00115848,0.00050000
5.648148,1.00143089,0.00050000
5.650463,1.00132095,0.00050000
5.652778,1.00173349,0.00050000
5.655093,1.00195309,0.00050000
5.657407,1.00080844,0.00050000
5.659722,1.00205975,0.00050000
5.662037,1.00044832,0.00050000
5.664352,1.00168865,0.00050000
5.666667,1.00192349,0.00050000
5.668981,1.00124639,0.00050000
5.671296,1.00146059,0.00050000
5.673611,1.00118763,0.00050000
5.675926,1.00202927,0.00050000
5.678241,0.99999917,0.00050000
5.680556,1.00110300,0.00050000
5.682870,1.00062345,0.00050000
5.685185,1.00168947,0.00050000
5.687500,1.00224820,0.00050000
5.689815,1.00219769,0.00050000
5.692130,1.00193927,0.00050000
5.694444,1.00173260,0.00050000
5.696759,1.00122873,0.00050000
5.699074,1.00222423,0.00050000
5.701389,1.00192994,0.00050000
5.703704,1.00119937,0.00050000
5.706019,1.00098497,0.00050000
5.708333,1.00131364,0.00050000
5.710648,1.00217209,0.00050000
5.712963,1.00225982,0.00050000
5.715278,1.00244547,0.00050000
5.717593,1.00125304,0.00050000
5.719907,1.00146399,0.00050000
5.722222,1.00233843,0.00050000
5.724537,1.00176025,0.00050000
5.726852,1.00203546,0.00050000
5.729167,1.00099600,0.00050000
5.731481,1.00147489,0.00050000
5.733796,1.00165479,0.00050000
5.736111,1.00148881,0.00050000
5.738426,1.00146198,0.00050000
5.740741,1.00085574,0.00050000
5.743056,1.00249052,0.00050000
5.745370,1.00175250,0.00050000
5.747685,1.00095439,0.00050000
5.750000,1.00222444,0.00050000
5.752315,1.00172328,0.00050000
5.754630,1.00205197,0.00050000
5.756944,1.00160097,0.00050000
5.759259,1.00130954,0.00050000
5.761574,1.00132531,0.00050000
5.763889,1.00187995,0.00050000
5.766204,1.00209897,0.00050000
5.768519,1.00195986,0.00050000
5.770833,1.00204111,0.00050000
5.773148,1.00232357,0.00050000
5.775463,1.00186932,0.00050000
5.777778,1.00223144,0.00050000
5.780093,1.00228699,0.00050000
5.782407,1.00188342,0.00050000
5.784722,1.00170294,0.00050000
5.787037,1.00152733,0.00050000
5.789352,1.00114683,0.00050000
5.791667,1.00097332,0.00050000
5.793981,1.00241200,0.00050000
5.796296,1.00175246,0.00050000
5.798611,1.00148816,0.00050000
5.800926,1.00255466,0.00050000
5.803241,1.00225493,0.00050000
5.805556,1.00180252,0.00050000
5.807870,1.00227895,0.00050000
5.810185,1.00168450,0.00050000
5.812500,1.00196293,0.00050000
5.814815,1.00269737,0.00050000
5.817130,1.00231975,0.00050000
5.819444,1.00165697,0.00050000
5.821759,1.00214405,0.00050000
5.824074,1.00239154,0.00050000
5.826389,1.00174543,0.00050000
5.828704,1.00159901,0.00050000
5.831019,1.00274947,0.00050000
5.833333,1.00166769,0.00050000
5.835648,1.00116004,0.00050000
5.837963,1.00189603,0.00050000
5.840278,1.00297386,0.00050000
5.842593,1.00215007,0.00050000
5.844907,1.00231958,0.00050000
5.847222,1.00076233,0.00050000
5.849537,1.00157574,0.00050000
5.851852,1.00246099,0.00050000
5.854167,1.00166118,0.00050000
5.856481,1.00252590,0.00050000
5.858796,1.00211025,0.00050000
5.861111,1.00207433,0.00050000
5.863426,1.00272009,0.00050000
5.865741,1.00163148,0.00050000
5.868056,1.00165248,0.00050000
5.870370,1.00194317,0.00050000
5.872685,1.00200246,0.00050000
5.875000,1.00104700,0.00050000
5.877315,1.00251317,0.00050000
5.879630,1.00201528,0.00050000
5.881944,1.00182055,0.00050000
5.884259,1.00221666,0.00050000
5.886574,1.00171049,0.00050000
5.888889,1.00251485,0.00050000
5.891204,1.00194602,0.00050000
5.893519,1.00227654,0.00050000
5.895833,1.00147503,0.00050000
5.898148,1.00178125,0.00050000
5.900463,1.00210801,0.00050000
5.902778,1.00145107,0.00050000
5.905093,1.00159554,0.00050000
5.907407,1.00190089,0.00050000
5.909722,1.00248498,0.00050000
5.912037,1.00231101,0.00050000
5.914352,1.00238430,0.00050000
5.916667,1.00208576,0.00050000
5.918981,1.00238673,0.00050000
5.921296,1.00270788,0.00050000
5.923611,1.00202342,0.00050000
5.925926,1.00215877,0.00050000
5.928241,1.00223475,0.00050000
5.930556,1.00094373,0.00050000
5.932870,1.00189635,0.00050000
5.935185,1.00215661,0.00050000
5.937500,1.00232616,0.00050000
5.939815,1.00179023,0.00050000
5.942130,1.00243985,0.00050000
5.944444,1.00163372,0.00050000
5.946759,1.00186699,0.00050000
5.949074,1.00279789,0.00050000
5.951389,1.00128255,0.00050000
5.953704,1.00191913,0.00050000
5.956019,1.00188557,0.00050000
5.958333,1.00191501,0.00050000
5.960648,1.00169428,0.00050000
5.962963,1.00228652,0.00050000
5.965278,1.00142773,0.00050000
5.967593,1.00130308,0.00050000
5.969907,1.00220409,0.00050000
5.972222,1.00136894,0.00050000
5.974537,1.00215270,0.00050000
5.976852,1.00197694,0.00050000
5.979167,1.00162434,0.00050000
5.981481,1.00179547,0.00050000
5.983796,1.00191906,0.00050000
5.986111,1.00219347,0.00050000
5.988426,1.00165386,0.00050000
5.990741,1.00186531,0.00050000
5.993056,1.00125506,0.00050000
5.995370,1.00183407,0.00050000
5.997685,1.00101310,0.00050000
6.000000,1.00194894,0.00050000
6.002315,1.00174463,0.00050000
6.004630,1.00301816,0.00050000
6.006944,1.00261475,0.00050000
6.009259,1.00189823,0.00050000
6.011574,1.00244738,0.00050000
6.013889,1.00211576,0.00050000
6.016204,1.00140103,0.00050000
6.018519,1.00076346,0.00050000
6.020833,1.00252903,0.00050000
6.023148,1.00217013,0.00050000
6.025463,1.00099905,0.00050000
6.027778,1.00229479,0.00050000
6.030093,1.00243358,0.00050000
6.032407,1.00163635,0.00050000
6.034722,1.00237327,0.00050000
6.037037,1.00111979,0.00050000
6.039352,1.00187068,0.00050000
6.041667,1.00199852,0.00050000
6.043981,1.00237266,0.00050000
6.046296,1.00218179,0.00050000
6.048611,1.00209473,0.00050000
6.050926,1.00226223,0.00050000
6.053241,1.00165861,0.00050000
6.055556,1.00272529,0.00050000
6.057870,1.00181717,0.00050000
6.060185,1.00238506,0.00050000
6.062500,1.00198728,0.00050000
6.064815,1.00186709,0.00050000
6.067130,1.00228377,0.00050000
6.069444,1.00221513,0.00050000
6.071759,1.00266443,0.00050000
6.074074,1.00253097,0.00050000
6.076389,1.00171153,0.00050000
6.078704,1.00224678,0.00050000
6.081019,1.00204850,0.00050000
6.083333,1.00160082,0.00050000
6.085648,1.00144948,0.00050000
6.087963,1.00212775,0.00050000
6.090278,1.00173397,0.00050000
6.092593,1.00130910,0.00050000
6.094907,1.00195578,0.00050000
6.097222,1.00211443,0.00050000
6.099537,1.00205445,0.00050000
6.101852,1.00140333,0.00050000
6.104167,1.00171645,0.00050000
6.106481,1.00269109,0.00050000
6.108796,1.00162283,0.00050000
6.111111,1.00184491,0.00050000
6.113426,1.00316098,0.00050000
6.115741,1.00218354,0.00050000
6.118056,1.00175896,0.00050000
6.120370,1.00103842,0.00050000
6.122685,1.00216500,0.00050000
6.125000,1.00131665,0.00050000
6.127315,1.00199871,0.00050000
6.129630,1.00157844,0.00050000
6.131944,1.00117538,0.00050000
6.134259,1.00283841,0.00050000
6.136574,1.00195933,0.00050000
6.138889,1.00247218,0.00050000
6.141204,1.00238240,0.00050000
6.143519,1.00164811,0.00050000
6.145833,1.00205802,0.00050000
6.148148,1.00183545,0.00050000
6.150463,1.00249629,0.00050000
6.152778,1.00222981,0.00050000
6.155093,1.00183770,0.00050000
6.157407,1.00284450,0.00050000
6.159722,1.00227500,0.00050000
6.162037,1.00224693,0.00050000
6.164352,1.00162504,0.00050000
6.166667,1.00222049,0.00050000
6.168981,1.00128493,0.00050000
6.171296,1.00224864,0.00050000
6.173611,1.00155039,0.00050000
6.175926,1.00211005,0.00050000
6.178241,1.00188002,0.00050000
6.180556,1.00213325,0.00050000
6.182870,1.00219804,0.00050000
6.185185,1.00199060,0.00050000
6.187500,1.00199150,0.00050000
6.189815,1.00127563,0.00050000
6.192130,1.00107046,0.00050000
6.194444,1.00265058,0.00050000
6.196759,1.00230712,0.00050000
6.199074,1.00128089,0.00050000
6.201389,1.00297539,0.00050000
6.203704,1.00166390,0.00050000
6.206019,1.00227687,0.00050000
6.208333,1.00223427,0.00050000
6.210648,1.00207620,0.00050000
6.212963,1.00232640,0.00050000
6.215278,1.00133543,0.00050000
6.217593,1.00200453,0.00050000
6.219907,1.00189577,0.00050000
6.222222,1.00206676,0.00050000
6.224537,1.00188606,0.00050000
6.226852,1.00170227,0.00050000
6.229167,1.00165785,0.00050000
6.231481,1.00246589,0.00050000
6.233796,1.00159965,0.00050000
6.236111,1.00220497,0.00050000
6.238426,1.00219876,0.00050000
6.240741,1.00197492,0.00050000
6.243056,1.00223560,0.00050000
6.245370,1.00229499,0.00050000
6.247685,1.00175787,0.00050000
6.250000,1.00219203,0.00050000
6.252315,1.00297670,0.00050000
6.254630,1.00148844,0.00050000
6.256944,1.00187263,0.00050000
6.259259,1.00164031,0.00050000
6.261574,1.00301619,0.00050000
6.263889,1.00132220,0.00050000
6.266204,1.00202702,0.00050000
6.268519,1.00248792,0.00050000
6.270833,1.00158910,0.00050000
6.273148,1.00195503,0.00050000
6.275463,1.00166688,0.00050000
6.277778,1.00135246,0.00050000
6.280093,1.00198694,0.00050000
6.282407,1.00226884,0.00050000
6.284722,1.00182279,0.00050000
6.287037,1.00210331,0.00050000
6.289352,1.00236263,0.00050000
6.291667,1.00261738,0.00050000
6.293981,1.00140361,0.00050000
6.296296,1.00232620,0.00050000
6.298611,1.00170961,0.00050000
6.300926,1.00107784,0.00050000
6.303241,1.00163053,0.00050000
6.305556,1.00233911,0.00050000
6.307870,1.00217188,0.00050000
6.310185,1.00147005,0.00050000
6.312500,1.00282001,0.00050000
6.314815,1.00221844,0.00050000
6.317130,1.00198244,0.00050000
6.319444,1.00174556,0.00050000
6.321759,1.00222429,0.00050000
6.324074,1.00182166,0.00050000
6.326389,1.00258120,0.00050000
6.328704,1.00217079,0.00050000
6.331019,1.00232075,0.00050000
6.333333,1.00186047,0.00050000
6.335648,1.00127528,0.00050000
6.337963,1.00227517,0.00050000
6.340278,1.00150797,0.00050000
6.342593,1.00195783,0.00050000
6.344907,1.00200320,0.00050000
6.347222,1.00162008,0.00050000
6.349537,1.00245226,0.00050000
6.351852,1.00129601,0.00050000
6.354167,1.00275082,0.00050000
6.356481,1.00171232,0.00050000
6.358796,1.00248623,0.00050000
6.361111,1.00264953,0.00050000
6.363426,1.00157487,0.00050000
6.365741,1.00163715,0.00050000
6.368056,1.00247110,0.00050000
6.370370,1.00209506,0.00050000
6.372685,1.00204232,0.00050000
6.375000,1.00108948,0.00050000
6.377315,1.00118181,0.00050000
6.379630,1.00226609,0.00050000
6.381944,1.00271192,0.00050000
6.384259,1.00164400,0.00050000
6.386574,1.00156547,0.00050000
6.388889,1.00209912,0.00050000
6.391204,1.00222499,0.00050000
6.393519,1.00227289,0.00050000
6.395833,1.00177309,0.00050000
6.398148,1.00102361,0.00050000
6.400463,1.00271519,0.00050000
6.402778,1.00174211,0.00050000
6.405093,1.00261269,0.00050000
6.407407,1.00099747,0.00050000
6.409722,1.00217034,0.00050000
6.412037,1.00173625,0.00050000
6.414352,1.00144426,0.00050000
6.416667,1.00246485,0.00050000
6.418981,1.00262296,0.00050000
6.421296,1.00168895,0.00050000
6.423611,1.00230035,0.00050000
6.425926,1.00144400,0.00050000
6.428241,1.00166945,0.00050000
6.430556,1.00185352,0.00050000
6.432870,1.00180158,0.00050000
6.435185,1.00228996,0.00050000
6.437500,1.00137239,0.00050000
6.439815,1.00245105,0.00050000
6.442130,1.00244888,0.00050000
6.444444,1.00185957,0.00050000
6.446759,1.00137849,0.00050000
6.449074,1.00078472,0.00050000
6.451389,1.00193230,0.00050000
6.453704,1.00160679,0.00050000
6.456019,1.00201163,0.00050000
6.458333,1.00143574,0.00050000
6.460648,1.00195928,0.00050000
6.462963,1.00192598,0.00050000
6.465278,1.00196063,0.00050000
6.467593,1.00209521,0.00050000
6.469907,1.00209680,0.00050000
6.472222,1.00243153,0.00050000
6.474537,1.00156093,0.00050000
6.476852,1.00230453,0.00050000
6.479167,1.00202571,0.00050000
6.481481,1.00173772,0.00050000
6.483796,1.00144989,0.00050000
6.486111,1.00266399,0.00050000
6.488426,1.00205874,0.00050000
6.490741,1.00168302,0.00050000
6.493056,1.00197321,0.00050000
6.495370,1.00193803,0.00050000
6.497685,1.00167525,0.00050000
6.500000,1.00124993,0.00050000
6.502315,1.00200654,0.00050000
6.504630,1.00184852,0.00050000
6.506944,1.00178794,0.00050000
6.509259,1.00241292,0.00050000
6.511574,1.00127488,0.00050000
6.513889,1.00145041,0.00050000
6.516204,1.00200007,0.00050000
6.518519,1.00233102,0.00050000
6.520833,1.00221942,0.00050000
6.523148,1.00227493,0.00050000
6.525463,1.00082600,0.00050000
6.527778,1.00215704,0.00050000
6.530093,1.00211600,0.00050000
6.532407,1.00224572,0.00050000
6.534722,1.00156629,0.00050000
6.537037,1.00215636,0.00050000
6.539352,1.00239807,0.00050000
6.541667,1.00269426,0.00050000
6.543981,1.00202426,0.00050000
6.546296,1.00124014,0.00050000
6.548611,1.00192252,0.00050000
6.550926,1.00221204,0.00050000
6.553241,1.00214527,0.00050000
6.555556,1.00283565,0.00050000
6.557870,1.00178861,0.00050000
6.560185,1.00138279,0.00050000
6.562500,1.00156946,0.00050000
6.564815,1.00220628,0.00050000
6.567130,1.00148375,0.00050000
6.569444,1.00136285,0.00050000
6.571759,1.00146237,0.00050000
6.574074,1.00247068,0.00050000
6.576389,1.00198886,0.00050000
6.578704,1.00170305,0.00050000
6.581019,1.00228673,0.00050000
6.583333,1.00220446,0.00050000
6.585648,1.00138130,0.00050000
6.587963,1.00227121,0.00050000
6.590278,1.00197882,0.00050000
6.592593,1.00083766,0.00050000
6.594907,1.00126806,0.00050000
6.597222,1.00198083,0.00050000
6.599537,1.00208990,0.00050000
6.601852,1.00170570,0.00050000
6.604167,1.00135216,0.00050000
6.606481,1.00196573,0.00050000
6.608796,1.00093688,0.00050000
6.611111,1.00211365,0.00050000
6.613426,1.00176190,0.00050000
6.615741,1.00182077,0.00050000
6.618056,1.00151015,0.00050000
6.620370,1.00223955,0.00050000
6.622685,1.00067631,0.00050000
6.625000,1.00139660,0.00050000
6.627315,1.00210893,0.00050000
6.629630,1.00147321,0.00050000
6.631944,1.00254088,0.00050000
6.634259,1.00202640,0.00050000
6.636574,1.00143702,0.00050000
6.638889,1.00236030,0.00050000
6.641204,1.00176568,0.00050000
6.643519,1.00209703,0.00050000
6.645833,1.00150322,0.00050000
6.648148,1.00150919,0.00050000
6.650463,1.00215472,0.00050000
6.652778,1.00185174,0.00050000
6.655093,1.00142640,0.00050000
6.657407,1.00136358,0.00050000
6.659722,1.00211670,0.00050000
6.662037,1.00266331,0.00050000
6.664352,1.00137760,0.00050000
6.666667,1.00212529,0.00050000
6.668981,1.00035132,0.00050000
6.671296,1.00110014,0.00050000
6.673611,1.00211661,0.00050000
6.675926,1.00256494,0.00050000
6.678241,1.00180878,0.00050000
6.680556,1.00204479,0.00050000
6.682870,1.00190092,0.00050000
6.685185,1.00226833,0.00050000
6.687500,1.00123239,0.00050000
6.689815,1.00207899,0.00050000
6.692130,1.00154780,0.00050000
6.694444,1.00159197,0.00050000
6.696759,1.00175420,0.00050000
6.699074,1.00165223,0.00050000
6.701389,1.00137149,0.00050000
6.703704,1.00162171,0.00050000
6.706019,1.00127776,0.00050000
6.708333,1.00247347,0.00050000
6.710648,1.00208468,0.00050000
6.712963,1.00153198,0.00050000
6.715278,1.00251864,0.00050000
6.717593,1.00236532,0.00050000
6.719907,1.00196820,0.00050000
6.722222,1.00146026,0.00050000
6.724537,1.00184863,0.00050000
6.726852,1.00200080,0.00050000
6.729167,1.00240154,0.00050000
6.731481,1.00162303,0.00050000
6.733796,1.00142912,0.00050000
6.736111,1.00283817,0.00050000
6.738426,1.00238799,0.00050000
6.740741,1.00185385,0.00050000
6.743056,1.00124163,0.00050000
6.745370,1.00193363,0.00050000
6.747685,1.00224206,0.00050000
6.750000,1.00205936,0.00050000
6.752315,1.00209026,0.00050000
6.754630,1.00170118,0.00050000
6.756944,1.00223852,0.00050000
6.759259,1.00137480,0.00050000
6.761574,1.00145210,0.00050000
6.763889,1.00141882,0.00050000
6.766204,1.00134351,0.00050000
6.768519,1.00262257,0.00050000
6.770833,1.00081774,0.00050000
6.773148,1.00176844,0.00050000
6.775463,1.00116051,0.00050000
6.777778,1.00102895,0.00050000
6.780093,1.00168986,0.00050000
6.782407,1.00086148,0.00050000
6.784722,1.00158739,0.00050000
6.787037,1.00276363,0.00050000
6.789352,1.00156942,0.00050000
6.791667,1.00184716,0.00050000
6.793981,1.00119621,0.00050000
6.796296,1.00185164,0.00050000
6.798611,1.00087045,0.00050000
6.800926,1.00169917,0.00050000
6.803241,1.00153714,0.00050000
6.805556,1.00267040,0.00050000
6.807870,1.00154701,0.00050000
6.810185,1.00140521,0.00050000
6.812500,1.00130265,0.00050000
6.814815,1.00098093,0.00050000
6.817130,1.00195264,0.00050000
6.819444,1.00228599,0.00050000
6.821759,1.00137785,0.00050000
6.824074,1.00191078,0.00050000
6.826389,1.00137802,0.00050000
6.828704,1.00174956,0.00050000
6.831019,1.00177371,0.00050000
6.833333,1.00083025,0.00050000
6.835648,1.00115376,0.00050000
6.837963,1.00199839,0.00050000
6.840278,1.00058171,0.00050000
6.842593,1.00152845,0.00050000
6.844907,1.00134978,0.00050000
6.847222,1.00105488,0.00050000
6.849537,1.00153733,0.00050000
6.851852,1.00166160,0.00050000
6.854167,1.00177261,0.00050000
6.856481,1.00019070,0.00050000
6.858796,1.00233231,0.00050000
6.861111,1.00125441,0.00050000
6.863426,1.00200714,0.00050000
6.865741,1.00142323,0.00050000
6.868056,1.00118994,0.00050000
6.870370,1.00144337,0.00050000
6.872685,1.00305226,0.00050000
6.875000,1.00224783,0.00050000
6.877315,1.00128989,0.00050000
6.879630,1.00157199,0.00050000
6.881944,1.00201446,0.00050000
6.884259,1.00174010,0.00050000
6.886574,1.00148813,0.00050000
6.888889,1.00134802,0.00050000
6.891204,1.00090032,0.00050000
6.893519,1.00180830,0.00050000
6.895833,1.00197947,0.00050000
6.898148,1.00253895,0.00050000
6.900463,1.00114786,0.00050000
6.902778,1.00174131,0.00050000
6.905093,1.00139589,0.00050000
6.907407,1.00203545,0.00050000
6.909722,1.00135423,0.00050000
6.912037,1.00107561,0.00050000
6.914352,1.00055062,0.00050000
6.916667,1.00174791,0.00050000
6.918981,1.00146670,0.00050000
6.921296,1.00194378,0.00050000
6.923611,1.00110277,0.00050000
6.925926,1.00266977,0.00050000
6.928241,1.00101548,0.00050000
6.930556,1.00162154,0.00050000
6.932870,1.00156818,0.00050000
6.935185,1.00190817,0.00050000
6.937500,1.00126947,0.00050000
6.939815,1.00088935,0.00050000
6.942130,1.00084932,0.00050000
6.944444,1.00174568,0.00050000
6.946759,1.00138647,0.00050000
6.949074,1.00150145,0.00050000
6.951389,1.00091760,0.00050000
6.953704,1.00139015,0.00050000
6.956019,1.00142468,0.00050000
6.958333,1.00161903,0.00050000
6.960648,1.00057545,0.00050000
6.962963,1.00091821,0.00050000
6.965278,1.00216194,0.00050000
6.967593,1.00109639,0.00050000
6.969907,1.00124642,0.00050000
6.972222,1.00108469,0.00050000
6.974537,1.00053101,0.00050000
6.976852,1.00073699,0.00050000
6.979167,1.00145567,0.00050000
6.981481,1.00092974,0.00050000
6.983796,1.00227479,0.00050000
6.986111,1.00050757,0.00050000
6.988426,1.00028090,0.00050000
6.990741,1.00105151,0.00050000
6.993056,1.00063812,0.00050000
6.995370,1.00192862,0.00050000
6.997685,1.00102055,0.00050000
7.000000,1.00148721,0.00050000
7.002315,1.00051512,0.00050000
7.004630,1.00155009,0.00050000
7.006944,1.00153187,0.00050000
7.009259,1.00182709,0.00050000
7.011574,1.00131226,0.00050000
7.013889,1.00145579,0.00050000
7.016204,1.00127605,0.00050000
7.018519,1.00164991,0.00050000
7.020833,1.00097649,0.00050000
7.023148,1.00145023,0.00050000
7.025463,1.00088844,0.00050000
7.027778,1.00152140,0.00050000
7.030093,1.00102471,0.00050000
7.032407,1.00083349,0.00050000
7.034722,1.00081419,0.00050000
7.037037,1.00188411,0.00050000
7.039352,1.00036469,0.00050000
7.041667,1.00039744,0.00050000
7.043981,1.00145246,0.00050000
7.046296,1.00063106,0.00050000
7.048611,1.00089109,0.00050000
7.050926,1.00087254,0.00050000
7.053241,1.00225424,0.00050000
7.055556,1.00077304,0.00050000
7.057870,1.00074363,0.00050000
7.060185,1.00090524,0.00050000
7.062500,1.00121095,0.00050000
7.064815,1.00134074,0.00050000
7.067130,1.00035012,0.00050000
7.069444,1.00130445,0.00050000
7.071759,1.00205333,0.00050000
7.074074,1.00017826,0.00050000
7.076389,1.00135513,0.00050000
7.078704,1.00144701,0.00050000
7.081019,1.00113473,0.00050000
7.083333,1.00095455,0.00050000
7.085648,0.99986989,0.00050000
7.087963,1.00164244,0.00050000
7.090278,1.00087526,0.00050000
7.092593,1.00092932,0.00050000
7.094907,1.00164110,0.00050000
7.097222,0.99985209,0.00050000
7.099537,1.00098313,0.00050000
7.101852,1.00131018,0.00050000
7.104167,1.00136710,0.00050000
7.106481,1.00130663,0.00050000
7.108796,1.00201682,0.00050000
7.111111,1.00113394,0.00050000
7.113426,1.00149641,0.00050000
7.115741,1.00136839,0.00050000
7.118056,1.00023683,0.00050000
7.120370,1.00058839,0.00050000
7.122685,1.00200912,0.00050000
7.125000,1.00082668,0.00050000
7.127315,1.00092440,0.00050000
7.129630,1.00029407,0.00050000
7.131944,1.00077597,0.00050000
7.134259,1.00028574,0.00050000
7.136574,1.00063270,0.00050000
7.138889,1.00120881,0.00050000
7.141204,1.00051124,0.00050000
7.143519,1.00061420,0.00050000
7.145833,1.00158532,0.00050000
7.148148,1.00114628,0.00050000
7.150463,1.00116386,0.00050000
7.152778,1.00139782,0.00050000
7.155093,1.00061970,0.00050000
7.157407,1.00069477,0.00050000
7.159722,0.99985539,0.00050000
7.162037,1.00124610,0.00050000
7.164352,1.00077048,0.00050000
7.166667,1.00086657,0.00050000
7.168981,1.00031838,0.00050000
7.171296,1.00116798,0.00050000
7.173611,1.00116597,0.00050000
7.175926,1.00093814,0.00050000
7.178241,1.00004746,0.00050000
7.180556,1.00041539,0.00050000
7.182870,1.00081403,0.00050000
7.185185,1.00040733,0.00050000
7.187500,1.00101353,0.00050000
7.189815,1.00131811,0.00050000
7.192130,1.00043203,0.00050000
7.194444,1.00071369,0.00050000
7.196759,1.00045630,0.00050000
7.199074,1.00130911,0.00050000
7.201389,1.00123651,0.00050000
7.203704,1.00211358,0.00050000
7.206019,1.00078087,0.00050000
7.208333,1.00030483,0.00050000
7.210648,1.00097117,0.00050000
7.212963,1.00064468,0.00050000
7.215278,1.00085100,0.00050000
7.217593,1.00137190,0.00050000
7.219907,1.00060209,0.00050000
7.222222,1.00110051,0.00050000
7.224537,0.99967534,0.00050000
7.226852,1.00125741,0.00050000
7.229167,1.00079015,0.00050000
7.231481,1.00059797,0.00050000
7.233796,1.00046219,0.00050000
7.236111,1.00141528,0.00050000
7.238426,1.00044844,0.00050000
7.240741,1.00133038,0.00050000
7.243056,1.00043757,0.00050000
7.245370,1.00070887,0.00050000
7.247685,1.00085822,0.00050000
7.250000,1.00168765,0.00050000
7.252315,1.00079478,0.00050000
7.254630,1.00078323,0.00050000
7.256944,1.00062618,0.00050000
7.259259,1.00050365,0.00050000
7.261574,1.00034584,0.00050000
7.263889,1.00154786,0.00050000
7.266204,1.00137321,0.00050000
7.268519,1.00028915,0.00050000
7.270833,1.00070789,0.00050000
7.273148,1.00003363,0.00050000
7.275463,1.00108720,0.00050000
7.277778,1.00095467,0.00050000
7.280093,1.00066197,0.00050000
7.282407,1.00019654,0.00050000
7.284722,1.00097752,0.00050000
7.287037,1.00089750,0.00050000
7.289352,1.00049374,0.00050000
7.291667,1.00094637,0.00050000
7.293981,0.99989997,0.00050000
7.296296,1.00026690,0.00050000
7.298611,1.00008479,0.00050000
7.300926,1.00061156,0.00050000
7.303241,1.00138270,0.00050000
7.305556,1.00056716,0.00050000
7.307870,1.00110559,0.00050000
7.310185,1.00051538,0.00050000
7.312500,1.00032205,0.00050000
7.314815,1.00102571,0.00050000
7.317130,1.00078447,0.00050000
7.319444,1.00121666,0.00050000
7.321759,1.00098819,0.00050000
7.324074,1.00008883,0.00050000
7.326389,0.99921522,0.00050000
7.328704,1.00055164,0.00050000
7.331019,0.99988870,0.00050000
7.333333,0.99976625,0.00050000
7.335648,0.99972443,0.00050000
7.337963,1.00013824,0.00050000
7.340278,1.00035287,0.00050000
7.342593,1.00044948,0.00050000
7.344907,1.00146313,0.00050000
7.347222,0.99982867,0.00050000
7.349537,1.00042358,0.00050000
7.351852,0.99980079,0.00050000
7.354167,0.99991920,0.00050000
7.356481,1.00044416,0.00050000
7.358796,1.00061408,0.00050000
7.361111,0.99975608,0.00050000
7.363426,1.00096479,0.00050000
7.365741,0.99992174,0.00050000
7.368056,1.00085995,0.00050000
7.370370,1.00034871,0.00050000
7.372685,1.00082184,0.00050000
7.375000,1.00064612,0.00050000
7.377315,1.00021353,0.00050000
7.379630,1.00058982,0.00050000
7.381944,0.99967345,0.00050000
7.384259,0.99968863,0.00050000
7.386574,1.00015464,0.00050000
7.388889,1.00101293,0.00050000
7.391204,0.99994716,0.00050000
7.393519,1.00001530,0.00050000
7.395833,1.00114104,0.00050000
7.398148,1.00032421,0.00050000
7.400463,1.00029691,0.00050000
7.402778,0.99976552,0.00050000
7.405093,1.00031483,0.00050000
7.407407,1.00057517,0.00050000
7.409722,1.00024452,0.00050000
7.412037,1.00064868,0.00050000
7.414352,1.00042484,0.00050000
7.416667,1.00077954,0.00050000
7.418981,1.00066171,0.00050000
7.421296,1.00017569,0.00050000
7.423611,1.00067114,0.00050000
7.425926,1.00113286,0.00050000
7.428241,1.00037623,0.00050000
7.430556,0.99960799,0.00050000
7.432870,1.00030774,0.00050000
7.435185,1.00010648,0.00050000
7.437500,1.00149563,0.00050000
7.439815,1.00057103,0.00050000
7.442130,0.99963386,0.00050000
7.444444,1.00008665,0.00050000
7.446759,1.00090524,0.00050000
7.449074,0.99958708,0.00050000
7.451389,0.99991551,0.00050000
7.453704,1.00015554,0.00050000
7.456019,1.00007425,0.00050000
7.458333,0.99984536,0.00050000
7.460648,1.00020092,0.00050000
7.462963,0.99942337,0.00050000
7.465278,0.99983289,0.00050000
7.467593,0.99981639,0.00050000
7.469907,0.99995856,0.00050000
7.472222,0.99995306,0.00050000
7.474537,1.00009449,0.00050000
7.476852,0.99991524,0.00050000
7.479167,0.99987377,0.00050000
7.481481,1.00025656,0.00050000
7.483796,1.00051943,0.00050000
7.486111,1.00054400,0.00050000
7.488426,0.99948056,0.00050000
7.490741,1.00017387,0.00050000
7.493056,1.00041738,0.00050000
7.495370,0.99990429,0.00050000
7.497685,1.00026496,0.00050000
7.500000,0.99991516,0.00050000
7.502315,1.00020718,0.00050000
7.504630,0.99925115,0.00050000
7.506944,1.00023684,0.00050000
7.509259,0.99975892,0.00050000
7.511574,0.99962606,0.00050000
7.513889,0.99983773,0.00050000
7.516204,1.00047418,0.00050000
7.518519,1.00044639,0.00050000
7.520833,1.00009285,0.00050000
7.523148,1.00039435,0.00050000
7.525463,0.99975258,0.00050000
7.527778,0.99932744,0.00050000
7.530093,0.99901079,0.00050000
7.532407,0.99992153,0.00050000
7.534722,0.99985758,0.00050000
7.537037,0.99994260,0.00050000
7.539352,0.99995204,0.00050000
7.541667,1.00052112,0.00050000
7.543981,0.99944572,0.00050000
7.546296,0.99951258,0.00050000
7.548611,1.00085153,0.00050000
7.550926,1.00027142,0.00050000
7.553241,0.99972994,0.00050000
7.555556,0.99885545,0.00050000
7.557870,0.99944280,0.00050000
7.560185,0.99968158,0.00050000
7.562500,0.99981308,0.00050000
7.564815,0.99994352,0.00050000
7.567130,0.99972853,0.00050000
7.569444,1.00040906,0.00050000
7.571759,0.99923614,0.00050000
7.574074,0.99968102,0.00050000
7.576389,0.99947689,0.00050000
7.578704,1.00019688,0.00050000
7.581019,0.99989200,0.00050000
7.583333,1.00019156,0.00050000
7.585648,0.99982960,0.00050000
7.587963,1.00166069,0.00050000
7.590278,1.00013894,0.00050000
7.592593,0.99939614,0.00050000
7.594907,0.99976354,0.00050000
7.597222,0.99955957,0.00050000
7.599537,1.00013309,0.00050000
7.601852,1.00023366,0.00050000
7.604167,0.99993416,0.00050000
7.606481,0.99964736,0.00050000
7.608796,0.99939785,0.00050000
7.611111,1.00052835,0.00050000
7.613426,1.00027942,0.00050000
7.615741,0.99825080,0.00050000
7.618056,0.99974358,0.00050000
7.620370,0.99928454,0.00050000
7.622685,0.99951064,0.00050000
7.625000,1.00053947,0.00050000
7.627315,0.99912059,0.00050000
7.629630,0.99916122,0.00050000
7.631944,1.00090309,0.00050000
7.634259,0.99943297,0.00050000
7.636574,0.99954748,0.00050000
7.638889,1.00023182,0.00050000
7.641204,0.99939991,0.00050000
7.643519,0.99966737,0.00050000
7.645833,0.99976681,0.00050000
7.648148,1.00034273,0.00050000
7.650463,0.99882487,0.00050000
7.652778,0.99921023,0.00050000
7.655093,0.99955721,0.00050000
7.657407,1.00007096,0.00050000
7.659722,0.99928876,0.00050000
7.662037,0.99983532,0.00050000
7.664352,0.99934139,0.00050000
7.666667,0.99939483,0.00050000
7.668981,1.00022321,0.00050000
7.671296,0.99946208,0.00050000
7.673611,1.00105467,0.00050000
7.675926,0.99974735,0.00050000
7.678241,1.00012449,0.00050000
7.680556,0.99992643,0.00050000
7.682870,0.99877127,0.00050000
7.685185,0.99877301,0.00050000
7.687500,0.99978056,0.00050000
7.689815,0.99897793,0.00050000
7.692130,0.99925084,0.00050000
7.694444,0.99935028,0.00050000
7.696759,0.99905392,0.00050000
7.699074,1.00009789,0.00050000
7.701389,0.99988965,0.00050000
7.703704,0.99958138,0.00050000
7.706019,0.99976846,0.00050000
7.708333,0.99902831,0.00050000
7.710648,0.99991280,0.00050000
7.712963,0.99904414,0.00050000
7.715278,1.00024381,0.00050000
7.717593,0.99912327,0.00050000
7.719907,0.99917368,0.00050000
7.722222,1.00002732,0.00050000
7.724537,0.99976347,0.00050000
7.726852,0.99895530,0.00050000
7.729167,0.99972851,0.00050000
7.731481,0.99942018,0.00050000
7.733796,0.99942357,0.00050000
7.736111,0.99971831,0.00050000
7.738426,0.99971108,0.00050000
7.740741,0.99990635,0.00050000
7.743056,0.99963223,0.00050000
7.745370,0.99954843,0.00050000
7.747685,0.99932847,0.00050000
7.750000,1.00012138,0.00050000
7.752315,0.99897734,0.00050000
7.754630,1.00031703,0.00050000
7.756944,1.00044655,0.00050000
7.759259,1.00043378,0.00050000
7.761574,0.99927453,0.00050000
7.763889,1.00039019,0.00050000
7.766204,0.99990626,0.00050000
7.768519,0.99986237,0.00050000
7.770833,1.00096730,0.00050000
7.773148,0.99941365,0.00050000
7.775463,0.99959538,0.00050000
7.777778,0.99867431,0.00050000
7.780093,0.99818611,0.00050000
7.782407,0.99943591,0.00050000
7.784722,0.99950051,0.00050000
7.787037,0.99963271,0.00050000
7.789352,0.99942599,0.00050000
7.791667,0.99827175,0.00050000
7.793981,0.99944927,0.00050000
7.796296,0.99981723,0.00050000
7.798611,1.00003610,0.00050000
7.800926,0.99876891,0.00050000
7.803241,0.99879101,0.00050000
7.805556,0.99888331,0.00050000
7.807870,0.99890442,0.00050000
7.810185,0.99840706,0.00050000
7.812500,0.99886885,0.00050000
7.814815,0.99999719,0.00050000
7.817130,0.99866825,0.00050000
7.819444,0.99825628,0.00050000
7.821759,0.99904693,0.00050000
7.824074,0.99892566,0.00050000
7.826389,0.99951264,0.00050000
7.828704,0.99879449,0.00050000
7.831019,0.99906937,0.00050000
7.833333,0.99873343,0.00050000
7.835648,0.99866048,0.00050000
7.837963,0.99932657,0.00050000
7.840278,0.99919652,0.00050000
7.842593,0.99910216,0.00050000
7.844907,0.99938231,0.00050000
7.847222,0.99870344,0.00050000
7.849537,0.99912069,0.00050000
7.851852,0.99920729,0.00050000
7.854167,0.99969083,0.00050000
7.856481,0.99814510,0.00050000
7.858796,0.99891033,0.00050000
7.861111,0.99930531,0.00050000
7.863426,0.99878518,0.00050000
7.865741,0.99911416,0.00050000
7.868056,0.99940613,0.00050000
7.870370,0.99929673,0.00050000
7.872685,0.99818658,0.00050000
7.875000,0.99844039,0.00050000
7.877315,0.99762467,0.00050000
7.879630,0.99935986,0.00050000
7.881944,0.99913256,0.00050000
7.884259,0.99969545,0.00050000
7.886574,0.99904105,0.00050000
7.888889,0.99843602,0.00050000
7.891204,0.99954070,0.00050000
7.893519,0.99833591,0.00050000
7.895833,0.99899003,0.00050000
7.898148,0.99888174,0.00050000
7.900463,0.99936916,0.00050000
7.902778,0.99943037,0.00050000
7.905093,0.99875568,0.00050000
7.907407,0.99859489,0.00050000
7.909722,0.99893159,0.00050000
7.912037,0.99866082,0.00050000
7.914352,0.99942185,0.00050000
7.916667,0.99912883,0.00050000
7.918981,0.99963317,0.00050000
7.921296,1.00023734,0.00050000
7.923611,0.99848774,0.00050000
7.925926,0.99861442,0.00050000
7.928241,0.99915090,0.00050000
7.930556,0.99910670,0.00050000
7.932870,0.99872555,0.00050000
7.935185,0.99803201,0.00050000
7.937500,1.00016453,0.00050000
7.939815,0.99892431,0.00050000
7.942130,0.99828926,0.00050000
7.944444,0.99766460,0.00050000
7.946759,0.99956888,0.00050000
7.949074,0.99902481,0.00050000
7.951389,0.99885520,0.00050000
7.953704,0.99832547,0.00050000
7.956019,0.99878969,0.00050000
7.958333,0.99864023,0.00050000
7.960648,0.99757418,0.00050000
7.962963,1.00017028,0.00050000
7.965278,0.99903988,0.00050000
7.967593,0.99864045,0.00050000
7.969907,0.99832074,0.00050000
7.972222,0.99849691,0.00050000
7.974537,1.00001587,0.00050000
7.976852,0.99898873,0.00050000
7.979167,0.99811221,0.00050000
7.981481,0.99922691,0.00050000
7.983796,0.99902352,0.00050000
7.986111,0.99903240,0.00050000
7.988426,0.99869496,0.00050000
7.990741,0.99867033,0.00050000
7.993056,0.99885800,0.00050000
7.995370,0.99863840,0.00050000
7.997685,0.99802742,0.00050000
8.000000,0.99822809,0.00050000
8.002315,0.99873153,0.00050000
8.004630,0.99791482,0.00050000
8.006944,0.99864790,0.00050000
8.009259,0.99854980,0.00050000
8.011574,0.99907429,0.00050000
8.013889,0.99878054,0.00050000
8.016204,0.99854315,0.00050000
8.018519,0.99853859,0.00050000
8.020833,0.99890012,0.00050000
8.023148,0.99915009,0.00050000
8.025463,0.99813008,0.00050000
8.027778,0.99789268,0.00050000
8.030093,0.99828417,0.00050000
8.032407,0.99748958,0.00050000
8.034722,0.99825299,0.00050000
8.037037,0.99906398,0.00050000
8.039352,0.99913327,0.00050000
8.041667,0.99940816,0.00050000
8.043981,0.99866118,0.00050000
8.046296,0.99870088,0.00050000
8.048611,0.99831846,0.00050000
8.050926,0.99834770,0.00050000
8.053241,0.99875124,0.00050000
8.055556,0.99906016,0.00050000
8.057870,0.99881140,0.00050000
8.060185,0.99756608,0.00050000
8.062500,0.99883375,0.00050000
8.064815,0.99857988,0.00050000
8.067130,0.99827404,0.00050000
8.069444,0.99863829,0.00050000
8.071759,0.99901487,0.00050000
8.074074,0.99862713,0.00050000
8.076389,0.99818484,0.00050000
8.078704,1.00023623,0.00050000
8.081019,0.99822033,0.00050000
8.083333,0.99876791,0.00050000
8.085648,0.99916400,0.00050000
8.087963,0.99808801,0.00050000
8.090278,0.99879484,0.00050000
8.092593,0.99808368,0.00050000
8.094907,0.99837258,0.00050000
8.097222,0.99811836,0.00050000
8.099537,0.99938422,0.00050000
8.101852,0.99779631,0.00050000
8.104167,0.99874568,0.00050000
8.106481,0.99849826,0.00050000
8.108796,0.99747478,0.00050000
8.111111,0.99934423,0.00050000
8.113426,0.99817729,0.00050000
8.115741,0.99832712,0.00050000
8.118056,0.99856331,0.00050000
8.120370,0.99799119,0.00050000
8.122685,0.99805240,0.00050000
8.125000,0.99841955,0.00050000
8.127315,0.99798942,0.00050000
8.129630,0.99847745,0.00050000
8.131944,0.99906178,0.00050000
8.134259,0.99790600,0.00050000
8.136574,0.99761382,0.00050000
8.138889,0.99834058,0.00050000
8.141204,0.99860459,0.00050000
8.143519,0.99873493,0.00050000
8.145833,0.99783932,0.00050000
8.148148,0.99719941,0.00050000
8.150463,0.99882480,0.00050000
8.152778,0.99873579,0.00050000
8.155093,0.99913368,0.00050000
8.157407,0.99788045,0.00050000
8.159722,0.99864534,0.00050000
8.162037,0.99886409,0.00050000
8.164352,0.99742587,0.00050000
8.166667,0.99887847,0.00050000
8.168981,0.99906178,0.00050000
8.171296,0.99862891,0.00050000
8.173611,0.99860316,0.00050000
8.175926,0.99870015,0.00050000
8.178241,0.99819087,0.00050000
8.180556,0.99759328,0.00050000
8.182870,0.99784681,0.00050000
8.185185,0.99821751,0.00050000
8.187500,0.99787528,0.00050000
8.189815,0.99881286,0.00050000
8.192130,0.99808687,0.00050000
8.194444,0.99823073,0.00050000
8.196759,0.99739268,0.00050000
8.199074,0.99847687,0.00050000
8.201389,0.99791887,0.00050000
8.203704,0.99902652,0.00050000
8.206019,0.99739789,0.00050000
8.208333,0.99842135,0.00050000
8.210648,0.99804999,0.00050000
8.212963,0.99806681,0.00050000
8.215278,0.99909899,0.00050000
8.217593,0.99872086,0.00050000
8.219907,0.99780719,0.00050000
8.222222,0.99893030,0.00050000
8.224537,0.99789803,0.00050000
8.226852,0.99862024,0.00050000
8.229167,0.99734452,0.00050000
8.231481,0.99804943,0.00050000
8.233796,0.99806117,0.00050000
8.236111,0.99803689,0.00050000
8.238426,0.99739970,0.00050000
8.240741,0.99724164,0.00050000
8.243056,0.99817980,0.00050000
8.245370,0.99848810,0.00050000
8.247685,0.99819629,0.00050000
8.250000,0.99800375,0.00050000
8.252315,0.99741477,0.00050000
8.254630,0.99803066,0.00050000
8.256944,0.99788202,0.00050000
8.259259,0.99779622,0.00050000
8.261574,0.99824131,0.00050000
8.263889,0.99823452,0.00050000
8.266204,0.99834459,0.00050000
8.268519,0.99801050,0.00050000
8.270833,0.99771704,0.00050000
8.273148,0.99803102,0.00050000
8.275463,0.99796966,0.00050000
8.277778,0.99729852,0.00050000
8.280093,0.99794150,0.00050000
8.282407,0.99727958,0.00050000
8.284722,0.99711883,0.00050000
8.287037,0.99768997,0.00050000
8.289352,0.99777562,0.00050000
8.291667,0.99844167,0.00050000
8.293981,0.99793377,0.00050000
8.296296,0.99834929,0.00050000
8.298611,0.99880215,0.00050000
8.300926,0.99813564,0.00050000
8.303241,0.99826126,0.00050000
8.305556,0.99772086,0.00050000
8.307870,0.99847343,0.00050000
8.310185,0.99808738,0.00050000
8.312500,0.99808654,0.00050000
8.314815,0.99748527,0.00050000
8.317130,0.99757697,0.00050000
8.319444,0.99770413,0.00050000
8.321759,0.99808865,0.00050000
8.324074,0.99857801,0.00050000
8.326389,0.99727045,0.00050000
8.328704,0.99784084,0.00050000
8.331019,0.99786457,0.00050000
8.333333,0.99915436,0.00050000
8.335648,0.99791077,0.00050000
8.337963,0.99773785,0.00050000
8.340278,0.99837500,0.00050000
8.342593,0.99744301,0.00050000
8.344907,0.99826445,0.00050000
8.347222,0.99715165,0.00050000
8.349537,0.99899728,0.00050000
8.351852,0.99795838,0.00050000
8.354167,0.99776290,0.00050000
8.356481,0.99731541,0.00050000
8.358796,0.99789304,0.00050000
8.361111,0.99800622,0.00050000
8.363426,0.99759528,0.00050000
8.365741,0.99855308,0.00050000
8.368056,0.99778851,0.00050000
8.370370,0.99799593,0.00050000
8.372685,0.99808759,0.00050000
8.375000,0.99862193,0.00050000
8.377315,0.99774675,0.00050000
8.379630,0.99796932,0.00050000
8.381944,0.99807758,0.00050000
8.384259,0.99823384,0.00050000
8.386574,0.99700568,0.00050000
8.388889,0.99849523,0.00050000
8.391204,0.99785544,0.00050000
8.393519,0.99755177,0.00050000
8.395833,0.99789418,0.00050000
8.398148,0.99694462,0.00050000
8.400463,0.99751841,0.00050000
8.402778,0.99799277,0.00050000
8.405093,0.99857507,0.00050000
8.407407,0.99785069,0.00050000
8.409722,0.99808650,0.00050000
8.412037,0.99773783,0.00050000
8.414352,0.99831246,0.00050000
8.416667,0.99767821,0.00050000
8.418981,0.99810485,0.00050000
8.421296,0.99770346,0.00050000
8.423611,0.99738339,0.00050000
8.425926,0.99736712,0.00050000
8.428241,0.99753778,0.00050000
8.430556,0.99843723,0.00050000
8.432870,0.99945031,0.00050000
8.435185,0.99774966,0.00050000
8.437500,0.99747791,0.00050000
8.439815,0.99810986,0.00050000
8.442130,0.99808496,0.00050000
8.444444,0.99757191,0.00050000
8.446759,0.99879495,0.00050000
8.449074,0.99826923,0.00050000
8.451389,0.99830030,0.00050000
8.453704,0.99785775,0.00050000
8.456019,0.99788775,0.00050000
8.458333,0.99830665,0.00050000
8.460648,0.99711950,0.00050000
8.462963,0.99741004,0.00050000
8.465278,0.99785449,0.00050000
8.467593,0.99707426,0.00050000
8.469907,0.99862629,0.00050000
8.472222,0.99748898,0.00050000
8.474537,0.99758273,0.00050000
8.476852,0.99795666,0.00050000
8.479167,0.99854581,0.00050000
8.481481,0.99776651,0.00050000
8.483796,0.99740055,0.00050000
8.486111,0.99731439,0.00050000
8.488426,0.99789447,0.00050000
8.490741,0.99748485,0.00050000
8.493056,0.99895901,0.00050000
8.495370,0.99839794,0.00050000
8.497685,0.99618062,0.00050000
8.500000,0.99729700,0.00050000
8.502315,0.99793530,0.00050000
8.504630,0.99891288,0.00050000
8.506944,0.99674259,0.00050000
8.509259,0.99752763,0.00050000
8.511574,0.99834855,0.00050000
8.513889,0.99739606,0.00050000
8.516204,0.99777538,0.00050000
8.518519,0.99748632,0.00050000
8.520833,0.99806924,0.00050000
8.523148,0.99718076,0.00050000
8.525463,0.99773879,0.00050000
8.527778,0.99699668,0.00050000
8.530093,0.99820974,0.00050000
8.532407,0.99802080,0.00050000
8.534722,0.99769693,0.00050000
8.537037,0.99773063,0.00050000
8.539352,0.99772284,0.00050000
8.541667,0.99752151,0.00050000
8.543981,0.99778172,0.00050000
8.546296,0.99788371,0.00050000
8.548611,0.99766294,0.00050000
8.550926,0.99739715,0.00050000
8.553241,0.99748824,0.00050000
8.555556,0.99745937,0.00050000
8.557870,0.99791284,0.00050000
8.560185,0.99776014,0.00050000
8.562500,0.99866654,0.00050000
8.564815,0.99759060,0.00050000
8.567130,0.99771212,0.00050000
8.569444,0.99735698,0.00050000
8.571759,0.99771941,0.00050000
8.574074,0.99744370,0.00050000
8.576389,0.99723370,0.00050000
8.578704,0.99774131,0.00050000
8.581019,0.99845344,0.00050000
8.583333,0.99722239,0.00050000
8.585648,0.99732670,0.00050000
8.587963,0.99762987,0.00050000
8.590278,0.99777371,0.00050000
8.592593,0.99829438,0.00050000
8.594907,0.99731749,0.00050000
8.597222,0.99756870,0.00050000
8.599537,0.99723723,0.00050000
8.601852,0.99719380,0.00050000
8.604167,0.99739155,0.00050000
8.606481,0.99706676,0.00050000
8.608796,0.99784456,0.00050000
8.611111,0.99814373,0.00050000
8.613426,0.99735593,0.00050000
8.615741,0.99725943,0.00050000
8.618056,0.99826911,0.00050000
8.620370,0.99749684,0.00050000
8.622685,0.99834387,0.00050000
8.625000,0.99615079,0.00050000
8.627315,0.99751235,0.00050000
8.629630,0.99708346,0.00050000
8.631944,0.99732273,0.00050000
8.634259,0.99799013,0.00050000
8.636574,0.99812505,0.00050000
8.638889,0.99749487,0.00050000
8.641204,0.99804743,0.00050000
8.643519,0.99701658,0.00050000
8.645833,0.99770994,0.00050000
8.648148,0.99749455,0.00050000
8.650463,0.99671908,0.00050000
8.652778,0.99801830,0.00050000
8.655093,0.99722892,0.00050000
8.657407,0.99777921,0.00050000
8.659722,0.99717807,0.00050000
8.662037,0.99764633,0.00050000
8.664352,0.99786345,0.00050000
8.666667,0.99755337,0.00050000
8.668981,0.99731415,0.00050000
8.671296,0.99785350,0.00050000
8.673611,0.99765492,0.00050000
8.675926,0.99733721,0.00050000
8.678241,0.99756740,0.00050000
8.680556,0.99750294,0.00050000
8.682870,0.99737172,0.00050000
8.685185,0.99799109,0.00050000
8.687500,0.99840765,0.00050000
8.689815,0.99728140,0.00050000
8.692130,0.99747594,0.00050000
8.694444,0.99706347,0.00050000
8.696759,0.99686609,0.00050000
8.699074,0.99809676,0.00050000
8.701389,0.99719252,0.00050000
8.703704,0.99769592,0.00050000
8.706019,0.99684700,0.00050000
8.708333,0.99720317,0.00050000
8.710648,0.99775713,0.00050000
8.712963,0.99775598,0.00050000
8.715278,0.99763390,0.00050000
8.717593,0.99771908,0.00050000
8.719907,0.99762172,0.00050000
8.722222,0.99801266,0.00050000
8.724537,0.99835862,0.00050000
8.726852,0.99778951,0.00050000
8.729167,0.99745007,0.00050000
8.731481,0.99699045,0.00050000
8.733796,0.99725931,0.00050000
8.736111,0.99733868,0.00050000
8.738426,0.99821858,0.00050000
8.740741,0.99672337,0.00050000
8.743056,0.99709705,0.00050000
8.745370,0.99697822,0.00050000
8.747685,0.99792442,0.00050000
8.750000,0.99714188,0.00050000
8.752315,0.99656990,0.00050000
8.754630,0.99645834,0.00050000
8.756944,0.99763690,0.00050000
8.759259,0.99666425,0.00050000
8.761574,0.99802794,0.00050000
8.763889,0.99800724,0.00050000
8.766204,0.99690672,0.00050000
8.768519,0.99730158,0.00050000
8.770833,0.99747964,0.00050000
8.773148,0.99672000,0.00050000
8.775463,0.99684723,0.00050000
8.777778,0.99714514,0.00050000
8.780093,0.99744110,0.00050000
8.782407,0.99759459,0.00050000
8.784722,0.99651672,0.00050000
8.787037,0.99757344,0.00050000
8.789352,0.99739418,0.00050000
8.791667,0.99731753,0.00050000
8.793981,0.99721798,0.00050000
8.796296,0.99796062,0.00050000
8.798611,0.99822631,0.00050000
8.800926,0.99721501,0.00050000
8.803241,0.99735716,0.00050000
8.805556,0.99664735,0.00050000
8.807870,0.99723820,0.00050000
8.810185,0.99778209,0.00050000
8.812500,0.99738682,0.00050000
8.814815,0.99761491,0.00050000
8.817130,0.99738118,0.00050000
8.819444,0.99748519,0.00050000
8.821759,0.99776911,0.00050000
8.824074,0.99781871,0.00050000
8.826389,0.99646309,0.00050000
8.828704,0.99732904,0.00050000
8.831019,0.99598327,0.00050000
8.833333,0.99744502,0.00050000
8.835648,0.99716546,0.00050000
8.837963,0.99714183,0.00050000
8.840278,0.99821765,0.00050000
8.842593,0.99761703,0.00050000
8.844907,0.99800349,0.00050000
8.847222,0.99775135,0.00050000
8.849537,0.99828059,0.00050000
8.851852,0.99731536,0.00050000
8.854167,0.99731093,0.00050000
8.856481,0.99739145,0.00050000
8.858796,0.99866082,0.00050000
8.861111,0.99721846,0.00050000
8.863426,0.99744925,0.00050000
8.865741,0.99812257,0.00050000
8.868056,0.99789641,0.00050000
8.870370,0.99718646,0.00050000
8.872685,0.99830581,0.00050000
8.875000,0.99767356,0.00050000
8.877315,0.99815618,0.00050000
8.879630,0.99773490,0.00050000
8.881944,0.99782037,0.00050000
8.884259,0.99705957,0.00050000
8.886574,0.99813925,0.00050000
8.888889,0.99707894,0.00050000
8.891204,0.99746718,0.00050000
8.893519,0.99797170,0.00050000
8.895833,0.99725773,0.00050000
8.898148,0.99748650,0.00050000
8.900463,0.99743033,0.00050000
8.902778,0.99750396,0.00050000
8.905093,0.99772016,0.00050000
8.907407,0.99667538,0.00050000
8.909722,0.99716180,0.00050000
8.912037,0.99845607,0.00050000
8.914352,0.99644599,0.00050000
8.916667,0.99710386,0.00050000
8.918981,0.99782106,0.00050000
8.921296,0.99650084,0.00050000
8.923611,0.99699001,0.00050000
8.925926,0.99701867,0.00050000
8.928241,0.99820367,0.00050000
8.930556,0.99698526,0.00050000
8.932870,0.99773525,0.00050000
8.935185,0.99710390,0.00050000
8.937500,0.99742370,0.00050000
8.939815,0.99685168,0.00050000
8.942130,0.99668219,0.00050000
8.944444,0.99718324,0.00050000
8.946759,0.99672909,0.00050000
8.949074,0.99732867,0.00050000
8.951389,0.99747576,0.00050000
8.953704,0.99762075,0.00050000
8.956019,0.99817968,0.00050000
8.958333,0.99812506,0.00050000
8.960648,0.99686360,0.00050000
8.962963,0.99704052,0.00050000
8.965278,0.99825993,0.00050000
8.967593,0.99738751,0.00050000
8.969907,0.99722176,0.00050000
8.972222,0.99795001,0.00050000
8.974537,0.99710201,0.00050000
8.976852,0.99788104,0.00050000
8.979167,0.99726319,0.00050000
8.981481,0.99806144,0.00050000
8.983796,0.99734133,0.00050000
8.986111,0.99782388,0.00050000
8.988426,0.99794344,0.00050000
8.990741,0.99822187,0.00050000
8.993056,0.99701573,0.00050000
8.995370,0.99722220,0.00050000
8.997685,0.99670557,0.00050000
9.000000,0.99655266,0.00050000
9.002315,0.99716564,0.00050000
9.004630,0.99749408,0.00050000
9.006944,0.99804099,0.00050000
9.009259,0.99720648,0.00050000
9.011574,0.99837008,0.00050000
9.013889,0.99750578,0.00050000
9.016204,0.99785537,0.00050000
9.018519,0.99728690,0.00050000
9.020833,0.99678615,0.00050000
9.023148,0.99820713,0.00050000
9.025463,0.99727008,0.00050000
9.027778,0.99797143,0.00050000
9.030093,0.99723064,0.00050000
9.032407,0.99770902,0.00050000
9.034722,0.99733606,0.00050000
9.037037,0.99724259,0.00050000
9.039352,0.99734148,0.00050000
9.041667,0.99775730,0.00050000
9.043981,0.99681224,0.00050000
9.046296,0.99692956,0.00050000
9.048611,0.99790848,0.00050000
9.050926,0.99704947,0.00050000
9.053241,0.99750872,0.00050000
9.055556,0.99674266,0.00050000
9.057870,0.99730906,0.00050000
9.060185,0.99796668,0.00050000
9.062500,0.99745951,0.00050000
9.064815,0.99752171,0.00050000
9.067130,0.99722098,0.00050000
9.069444,0.99746725,0.00050000
9.071759,0.99652652,0.00050000
9.074074,0.99660044,0.00050000
9.076389,0.99762278,0.00050000
9.078704,0.99653445,0.00050000
9.081019,0.99807165,0.00050000
9.083333,0.99784266,0.00050000
9.085648,0.99681680,0.00050000
9.087963,0.99632708,0.00050000
9.090278,0.99620755,0.00050000
9.092593,0.99757391,0.00050000
9.094907,0.99737239,0.00050000
9.097222,0.99809420,0.00050000
9.099537,0.99765656,0.00050000
9.101852,0.99820089,0.00050000
9.104167,0.99786030,0.00050000
9.106481,0.99694934,0.00050000
9.108796,0.99733027,0.00050000
9.111111,0.99700077,0.00050000
9.113426,0.99726603,0.00050000
9.115741,0.99716620,0.00050000
9.118056,0.99730851,0.00050000
9.120370,0.99810471,0.00050000
9.122685,0.99714963,0.00050000
9.125000,0.99682882,0.00050000
9.127315,0.99711135,0.00050000
9.129630,0.99718940,0.00050000
9.131944,0.99713793,0.00050000
9.134259,0.99734584,0.00050000
9.136574,0.99721643,0.00050000
9.138889,0.99799012,0.00050000
9.141204,0.99789123,0.00050000
9.143519,0.99705474,0.00050000
9.145833,0.99793037,0.00050000
9.148148,0.99814001,0.00050000
9.150463,0.99744358,0.00050000
9.152778,0.99702090,0.00050000
9.155093,0.99766264,0.00050000
9.157407,0.99740650,0.00050000
9.159722,0.99761640,0.00050000
9.162037,0.99691861,0.00050000
9.164352,0.99849986,0.00050000
9.166667,0.99735430,0.00050000
9.168981,0.99771972,0.00050000
9.171296,0.99715858,0.00050000
9.173611,0.99753616,0.00050000
9.175926,0.99631335,0.00050000
9.178241,0.99681108,0.00050000
9.180556,0.99622749,0.00050000
9.182870,0.99796028,0.00050000
9.185185,0.99677350,0.00050000
9.187500,0.99669053,0.00050000
9.189815,0.99803611,0.00050000
9.192130,0.99722856,0.00050000
9.194444,0.99739290,0.00050000
9.196759,0.99801559,0.00050000
9.199074,0.99772598,0.00050000
9.201389,0.99763910,0.00050000
9.203704,0.99781220,0.00050000
9.206019,0.99651208,0.00050000
9.208333,0.99813534,0.00050000
9.210648,0.99815513,0.00050000
9.212963,0.99841706,0.00050000
9.215278,0.99644586,0.00050000
9.217593,0.99707081,0.00050000
9.219907,0.99721666,0.00050000
9.222222,0.99835359,0.00050000
9.224537,0.99778534,0.00050000
9.226852,0.99839190,0.00050000
9.229167,0.99773250,0.00050000
9.231481,0.99718803,0.00050000
9.233796,0.99686077,0.00050000
9.236111,0.99722706,0.00050000
9.238426,0.99821428,0.00050000
9.240741,0.99709008,0.00050000
9.243056,0.99662756,0.00050000
9.245370,0.99766076,0.00050000
9.247685,0.99820801,0.00050000
9.250000,0.99874230,0.00050000
9.252315,0.99815139,0.00050000
9.254630,0.99801273,0.00050000
9.256944,0.99663530,0.00050000
9.259259,0.99734193,0.00050000
9.261574,0.99734332,0.00050000
9.263889,0.99760217,0.00050000
9.266204,0.99706981,0.00050000
9.268519,0.99793395,0.00050000
9.270833,0.99816597,0.00050000
9.273148,0.99759505,0.00050000
9.275463,0.99739607,0.00050000
9.277778,0.99763812,0.00050000
9.280093,0.99773487,0.00050000
9.282407,0.99794338,0.00050000
9.284722,0.99711642,0.00050000
9.287037,0.99827330,0.00050000
9.289352,0.99756813,0.00050000
9.291667,0.99746504,0.00050000
9.293981,0.99789989,0.00050000
9.296296,0.99720532,0.00050000
9.298611,0.99799623,0.00050000
9.300926,0.99863385,0.00050000
9.303241,0.99777896,0.00050000
9.305556,0.99766530,0.00050000
9.307870,0.99732486,0.00050000
9.310185,0.99831403,0.00050000
9.312500,0.99813484,0.00050000
9.314815,0.99681064,0.00050000
9.317130,0.99805834,0.00050000
9.319444,0.99723654,0.00050000
9.321759,0.99698277,0.00050000
9.324074,0.99753676,0.00050000
9.326389,0.99724270,0.00050000
9.328704,0.99815841,0.00050000
9.331019,0.99694634,0.00050000
9.333333,0.99693420,0.00050000
9.335648,0.99710708,0.00050000
9.337963,0.99751333,0.00050000
9.340278,0.99788151,0.00050000
9.342593,0.99704227,0.00050000
9.344907,0.99722688,0.00050000
9.347222,0.99680582,0.00050000
9.349537,0.99749429,0.00050000
9.351852,0.99708321,0.00050000
9.354167,0.99868417,0.00050000
9.356481,0.99856382,0.00050000
9.358796,0.99713519,0.00050000
9.361111,0.99767267,0.00050000
9.363426,0.99781610,0.00050000
9.365741,0.99733479,0.00050000
9.368056,0.99741437,0.00050000
9.370370,0.99793264,0.00050000
9.372685,0.99747890,0.00050000
9.375000,0.99746623,0.00050000
9.377315,0.99760402,0.00050000
9.379630,0.99823967,0.00050000
9.381944,0.99749349,0.00050000
9.384259,0.99782041,0.00050000
9.386574,0.99774848,0.00050000
9.388889,0.99798919,0.00050000
9.391204,0.99753695,0.00050000
9.393519,0.99739063,0.00050000
9.395833,0.99729503,0.00050000
9.398148,0.99776080,0.00050000
9.400463,0.99771432,0.00050000
9.402778,0.99751864,0.00050000
9.405093,0.99776092,0.00050000
9.407407,0.99883543,0.00050000
9.409722,0.99804954,0.00050000
9.412037,0.99674022,0.00050000
9.414352,0.99831194,0.00050000
9.416667,0.99773524,0.00050000
9.418981,0.99715781,0.00050000
9.421296,0.99834103,0.00050000
9.423611,0.99763204,0.00050000
9.425926,0.99818314,0.00050000
9.428241,0.99737039,0.00050000
9.430556,0.99820851,0.00050000
9.432870,0.99754170,0.00050000
9.435185,0.99816413,0.00050000
9.437500,0.99809787,0.00050000
9.439815,0.99711500,0.00050000
9.442130,0.99787774,0.00050000
9.444444,0.99793182,0.00050000
9.446759,0.99766956,0.00050000
9.449074,0.99681141,0.00050000
9.451389,0.99784539,0.00050000
9.453704,0.99754779,0.00050000
9.456019,0.99830838,0.00050000
9.458333,0.99718117,0.00050000
9.460648,0.99820755,0.00050000
9.462963,0.99778747,0.00050000
9.465278,0.99899346,0.00050000
9.467593,0.99722098,0.00050000
9.469907,0.99820576,0.00050000
9.472222,0.99746332,0.00050000
9.474537,0.99725918,0.00050000
9.476852,0.99827459,0.00050000
9.479167,0.99804122,0.00050000
9.481481,0.99826694,0.00050000
9.483796,0.99694091,0.00050000
9.486111,0.99714946,0.00050000
9.488426,0.99804640,0.00050000
9.490741,0.99733164,0.00050000
9.493056,0.99841888,0.00050000
9.495370,0.99859632,0.00050000
9.497685,0.99770212,0.00050000
9.500000,0.99778632,0.00050000
9.502315,0.99778742,0.00050000
9.504630,0.99763131,0.00050000
9.506944,0.99776199,0.00050000
9.509259,0.99766753,0.00050000
9.511574,0.99800121,0.00050000
9.513889,0.99762361,0.00050000
9.516204,0.99753291,0.00050000
9.518519,0.99764670,0.00050000
9.520833,0.99749378,0.00050000
9.523148,0.99776281,0.00050000
9.525463,0.99807595,0.00050000
9.527778,0.99883765,0.00050000
9.530093,0.99699843,0.00050000
9.532407,0.99712705,0.00050000
9.534722,0.99778513,0.00050000
9.537037,0.99783838,0.00050000
9.539352,0.99780343,0.00050000
9.541667,0.99876529,0.00050000
9.543981,0.99691960,0.00050000
9.546296,0.99775826,0.00050000
9.548611,0.99720284,0.00050000
9.550926,0.99769121,0.00050000
9.553241,0.99810318,0.00050000
9.555556,0.99712739,0.00050000
9.557870,0.99836444,0.00050000
9.560185,0.99743290,0.00050000
9.562500,0.99733526,0.00050000
9.564815,0.99703982,0.00050000
9.567130,0.99751628,0.00050000
9.569444,0.99749856,0.00050000
9.571759,0.99828725,0.00050000
9.574074,0.99709547,0.00050000
9.576389,0.99798646,0.00050000
9.578704,0.99830404,0.00050000
9.581019,0.99776089,0.00050000
9.583333,0.99827458,0.00050000
9.585648,0.99754734,0.00050000
9.587963,0.99810446,0.00050000
9.590278,0.99773399,0.00050000
9.592593,0.99898387,0.00050000
9.594907,0.99776602,0.00050000
9.597222,0.99776188,0.00050000
9.599537,0.99811700,0.00050000
9.601852,0.99765422,0.00050000
9.604167,0.99782423,0.00050000
9.606481,0.99809505,0.00050000
9.608796,0.99836706,0.00050000
9.611111,0.99763513,0.00050000
9.613426,0.99796704,0.00050000
9.615741,0.99785481,0.00050000
9.618056,0.99829280,0.00050000
9.620370,0.99835836,0.00050000
9.622685,0.99815326,0.00050000
9.625000,0.99808810,0.00050000
9.627315,0.99885470,0.00050000
9.629630,0.99752643,0.00050000
9.631944,0.99878485,0.00050000
9.634259,0.99823909,0.00050000
9.636574,0.99720721,0.00050000
9.638889,0.99804226,0.00050000
9.641204,0.99727405,0.00050000
9.643519,0.99792343,0.00050000
9.645833,0.99697433,0.00050000
9.648148,0.99835735,0.00050000
9.650463,0.99760185,0.00050000
9.652778,0.99882621,0.00050000
9.655093,0.99764224,0.00050000
9.657407,0.99803552,0.00050000
9.659722,0.99733332,0.00050000
9.662037,0.99795176,0.00050000
9.664352,0.99804187,0.00050000
9.666667,0.99827718,0.00050000
9.668981,0.99926350,0.00050000
9.671296,0.99885602,0.00050000
9.673611,0.99842837,0.00050000
9.675926,0.99787816,0.00050000
9.678241,0.99790365,0.00050000
9.680556,0.99789659,0.00050000
9.682870,0.99762836,0.00050000
9.685185,0.99839569,0.00050000
9.687500,0.99803696,0.00050000
9.689815,0.99833377,0.00050000
9.692130,0.99795109,0.00050000
9.694444,0.99826633,0.00050000
9.696759,0.99896445,0.00050000
9.699074,0.99826617,0.00050000
9.701389,0.99855903,0.00050000
9.703704,0.99767724,0.00050000
9.706019,0.99803262,0.00050000
9.708333,0.99792237,0.00050000
9.710648,0.99836846,0.00050000
9.712963,0.99827123,0.00050000
9.715278,0.99779202,0.00050000
9.717593,0.99831000,0.00050000
9.719907,0.99820273,0.00050000
9.722222,0.99736366,0.00050000
9.724537,0.99813739,0.00050000
9.726852,0.99875201,0.00050000
9.729167,0.99771964,0.00050000
9.731481,0.99871566,0.00050000
9.733796,0.99852403,0.00050000
9.736111,0.99826677,0.00050000
9.738426,0.99840909,0.00050000
9.740741,0.99778976,0.00050000
9.743056,0.99855029,0.00050000
9.745370,0.99749153,0.00050000
9.747685,0.99764584,0.00050000
9.750000,0.99848166,0.00050000
9.752315,0.99766566,0.00050000
9.754630,0.99922635,0.00050000
9.756944,0.99839604,0.00050000
9.759259,0.99868540,0.00050000
9.761574,0.99872231,0.00050000
9.763889,0.99804597,0.00050000
9.766204,0.99826012,0.00050000
9.768519,0.99848963,0.00050000
9.770833,0.99826026,0.00050000
9.773148,0.99905011,0.00050000
9.775463,0.99878422,0.00050000
9.777778,0.99838189,0.00050000
9.780093,0.99891068,0.00050000
9.782407,0.99831775,0.00050000
9.784722,0.99867528,0.00050000
9.787037,0.99837204,0.00050000
9.789352,0.99816105,0.00050000
9.791667,0.99782913,0.00050000
9.793981,0.99794276,0.00050000
9.796296,0.99833050,0.00050000
9.798611,0.99852190,0.00050000
9.800926,0.99724444,0.00050000
9.803241,0.99810779,0.00050000
9.805556,0.99860640,0.00050000
9.807870,0.99823885,0.00050000
9.810185,0.99776951,0.00050000
9.812500,0.99781792,0.00050000
9.814815,0.99916935,0.00050000
9.817130,0.99753397,0.00050000
9.819444,0.99816774,0.00050000
9.821759,0.99875075,0.00050000
9.824074,0.99734275,0.00050000
9.826389,0.99868141,0.00050000
9.828704,0.99757102,0.00050000
9.831019,0.99885655,0.00050000
9.833333,0.99968872,0.00050000
9.835648,0.99773457,0.00050000
9.837963,0.99833060,0.00050000
9.840278,0.99855243,0.00050000
9.842593,0.99808800,0.00050000
9.844907,0.99865068,0.00050000
9.847222,0.99802554,0.00050000
9.849537,0.99810338,0.00050000
9.851852,0.99798219,0.00050000
9.854167,0.99836886,0.00050000
9.856481,0.99863607,0.00050000
9.858796,0.99888956,0.00050000
9.861111,0.99835317,0.00050000
9.863426,0.99787600,0.00050000
9.865741,0.99817406,0.00050000
9.868056,0.99816220,0.00050000
9.870370,0.99822839,0.00050000
9.872685,0.99871978,0.00050000
9.875000,0.99836236,0.00050000
9.877315,0.99848273,0.00050000
9.879630,0.99846548,0.00050000
9.881944,0.99839869,0.00050000
9.884259,0.99821139,0.00050000
9.886574,0.99881634,0.00050000
9.888889,0.99841078,0.00050000
9.891204,0.99840310,0.00050000
9.893519,0.99790253,0.00050000
9.895833,0.99811460,0.00050000
9.898148,0.99817060,0.00050000
9.900463,0.99875788,0.00050000
9.902778,0.99760053,0.00050000
9.905093,0.99884570,0.00050000
9.907407,0.99854546,0.00050000
9.909722,0.99813190,0.00050000
9.912037,0.99806528,0.00050000
9.914352,0.99874948,0.00050000
9.916667,0.99860675,0.00050000
9.918981,0.99751306,0.00050000
9.921296,0.99816304,0.00050000
9.923611,0.99805434,0.00050000
9.925926,0.99848118,0.00050000
9.928241,0.99820354,0.00050000
9.930556,0.99875561,0.00050000
9.932870,0.99826996,0.00050000
9.935185,0.99839745,0.00050000
9.937500,0.99916032,0.00050000
9.939815,0.99842454,0.00050000
9.942130,0.99830028,0.00050000
9.944444,0.99857218,0.00050000
9.946759,0.99790903,0.00050000
9.949074,0.99776403,0.00050000
9.951389,0.99855089,0.00050000
9.953704,0.99827483,0.00050000
9.956019,0.99785899,0.00050000
9.958333,0.99903898,0.00050000
9.960648,0.99892232,0.00050000
9.962963,0.99869567,0.00050000
9.965278,0.99832123,0.00050000
9.967593,0.99849215,0.00050000
9.969907,0.99830846,0.00050000
9.972222,0.99902955,0.00050000
9.974537,0.99788579,0.00050000
9.976852,0.99874424,0.00050000
9.979167,0.99862180,0.00050000
9.981481,0.99805200,0.00050000
9.983796,0.99893136,0.00050000
9.986111,0.99845692,0.00050000
9.988426,0.99956603,0.00050000
9.990741,0.99922318,0.00050000
9.993056,0.99861332,0.00050000
9.995370,0.99845782,0.00050000
9.997685,0.99830971,0.00050000
10.000000,0.99829502,0.00050000
10.002315,0.99881787,0.00050000
10.004630,0.99794846,0.00050000
10.006944,0.99915533,0.00050000
10.009259,0.99902372,0.00050000
10.011574,0.99861238,0.00050000
10.013889,0.99905901,0.00050000
10.016204,0.99983772,0.00050000
10.018519,0.99884216,0.00050000
10.020833,0.99955815,0.00050000
10.023148,0.99855665,0.00050000
10.025463,0.99840512,0.00050000
10.027778,0.99921378,0.00050000
10.030093,0.99776004,0.00050000
10.032407,0.99920241,0.00050000
10.034722,0.99872704,0.00050000
10.037037,0.99849214,0.00050000
10.039352,0.99878010,0.00050000
10.041667,0.99879767,0.00050000
10.043981,0.99937065,0.00050000
10.046296,0.99917261,0.00050000
10.048611,0.99885703,0.00050000
10.050926,0.99865116,0.00050000
10.053241,0.99829403,0.00050000
10.055556,0.99887072,0.00050000
10.057870,0.99748847,0.00050000
10.060185,0.99926388,0.00050000
10.062500,0.99878525,0.00050000
10.064815,0.99795973,0.00050000
10.067130,0.99907801,0.00050000
10.069444,0.99835600,0.00050000
10.071759,0.99857232,0.00050000
10.074074,0.99791717,0.00050000
10.076389,0.99844065,0.00050000
10.078704,0.99889974,0.00050000
10.081019,0.99878267,0.00050000
10.083333,0.99897428,0.00050000
10.085648,0.99846903,0.00050000
10.087963,0.99912002,0.00050000
10.090278,0.99810268,0.00050000
10.092593,0.99856278,0.00050000
10.094907,0.99752686,0.00050000
10.097222,0.99870221,0.00050000
10.099537,0.99858659,0.00050000
10.101852,0.99876735,0.00050000
10.104167,0.99915414,0.00050000
10.106481,0.99952914,0.00050000
10.108796,0.99828916,0.00050000
10.111111,0.99876213,0.00050000
10.113426,0.99790778,0.00050000
10.115741,0.99980570,0.00050000
10.118056,0.99954672,0.00050000
10.120370,0.99913451,0.00050000
10.122685,0.99951323,0.00050000
10.125000,0.99934205,0.00050000
10.127315,0.99860081,0.00050000
10.129630,0.99928367,0.00050000
10.131944,0.99951646,0.00050000
10.134259,0.99933819,0.00050000
10.136574,0.99889803,0.00050000
10.138889,0.99875357,0.00050000
10.141204,1.00013906,0.00050000
10.143519,0.99909318,0.00050000
10.145833,0.99923581,0.00050000
10.148148,0.99826644,0.00050000
10.150463,0.99931404,0.00050000
10.152778,0.99910105,0.00050000
10.155093,0.99855162,0.00050000
10.157407,0.99963222,0.00050000
10.159722,0.99899106,0.00050000
10.162037,0.99932146,0.00050000
10.164352,0.99923260,0.00050000
10.166667,0.99865766,0.00050000
10.168981,0.99915690,0.00050000
10.171296,0.99970925,0.00050000
10.173611,0.99846926,0.00050000
10.175926,0.99850866,0.00050000
10.178241,0.99857616,0.00050000
10.180556,0.99940716,0.00050000
10.182870,0.99881070,0.00050000
10.185185,0.99919383,0.00050000
10.187500,0.99962272,0.00050000
10.189815,0.99849373,0.00050000
10.192130,0.99979811,0.00050000
10.194444,0.99908078,0.00050000
10.196759,0.99898358,0.00050000
10.199074,0.99984091,0.00050000
10.201389,0.99930961,0.00050000
10.203704,0.99842830,0.00050000
10.206019,0.99906127,0.00050000
10.208333,0.99871006,0.00050000
10.210648,0.99923360,0.00050000
10.212963,0.99887056,0.00050000
10.215278,0.99894100,0.00050000
10.217593,0.99959493,0.00050000
10.219907,0.99827374,0.00050000
10.222222,0.99926590,0.00050000
10.224537,0.99901346,0.00050000
10.226852,0.99929692,0.00050000
10.229167,0.99795452,0.00050000
10.231481,0.99866795,0.00050000
10.233796,0.99894625,0.00050000
10.236111,0.99998131,0.00050000
10.238426,0.99853198,0.00050000
10.240741,0.99860286,0.00050000
10.243056,0.99907411,0.00050000
10.245370,0.99933365,0.00050000
10.247685,0.99887325,0.00050000
10.250000,0.99922767,0.00050000
10.252315,0.99837179,0.00050000
10.254630,1.00003930,0.00050000
10.256944,0.99903018,0.00050000
10.259259,0.99926843,0.00050000
10.261574,1.00056063,0.00050000
10.263889,0.99893331,0.00050000
10.266204,0.99859903,0.00050000
10.268519,0.99872980,0.00050000
10.270833,1.00006489,0.00050000
10.273148,0.99913968,0.00050000
10.275463,0.99884784,0.00050000
10.277778,0.99922623,0.00050000
10.280093,0.99922530,0.00050000
10.282407,0.99975775,0.00050000
10.284722,0.99961969,0.00050000
10.287037,0.99945309,0.00050000
10.289352,0.99951092,0.00050000
10.291667,0.99887142,0.00050000
10.293981,0.99864974,0.00050000
10.296296,0.99948734,0.00050000
10.298611,0.99955259,0.00050000
10.300926,0.99938005,0.00050000
10.303241,0.99944321,0.00050000
10.305556,0.99962055,0.00050000
10.307870,0.99873920,0.00050000
10.310185,0.99914479,0.00050000
10.312500,0.99888627,0.00050000
10.314815,0.99839433,0.00050000
10.317130,0.99959546,0.00050000
10.319444,0.99922030,0.00050000
10.321759,0.99954286,0.00050000
10.324074,0.99965971,0.00050000
10.326389,0.99889690,0.00050000
10.328704,1.00010737,0.00050000
10.331019,0.99951022,0.00050000
10.333333,0.99986800,0.00050000
10.335648,1.00021530,0.00050000
10.337963,0.99913495,0.00050000
10.340278,0.99906992,0.00050000
10.342593,0.99947255,0.00050000
10.344907,0.99994271,0.00050000
10.347222,0.99996344,0.00050000
10.349537,0.99841235,0.00050000
10.351852,1.00012009,0.00050000
10.354167,0.99918400,0.00050000
10.356481,0.99965688,0.00050000
10.358796,0.99875433,0.00050000
10.361111,0.99897994,0.00050000
10.363426,0.99960905,0.00050000
10.365741,0.99853858,0.00050000
10.368056,0.99983953,0.00050000
10.370370,0.99917106,0.00050000
10.372685,0.99958369,0.00050000
10.375000,0.99952421,0.00050000
10.377315,0.99917789,0.00050000
10.379630,1.00011648,0.00050000
10.381944,1.00063525,0.00050000
10.384259,0.99978480,0.00050000
10.386574,0.99861641,0.00050000
10.388889,0.99954001,0.00050000
10.391204,0.99937100,0.00050000
10.393519,0.99994389,0.00050000
10.395833,0.99952418,0.00050000
10.398148,1.00056991,0.00050000
10.400463,0.99984968,0.00050000
10.402778,0.99980710,0.00050000
10.405093,0.99934118,0.00050000
10.407407,0.99907276,0.00050000
10.409722,0.99947983,0.00050000
10.412037,0.99962853,0.00050000
10.414352,0.99977143,0.00050000
10.416667,0.99963719,0.00050000
10.418981,0.99940141,0.00050000
10.421296,0.99957089,0.00050000
10.423611,0.99931959,0.00050000
10.425926,0.99906085,0.00050000
10.428241,0.99912666,0.00050000
10.430556,0.99981162,0.00050000
10.432870,0.99993270,0.00050000
10.435185,0.99946634,0.00050000
10.437500,0.99951109,0.00050000
10.439815,0.99985726,0.00050000
10.442130,0.99952066,0.00050000
10.444444,1.00116448,0.00050000
10.446759,0.99966258,0.00050000
10.449074,0.99934331,0.00050000
10.451389,0.99870233,0.00050000
10.453704,0.99971752,0.00050000
10.456019,1.00012965,0.00050000
10.458333,0.99959368,0.00050000
10.460648,1.00024712,0.00050000
10.462963,0.99933471,0.00050000
10.465278,0.99958536,0.00050000
10.467593,0.99954791,0.00050000
10.469907,0.99926960,0.00050000
10.472222,0.99890862,0.00050000
10.474537,0.99917821,0.00050000
10.476852,0.99870837,0.00050000
10.479167,1.00004347,0.00050000
10.481481,0.99958286,0.00050000
10.483796,0.99962137,0.00050000
10.486111,0.99939071,0.00050000
10.488426,1.00015837,0.00050000
10.490741,0.99926400,0.00050000
10.493056,1.00053412,0.00050000
10.495370,1.00023888,0.00050000
10.497685,0.99935144,0.00050000
10.500000,0.99960533,0.00050000
10.502315,1.00002478,0.00050000
10.504630,1.00034053,0.00050000
10.506944,0.99932328,0.00050000
10.509259,0.99947450,0.00050000
10.511574,1.00098107,0.00050000
10.513889,1.00019295,0.00050000
10.516204,1.00018599,0.00050000
10.518519,1.00070912,0.00050000
10.520833,0.99996980,0.00050000
10.523148,0.99952331,0.00050000
10.525463,0.99889153,0.00050000
10.527778,1.00019143,0.00050000
10.530093,0.99919839,0.00050000
10.532407,1.00010498,0.00050000
10.534722,0.99878672,0.00050000
10.537037,0.99954148,0.00050000
10.539352,0.99977419,0.00050000
10.541667,0.99916192,0.00050000
10.543981,0.99951879,0.00050000
10.546296,0.99938079,0.00050000
10.548611,0.99986608,0.00050000
10.550926,0.99917614,0.00050000
10.553241,0.99967912,0.00050000
10.555556,1.00050170,0.00050000
10.557870,1.00051951,0.00050000
10.560185,1.00076876,0.00050000
10.562500,1.00003561,0.00050000
10.564815,0.99962891,0.00050000
10.567130,1.00000123,0.00050000
10.569444,1.00019652,0.00050000
10.571759,0.99998573,0.00050000
10.574074,1.00057533,0.00050000
10.576389,0.99952584,0.00050000
10.578704,0.99975546,0.00050000
10.581019,0.99910355,0.00050000
10.583333,0.99965736,0.00050000
10.585648,1.00049222,0.00050000
10.587963,0.99990285,0.00050000
10.590278,1.00025502,0.00050000
10.592593,1.00009918,0.00050000
10.594907,1.00037189,0.00050000
10.597222,0.99947641,0.00050000
10.599537,1.00016589,0.00050000
10.601852,1.00024264,0.00050000
10.604167,1.00048590,0.00050000
10.606481,1.00060869,0.00050000
10.608796,0.99966729,0.00050000
10.611111,0.99920438,0.00050000
10.613426,0.99960343,0.00050000
10.615741,1.00059051,0.00050000
10.618056,0.99943641,0.00050000
10.620370,0.99924912,0.00050000
10.622685,0.99928609,0.00050000
10.625000,0.99929569,0.00050000
10.627315,1.00031048,0.00050000
10.629630,0.99957066,0.00050000
10.631944,0.99964638,0.00050000
10.634259,1.00053440,0.00050000
10.636574,1.00043509,0.00050000
10.638889,1.00041208,0.00050000
10.641204,0.99959291,0.00050000
10.643519,0.99912806,0.00050000
10.645833,1.00016003,0.00050000
10.648148,1.00086592,0.00050000
10.650463,0.99981436,0.00050000
10.652778,0.99986068,0.00050000
10.655093,0.99837668,0.00050000
10.657407,1.00087115,0.00050000
10.659722,0.99990951,0.00050000
10.662037,0.99914270,0.00050000
10.664352,0.99998784,0.00050000
10.666667,0.99972379,0.00050000
10.668981,1.00033966,0.00050000
10.671296,1.00110644,0.00050000
10.673611,0.99963134,0.00050000
10.675926,1.00011583,0.00050000
10.678241,0.99984977,0.00050000
10.680556,0.99971405,0.00050000
10.682870,1.00028042,0.00050000
10.685185,1.00082813,0.00050000
10.687500,1.00027846,0.00050000
10.689815,0.99984920,0.00050000
10.692130,1.00032580,0.00050000
10.694444,1.00018896,0.00050000
10.696759,1.00048224,0.00050000
10.699074,0.99980289,0.00050000
10.701389,1.00015162,0.00050000
10.703704,1.00091042,0.00050000
10.706019,1.00010025,0.00050000
10.708333,1.00058326,0.00050000
10.710648,1.00009350,0.00050000
10.712963,1.00013803,0.00050000
10.715278,0.99973538,0.00050000
10.717593,1.00153549,0.00050000
10.719907,1.00071358,0.00050000
10.722222,1.00070885,0.00050000
10.724537,1.00070130,0.00050000
10.726852,0.99961642,0.00050000
10.729167,0.99975110,0.00050000
10.731481,1.00004354,0.00050000
10.733796,0.99929747,0.00050000
10.736111,0.99969020,0.00050000
10.738426,1.00056083,0.00050000
10.740741,0.99908221,0.00050000
10.743056,0.99970342,0.00050000
10.745370,1.00010542,0.00050000
10.747685,1.00011263,0.00050000
10.750000,1.00014698,0.00050000
10.752315,0.99978536,0.00050000
10.754630,1.00062599,0.00050000
10.756944,0.99899270,0.00050000
10.759259,1.00038684,0.00050000
10.761574,0.99942545,0.00050000
10.763889,0.99982292,0.00050000
10.766204,1.00015309,0.00050000
10.768519,1.00099863,0.00050000
10.770833,0.99974146,0.00050000
10.773148,0.99947676,0.00050000
10.775463,1.00069299,0.00050000
10.777778,1.00016703,0.00050000
10.780093,1.00021901,0.00050000
10.782407,1.00049729,0.00050000
10.784722,1.00072234,0.00050000
10.787037,1.00030380,0.00050000
10.789352,0.99917102,0.00050000
10.791667,1.00012827,0.00050000
10.793981,1.00024565,0.00050000
10.796296,0.99965884,0.00050000
10.798611,0.99972966,0.00050000
10.800926,1.00056544,0.00050000
10.803241,1.00037243,0.00050000
10.805556,0.99979992,0.00050000
10.807870,1.00053897,0.00050000
10.810185,1.00032812,0.00050000
10.812500,0.99961699,0.00050000
10.814815,1.00013041,0.00050000
10.817130,0.99961325,0.00050000
10.819444,0.99984213,0.00050000
10.821759,1.00042935,0.00050000
10.824074,0.99966854,0.00050000
10.826389,0.99966105,0.00050000
10.828704,1.00047794,0.00050000
10.831019,0.99978745,0.00050000
10.833333,1.00015924,0.00050000
10.835648,1.00017335,0.00050000
10.837963,1.00022210,0.00050000
10.840278,1.00049740,0.00050000
10.842593,1.00009318,0.00050000
10.844907,0.99992518,0.00050000
10.847222,1.00008551,0.00050000
10.849537,1.00090385,0.00050000
10.851852,1.00079098,0.00050000
10.854167,1.00030075,0.00050000
10.856481,1.00094778,0.00050000
10.858796,1.00069036,0.00050000
10.861111,0.99980056,0.00050000
10.863426,1.00109940,0.00050000
10.865741,1.00174871,0.00050000
10.868056,1.00053043,0.00050000
10.870370,0.99953991,0.00050000
10.872685,1.00110719,0.00050000
10.875000,1.00066397,0.00050000
10.877315,1.00030807,0.00050000
10.879630,0.99934593,0.00050000
10.881944,1.00031631,0.00050000
10.884259,1.00022106,0.00050000
10.886574,1.00021645,0.00050000
10.888889,1.00016685,0.00050000
10.891204,1.00086331,0.00050000
10.893519,1.00017353,0.00050000
10.895833,1.00060412,0.00050000
10.898148,0.99943558,0.00050000
10.900463,0.99989888,0.00050000
10.902778,1.00039392,0.00050000
10.905093,0.99995393,0.00050000
10.907407,1.00042325,0.00050000
10.909722,1.00038254,0.00050000
10.912037,1.00050555,0.00050000
10.914352,1.00024859,0.00050000
10.916667,1.00073718,0.00050000
10.918981,0.99973806,0.00050000
10.921296,1.00022343,0.00050000
10.923611,1.00119162,0.00050000
10.925926,1.00022111,0.00050000
10.928241,1.00120220,0.00050000
10.930556,1.00061150,0.00050000
10.932870,1.00032006,0.00050000
10.935185,1.00048776,0.00050000
10.937500,1.00124692,0.00050000
10.939815,1.00029129,0.00050000
10.942130,0.99989456,0.00050000
10.944444,1.00070602,0.00050000
10.946759,1.00081833,0.00050000
10.949074,1.00089003,0.00050000
10.951389,0.99970028,0.00050000
10.953704,1.00066675,0.00050000
10.956019,1.00050395,0.00050000
10.958333,1.00034855,0.00050000
10.960648,1.00023847,0.00050000
10.962963,1.00071252,0.00050000
10.965278,1.00044673,0.00050000
10.967593,1.00046013,0.00050000
10.969907,1.00148764,0.00050000
10.972222,1.00051744,0.00050000
10.974537,0.99991116,0.00050000
10.976852,1.00003250,0.00050000
10.979167,1.00011491,0.00050000
10.981481,0.99969112,0.00050000
10.983796,1.00104534,0.00050000
10.986111,1.00143529,0.00050000
10.988426,1.00019079,0.00050000
10.990741,1.00096373,0.00050000
10.993056,1.00013579,0.00050000
10.995370,1.00017085,0.00050000
10.997685,0.99963984,0.00050000
11.000000,1.00048961,0.00050000
11.002315,1.00113929,0.00050000
11.004630,1.00115706,0.00050000
11.006944,1.00079178,0.00050000
11.009259,1.00039586,0.00050000
11.011574,1.00113609,0.00050000
11.013889,1.00140698,0.00050000
11.016204,1.00015483,0.00050000
11.018519,1.00067503,0.00050000
11.020833,1.00051838,0.00050000
11.023148,1.00022479,0.00050000
11.025463,0.99996087,0.00050000
11.027778,1.00013553,0.00050000
11.030093,1.00061044,0.00050000
11.032407,1.00068549,0.00050000
11.034722,1.00063038,0.00050000
11.037037,1.00120382,0.00050000
11.039352,1.00022046,0.00050000
11.041667,0.99993776,0.00050000
11.043981,0.99998007,0.00050000
11.046296,1.00077082,0.00050000
11.048611,1.00030578,0.00050000
11.050926,0.99975313,0.00050000
11.053241,1.00104305,0.00050000
11.055556,1.00128308,0.00050000
11.057870,1.00067576,0.00050000
11.060185,1.00090950,0.00050000
11.062500,0.99989178,0.00050000
11.064815,0.99988551,0.00050000
11.067130,1.00067616,0.00050000
11.069444,1.00070208,0.00050000
11.071759,1.00050322,0.00050000
11.074074,1.00045741,0.00050000
11.076389,1.00028997,0.00050000
11.078704,1.00132792,0.00050000
11.081019,1.00018054,0.00050000
11.083333,1.00054451,0.00050000
11.085648,1.00113297,0.00050000
11.087963,1.00010556,0.00050000
11.090278,1.00069003,0.00050000
11.092593,1.00056292,0.00050000
11.094907,1.00093126,0.00050000
11.097222,0.99940198,0.00050000
11.099537,1.00047850,0.00050000
11.101852,1.00023623,0.00050000
11.104167,1.00117682,0.00050000
11.106481,1.00060544,0.00050000
11.108796,1.00035402,0.00050000
11.111111,1.00108067,0.00050000
11.113426,1.00095967,0.00050000
11.115741,1.00115022,0.00050000
11.118056,1.00118572,0.00050000
11.120370,1.00103085,0.00050000
11.122685,1.00036197,0.00050000
11.125000,1.00079932,0.00050000
11.127315,1.00080053,0.00050000
11.129630,1.00083489,0.00050000
11.131944,1.00082543,0.00050000
11.134259,1.00070466,0.00050000
11.136574,1.00045101,0.00050000
11.138889,1.00062639,0.00050000
11.141204,1.00017353,0.00050000
11.143519,1.00021731,0.00050000
11.145833,1.00103001,0.00050000
11.148148,1.00051035,0.00050000
11.150463,1.00071814,0.00050000
11.152778,1.00040469,0.00050000
11.155093,0.99985960,0.00050000
11.157407,1.00047722,0.00050000
11.159722,1.00148711,0.00050000
11.162037,1.00062948,0.00050000
11.164352,1.00034228,0.00050000
11.166667,1.00103151,0.00050000
11.168981,1.00044468,0.00050000
11.171296,1.00038199,0.00050000
11.173611,0.99990847,0.00050000
11.175926,0.99983382,0.00050000
11.178241,1.00090166,0.00050000
11.180556,1.00076429,0.00050000
11.182870,1.00071609,0.00050000
11.185185,1.00104489,0.00050000
11.187500,1.00047090,0.00050000
11.189815,1.00071166,0.00050000
11.192130,1.00026985,0.00050000
11.194444,1.00027470,0.00050000
11.196759,1.00033256,0.00050000
11.199074,1.00119228,0.00050000
11.201389,1.00106360,0.00050000
11.203704,1.00020821,0.00050000
11.206019,1.00055392,0.00050000
11.208333,1.00077497,0.00050000
11.210648,1.00031355,0.00050000
11.212963,1.00105567,0.00050000
11.215278,1.00032645,0.00050000
11.217593,1.00055308,0.00050000
11.219907,1.00055471,0.00050000
11.222222,0.99980040,0.00050000
11.224537,0.99984925,0.00050000
11.226852,1.00029490,0.00050000
11.229167,1.00132033,0.00050000
11.231481,1.00101963,0.00050000
11.233796,1.00095613,0.00050000
11.236111,1.00041910,0.00050000
11.238426,1.00049932,0.00050000
11.240741,1.00075684,0.00050000
11.243056,1.00087044,0.00050000
11.245370,0.99997656,0.00050000
11.247685,1.00038282,0.00050000
11.250000,1.00035551,0.00050000
11.252315,1.00139650,0.00050000
11.254630,1.00046951,0.00050000
11.256944,1.00033424,0.00050000
11.259259,1.00115184,0.00050000
11.261574,1.00052489,0.00050000
11.263889,1.00121205,0.00050000
11.266204,1.00026465,0.00050000
11.268519,1.00169065,0.00050000
11.270833,1.00070888,0.00050000
11.273148,1.00082057,0.00050000
11.275463,1.00063296,0.00050000
11.277778,1.00072991,0.00050000
11.280093,1.00076462,0.00050000
11.282407,1.00059083,0.00050000
11.284722,1.00137741,0.00050000
11.287037,0.99963104,0.00050000
11.289352,1.00015281,0.00050000
11.291667,1.00057334,0.00050000
11.293981,1.00069525,0.00050000
11.296296,1.00148291,0.00050000
11.298611,1.00103992,0.00050000
11.300926,1.00076461,0.00050000
11.303241,1.00036450,0.00050000
11.305556,1.00174915,0.00050000
11.307870,1.00120358,0.00050000
11.310185,1.00204519,0.00050000
11.312500,1.00002547,0.00050000
11.314815,1.00163378,0.00050000
11.317130,1.00072375,0.00050000
11.319444,1.00034800,0.00050000
11.321759,1.00084007,0.00050000
11.324074,1.00083647,0.00050000
11.326389,1.00062139,0.00050000
11.328704,1.00005404,0.00050000
11.331019,1.00060551,0.00050000
11.333333,1.00013929,0.00050000
11.335648,1.00082657,0.00050000
11.337963,1.00010192,0.00050000
11.340278,1.00089301,0.00050000
11.342593,1.00057816,0.00050000
11.344907,1.00126254,0.00050000
11.347222,1.00039183,0.00050000
11.349537,1.00010783,0.00050000
11.351852,1.00008246,0.00050000
11.354167,1.00091814,0.00050000
11.356481,1.00275695,0.00050000
11.358796,1.00009569,0.00050000
11.361111,1.00047301,0.00050000
11.363426,1.00155674,0.00050000
11.365741,1.00111277,0.00050000
11.368056,1.00142122,0.00050000
11.370370,1.00093860,0.00050000
11.372685,1.00102725,0.00050000
11.375000,1.00081026,0.00050000
11.377315,1.00022745,0.00050000
11.379630,1.00088979,0.00050000
11.381944,1.00029619,0.00050000
11.384259,1.00109673,0.00050000
11.386574,0.99941823,0.00050000
11.388889,0.99974054,0.00050000
11.391204,1.00070293,0.00050000
11.393519,1.00081955,0.00050000
11.395833,1.00169435,0.00050000
11.398148,1.00035848,0.00050000
11.400463,1.00108170,0.00050000
11.402778,0.99986159,0.00050000
11.405093,1.00195139,0.00050000
11.407407,0.99945720,0.00050000
11.409722,1.00151546,0.00050000
11.412037,1.00057275,0.00050000
11.414352,0.99984344,0.00050000
11.416667,1.00046592,0.00050000
11.418981,1.00118886,0.00050000
11.421296,1.00067252,0.00050000
11.423611,1.00032068,0.00050000
11.425926,1.00082948,0.00050000
11.428241,1.00073632,0.00050000
11.430556,1.00119673,0.00050000
11.432870,1.00108028,0.00050000
11.435185,1.00050077,0.00050000
11.437500,1.00034936,0.00050000
11.439815,1.00075723,0.00050000
11.442130,1.00065728,0.00050000
11.444444,1.00086702,0.00050000
11.446759,1.00022087,0.00050000
11.449074,1.00079743,0.00050000
11.451389,1.00032424,0.00050000
11.453704,1.00101717,0.00050000
11.456019,1.00086933,0.00050000
11.458333,1.00061155,0.00050000
11.460648,0.99994568,0.00050000
11.462963,1.00129952,0.00050000
11.465278,1.00030965,0.00050000
11.467593,1.00049737,0.00050000
11.469907,1.00069387,0.00050000
11.472222,1.00094195,0.00050000
11.474537,1.00046441,0.00050000
11.476852,1.00047614,0.00050000
11.479167,1.00002381,0.00050000
11.481481,1.00126159,0.00050000
11.483796,1.00049280,0.00050000
11.486111,1.00050500,0.00050000
11.488426,0.99969802,0.00050000
11.490741,1.00044519,0.00050000
11.493056,1.00118094,0.00050000
11.495370,1.00127046,0.00050000
11.497685,1.00022222,0.00050000
11.500000,1.00077154,0.00050000
11.502315,1.00105801,0.00050000
11.504630,1.00002961,0.00050000
11.506944,1.00055386,0.00050000
11.509259,1.00109804,0.00050000
11.511574,1.00129395,0.00050000
11.513889,1.00002061,0.00050000
11.516204,1.00019188,0.00050000
11.518519,1.00132627,0.00050000
11.520833,1.00054230,0.00050000
11.523148,1.00092431,0.00050000
11.525463,1.00016185,0.00050000
11.527778,1.00132762,0.00050000
11.530093,1.00093839,0.00050000
11.532407,1.00145088,0.00050000
11.534722,1.00027055,0.00050000
11.537037,1.00046824,0.00050000
11.539352,1.00013037,0.00050000
11.541667,1.00012063,0.00050000
11.543981,1.00006875,0.00050000
11.546296,1.00081403,0.00050000
11.548611,1.00026006,0.00050000
11.550926,1.00070083,0.00050000
11.553241,1.00036083,0.00050000
11.555556,1.00088245,0.00050000
11.557870,1.00111810,0.00050000
11.560185,1.00110540,0.00050000
11.562500,1.00113808,0.00050000
11.564815,1.00063182,0.00050000
11.567130,1.00105658,0.00050000
11.569444,1.00057195,0.00050000
11.571759,1.00029532,0.00050000
11.574074,1.00008146,0.00050000
11.576389,1.00068033,0.00050000
11.578704,1.00084033,0.00050000
11.581019,1.00152643,0.00050000
11.583333,1.00046877,0.00050000
11.585648,1.00144673,0.00050000
11.587963,0.99992982,0.00050000
11.590278,1.00066687,0.00050000
11.592593,1.00188832,0.00050000
11.594907,1.00054746,0.00050000
11.597222,1.00026603,0.00050000
11.599537,1.00020639,0.00050000
11.601852,1.00183659,0.00050000
11.604167,1.00134542,0.00050000
11.606481,1.00044291,0.00050000
11.608796,1.00049251,0.00050000
11.611111,0.99947561,0.00050000
11.613426,1.00063039,0.00050000
11.615741,1.00150040,0.00050000
11.618056,0.99975315,0.00050000
11.620370,1.00126419,0.00050000
11.622685,1.00103694,0.00050000
11.625000,1.00151703,0.00050000
11.627315,1.00045837,0.00050000
11.629630,1.00086247,0.00050000
11.631944,1.00141145,0.00050000
11.634259,1.00097857,0.00050000
11.636574,1.00108945,0.00050000
11.638889,1.00057584,0.00050000
11.641204,1.00064288,0.00050000
11.643519,1.00044170,0.00050000
11.645833,1.00079315,0.00050000
11.648148,1.00075147,0.00050000
11.650463,1.00060609,0.00050000
11.652778,0.99966052,0.00050000
11.655093,1.00002141,0.00050000
11.657407,1.00069654,0.00050000
11.659722,1.00131709,0.00050000
11.662037,1.00028463,0.00050000
11.664352,1.00046297,0.00050000
11.666667,1.00070571,0.00050000
11.668981,1.00121313,0.00050000
11.671296,1.00156246,0.00050000
11.673611,1.00086565,0.00050000
11.675926,1.00072788,0.00050000
11.678241,1.00032318,0.00050000
11.680556,1.00091881,0.00050000
11.682870,1.00057504,0.00050000
11.685185,1.00079761,0.00050000
11.687500,1.00027307,0.00050000
11.689815,1.00126382,0.00050000
11.692130,1.00051314,0.00050000
11.694444,0.99994342,0.00050000
11.696759,1.00069618,0.00050000
11.699074,1.00015615,0.00050000
11.701389,1.00098136,0.00050000
11.703704,1.00137762,0.00050000
11.706019,1.00098485,0.00050000
11.708333,1.00063279,0.00050000
11.710648,1.00029243,0.00050000
11.712963,1.00046535,0.00050000
11.715278,1.00177732,0.00050000
11.717593,1.00124139,0.00050000
11.719907,1.00020039,0.00050000
11.722222,1.00023602,0.00050000
11.724537,1.00089811,0.00050000
11.726852,1.00076007,0.00050000
11.729167,1.00076686,0.00050000
11.731481,1.00102255,0.00050000
11.733796,1.00017201,0.00050000
11.736111,1.00031017,0.00050000
11.738426,1.00121904,0.00050000
11.740741,1.00087398,0.00050000
11.743056,1.00058993,0.00050000
11.745370,1.00066630,0.00050000
11.747685,1.00103695,0.00050000
11.750000,1.00086522,0.00050000
11.752315,1.00037623,0.00050000
11.754630,1.00012852,0.00050000
11.756944,1.00110869,0.00050000
11.759259,1.00010128,0.00050000
11.761574,1.00173082,0.00050000
11.763889,1.00013097,0.00050000
11.766204,1.00039698,0.00050000
11.768519,1.00124807,0.00050000
11.770833,1.00142761,0.00050000
11.773148,1.00073709,0.00050000
11.775463,0.99936797,0.00050000
11.777778,1.00063774,0.00050000
11.780093,0.99965054,0.00050000
11.782407,1.00044430,0.00050000
11.784722,1.00111909,0.00050000
11.787037,1.00109007,0.00050000
11.789352,1.00075503,0.00050000
11.791667,1.00081475,0.00050000
11.793981,1.00100139,0.00050000
11.796296,1.00049069,0.00050000
11.798611,1.00049931,0.00050000
11.800926,1.00128805,0.00050000
11.803241,1.00092595,0.00050000
11.805556,1.00128756,0.00050000
11.807870,1.00088309,0.00050000
11.810185,1.00087285,0.00050000
11.812500,1.00109257,0.00050000
11.814815,1.00103420,0.00050000
11.817130,1.00153158,0.00050000
11.819444,1.00097128,0.00050000
11.821759,1.00043648,0.00050000
11.824074,1.00047371,0.00050000
11.826389,1.00019489,0.00050000
11.828704,1.00078102,0.00050000
11.831019,1.00031346,0.00050000
11.833333,1.00000883,0.00050000
11.835648,1.00098332,0.00050000
11.837963,1.00139713,0.00050000
11.840278,0.99985790,0.00050000
11.842593,1.00113832,0.00050000
11.844907,1.00076031,0.00050000
11.847222,1.00013854,0.00050000
11.849537,1.00030414,0.00050000
11.851852,1.00055114,0.00050000
11.854167,1.00179166,0.00050000
11.856481,1.00076193,0.00050000
11.858796,1.00143237,0.00050000
11.861111,1.00033947,0.00050000
11.863426,1.00116833,0.00050000
11.865741,1.00104052,0.00050000
11.868056,1.00029691,0.00050000
11.870370,1.00034283,0.00050000
11.872685,1.00087476,0.00050000
11.875000,0.99983820,0.00050000
11.877315,1.00061265,0.00050000
11.879630,0.99997607,0.00050000
11.881944,1.00062365,0.00050000
11.884259,1.00083279,0.00050000
11.886574,1.00096379,0.00050000
11.888889,1.00081514,0.00050000
11.891204,1.00052053,0.00050000
11.893519,1.00034383,0.00050000
11.895833,1.00018401,0.00050000
11.898148,1.00030457,0.00050000
11.900463,1.00039216,0.00050000
11.902778,1.00034473,0.00050000
11.905093,1.00068947,0.00050000
11.907407,1.00025914,0.00050000
11.909722,0.99980279,0.00050000
11.912037,1.00092967,0.00050000
11.914352,1.00021417,0.00050000
11.916667,0.99975509,0.00050000
11.918981,1.00012454,0.00050000
11.921296,1.00041136,0.00050000
11.923611,1.00046962,0.00050000
11.925926,1.00068228,0.00050000
11.928241,1.00153393,0.00050000
11.930556,0.99991617,0.00050000
11.932870,1.00137389,0.00050000
11.935185,1.00065268,0.00050000
11.937500,1.00040747,0.00050000
11.939815,0.99944258,0.00050000
11.942130,1.00041718,0.00050000
11.944444,1.00088489,0.00050000
11.946759,1.00002920,0.00050000
11.949074,0.99978955,0.00050000
11.951389,0.99989667,0.00050000
11.953704,1.00063278,0.00050000
11.956019,1.00056276,0.00050000
11.958333,1.00134015,0.00050000
11.960648,1.00029765,0.00050000
11.962963,1.00093818,0.00050000
11.965278,0.99992235,0.00050000
11.967593,1.00041877,0.00050000
11.969907,1.00107675,0.00050000
11.972222,1.00038102,0.00050000
11.974537,1.00078465,0.00050000
11.976852,0.99988260,0.00050000
11.979167,1.00004683,0.00050000
11.981481,1.00024190,0.00050000
11.983796,0.99994509,0.00050000
11.986111,1.00027684,0.00050000
11.988426,1.00124053,0.00050000
11.990741,1.00038893,0.00050000
11.993056,1.00062932,0.00050000
11.995370,1.00128558,0.00050000
11.997685,1.00051177,0.00050000
12.000000,1.00042377,0.00050000
12.002315,1.00025237,0.00050000
12.004630,1.00105392,0.00050000
12.006944,1.00094858,0.00050000
12.009259,1.00151881,0.00050000
12.011574,1.00152558,0.00050000
12.013889,0.99973991,0.00050000
12.016204,1.00087048,0.00050000
12.018519,1.00154480,0.00050000
12.020833,1.00064540,0.00050000
12.023148,1.00056730,0.00050000
12.025463,0.99990751,0.00050000
12.027778,1.00105419,0.00050000
12.030093,0.99997336,0.00050000
12.032407,1.00056497,0.00050000
12.034722,1.00030772,0.00050000
12.037037,1.00070480,0.00050000
12.039352,1.00025367,0.00050000
12.041667,1.00025668,0.00050000
12.043981,1.00098352,0.00050000
12.046296,1.00044402,0.00050000
12.048611,1.00091708,0.00050000
12.050926,1.00012362,0.00050000
12.053241,1.00119804,0.00050000
12.055556,1.00071538,0.00050000
12.057870,1.00106377,0.00050000
12.060185,1.00083606,0.00050000
12.062500,0.99965564,0.00050000
12.064815,0.99915085,0.00050000
12.067130,1.00096905,0.00050000
12.069444,1.00019259,0.00050000
12.071759,1.00022743,0.00050000
12.074074,1.00000777,0.00050000
12.076389,1.00014448,0.00050000
12.078704,1.00057081,0.00050000
12.081019,1.00086065,0.00050000
12.083333,1.00026686,0.00050000
12.085648,0.99931482,0.00050000
12.087963,1.00070449,0.00050000
12.090278,1.00055186,0.00050000
12.092593,1.00009125,0.00050000
12.094907,0.99974720,0.00050000
12.097222,0.99972234,0.00050000
12.099537,1.00101707,0.00050000
12.101852,1.00007842,0.00050000
12.104167,1.00098711,0.00050000
12.106481,1.00025601,0.00050000
12.108796,1.00081739,0.00050000
12.111111,0.99991087,0.00050000
12.113426,0.99973828,0.00050000
12.115741,1.00026754,0.00050000
12.118056,0.99949511,0.00050000
12.120370,0.99969016,0.00050000
12.122685,1.00059331,0.00050000
12.125000,1.00113968,0.00050000
12.127315,1.00044323,0.00050000
12.129630,0.99952197,0.00050000
12.131944,0.99983225,0.00050000
12.134259,1.00043258,0.00050000
12.136574,1.00026954,0.00050000
12.138889,1.00153997,0.00050000
12.141204,1.00128260,0.00050000
12.143519,1.00018274,0.00050000
12.145833,1.00138169,0.00050000
12.148148,0.99984928,0.00050000
12.150463,0.99984734,0.00050000
12.152778,1.00103961,0.00050000
12.155093,0.99979224,0.00050000
12.157407,1.00003334,0.00050000
12.159722,1.00111612,0.00050000
12.162037,1.00010118,0.00050000
12.164352,1.00099124,0.00050000
12.166667,1.00066080,0.00050000
12.168981,1.00008905,0.00050000
12.171296,1.00062258,0.00050000
12.173611,1.00086342,0.00050000
12.175926,1.00070971,0.00050000
12.178241,0.99986644,0.00050000
12.180556,1.00076225,0.00050000
12.182870,0.99910449,0.00050000
12.185185,1.00012083,0.00050000
12.187500,1.00029638,0.00050000
12.189815,1.00074288,0.00050000
12.192130,1.00095691,0.00050000
12.194444,0.99958120,0.00050000
12.196759,0.99997467,0.00050000
12.199074,1.00018738,0.00050000
12.201389,1.00000714,0.00050000
12.203704,1.00043082,0.00050000
12.206019,1.00056441,0.00050000
12.208333,1.00058062,0.00050000
12.210648,1.00006051,0.00050000
12.212963,1.00184036,0.00050000
12.215278,0.99964238,0.00050000
12.217593,1.00012269,0.00050000
12.219907,1.00100868,0.00050000
12.222222,1.00063710,0.00050000
12.224537,1.00062132,0.00050000
12.226852,1.00085915,0.00050000
12.229167,1.00012648,0.00050000
12.231481,1.00027323,0.00050000
12.233796,1.00078786,0.00050000
12.236111,1.00103457,0.00050000
12.238426,0.99956989,0.00050000
12.240741,0.99995228,0.00050000
12.243056,1.00021734,0.00050000
12.245370,1.00066800,0.00050000
12.247685,0.99958783,0.00050000
12.250000,1.00068215,0.00050000
12.252315,0.99986073,0.00050000
12.254630,1.00058092,0.00050000
12.256944,1.00032829,0.00050000
12.259259,1.00094358,0.00050000
12.261574,0.99967564,0.00050000
12.263889,1.00047789,0.00050000
12.266204,1.00004156,0.00050000
12.268519,0.99982956,0.00050000
12.270833,1.00065549,0.00050000
12.273148,0.99968758,0.00050000
12.275463,1.00054167,0.00050000
12.277778,0.99964551,0.00050000
12.280093,0.99956583,0.00050000
12.282407,1.00050579,0.00050000
12.284722,1.00123586,0.00050000
12.287037,1.00038312,0.00050000
12.289352,0.99966741,0.00050000
12.291667,1.00030664,0.00050000
12.293981,0.99998058,0.00050000
12.296296,0.99979309,0.00050000
12.298611,1.00023096,0.00050000
12.300926,1.00038916,0.00050000
12.303241,1.00052364,0.00050000
12.305556,0.99959432,0.00050000
12.307870,1.00092677,0.00050000
12.310185,0.99995231,0.00050000
12.312500,0.99929003,0.00050000
12.314815,0.99966660,0.00050000
12.317130,1.00014882,0.00050000
12.319444,0.99965272,0.00050000
12.321759,1.00017877,0.00050000
12.324074,0.99961802,0.00050000
12.326389,1.00058338,0.00050000
12.328704,1.00015003,0.00050000
12.331019,0.99992656,0.00050000
12.333333,1.00054584,0.00050000
12.335648,0.99957465,0.00050000
12.337963,0.99996384,0.00050000
12.340278,1.00033395,0.00050000
12.342593,1.00022224,0.00050000
12.344907,1.00005882,0.00050000
12.347222,1.00046557,0.00050000
12.349537,0.99975955,0.00050000
12.351852,1.00000816,0.00050000
12.354167,0.99957341,0.00050000
12.356481,0.99997589,0.00050000
12.358796,0.99942015,0.00050000
12.361111,0.99941266,0.00050000
12.363426,0.99998943,0.00050000
12.365741,0.99947808,0.00050000
12.368056,1.00036999,0.00050000
12.370370,1.00047104,0.00050000
12.372685,1.00027147,0.00050000
12.375000,1.00035473,0.00050000
12.377315,1.00023127,0.00050000
12.379630,0.99921176,0.00050000
12.381944,0.99941132,0.00050000
12.384259,1.00012658,0.00050000
12.386574,0.99941505,0.00050000
12.388889,0.99961289,0.00050000
12.391204,0.99993157,0.00050000
12.393519,1.00010266,0.00050000
12.395833,0.99915281,0.00050000
12.398148,0.99995259,0.00050000
12.400463,1.00036483,0.00050000
12.402778,1.00012152,0.00050000
12.405093,1.00068118,0.00050000
12.407407,0.99969175,0.00050000
12.409722,1.00056205,0.00050000
12.412037,1.00100268,0.00050000
12.414352,1.00027540,0.00050000
12.416667,1.00041249,0.00050000
12.418981,1.00041733,0.00050000
12.421296,0.99881642,0.00050000
12.423611,0.99955188,0.00050000
12.425926,1.00044410,0.00050000
12.428241,0.99925698,0.00050000
12.430556,1.00004095,0.00050000
12.432870,1.00016155,0.00050000
12.435185,1.00051758,0.00050000
12.437500,0.99981375,0.00050000
12.439815,1.00031166,0.00050000
12.442130,0.99986347,0.00050000
12.444444,1.00066054,0.00050000
12.446759,0.99954432,0.00050000
12.449074,0.99959248,0.00050000
12.451389,1.00005565,0.00050000
12.453704,1.00068967,0.00050000
12.456019,0.99997638,0.00050000
12.458333,0.99982860,0.00050000
12.460648,0.99952823,0.00050000
12.462963,1.00036149,0.00050000
12.465278,0.99948676,0.00050000
12.467593,0.99970415,0.00050000
12.469907,0.99968301,0.00050000
12.472222,1.00037826,0.00050000
12.474537,0.99938857,0.00050000
12.476852,0.99939146,0.00050000
12.479167,0.99991007,0.00050000
12.481481,0.99982503,0.00050000
12.483796,0.99906005,0.00050000
12.486111,0.99935328,0.00050000
12.488426,0.99947144,0.00050000
12.490741,0.99980868,0.00050000
12.493056,0.99936377,0.00050000
12.495370,1.00076750,0.00050000
12.497685,0.99991294,0.00050000
12.500000,1.00037870,0.00050000
12.502315,0.99993479,0.00050000
12.504630,0.99988796,0.00050000
12.506944,1.00012975,0.00050000
12.509259,0.99958686,0.00050000
12.511574,0.99884762,0.00050000
12.513889,0.99997156,0.00050000
12.516204,0.99937391,0.00050000
12.518519,1.00040128,0.00050000
12.520833,0.99928771,0.00050000
12.523148,0.99981328,0.00050000
12.525463,0.99974784,0.00050000
12.527778,0.99944537,0.00050000
12.530093,0.99953448,0.00050000
12.532407,0.99963399,0.00050000
12.534722,0.99980794,0.00050000
12.537037,0.99984373,0.00050000
12.539352,0.99973582,0.00050000
12.541667,0.99970194,0.00050000
12.543981,0.99859061,0.00050000
12.546296,1.00039180,0.00050000
12.548611,1.00003958,0.00050000
12.550926,0.99906133,0.00050000
12.553241,0.99926989,0.00050000
12.555556,0.99861757,0.00050000
12.557870,0.99820432,0.00050000
12.560185,0.99944540,0.00050000
12.562500,1.00050993,0.00050000
12.564815,0.99974830,0.00050000
12.567130,0.99977933,0.00050000
12.569444,0.99970402,0.00050000
12.571759,0.99995706,0.00050000
12.574074,0.99963942,0.00050000
12.576389,0.99924328,0.00050000
12.578704,0.99935792,0.00050000
12.581019,0.99999328,0.00050000
12.583333,0.99944814,0.00050000
12.585648,0.99868752,0.00050000
12.587963,0.99991536,0.00050000
12.590278,0.99975102,0.00050000
12.592593,1.00030372,0.00050000
12.594907,0.99968313,0.00050000
12.597222,0.99963329,0.00050000
12.599537,0.99956877,0.00050000
12.601852,0.99922268,0.00050000
12.604167,0.99975239,0.00050000
12.606481,0.99935275,0.00050000
12.608796,0.99909056,0.00050000
12.611111,0.99955205,0.00050000
12.613426,0.99964749,0.00050000
12.615741,0.99977754,0.00050000
12.618056,0.99992867,0.00050000
12.620370,1.00068431,0.00050000
12.622685,0.99944977,0.00050000
12.625000,1.00025478,0.00050000
12.627315,0.99957959,0.00050000
12.629630,0.99963618,0.00050000
12.631944,0.99997563,0.00050000
12.634259,0.99913862,0.00050000
12.636574,0.99952293,0.00050000
12.638889,0.99990204,0.00050000
12.641204,0.99883081,0.00050000
12.643519,0.99907955,0.00050000
12.645833,0.99932119,0.00050000
12.648148,0.99952730,0.00050000
12.650463,0.99992320,0.00050000
12.652778,0.99889147,0.00050000
12.655093,1.00022584,0.00050000
12.657407,0.99987729,0.00050000
12.659722,0.99982541,0.00050000
12.662037,0.99853403,0.00050000
12.664352,0.99967774,0.00050000
12.666667,0.99912005,0.00050000
12.668981,0.99987312,0.00050000
12.671296,0.99945574,0.00050000
12.673611,0.99928254,0.00050000
12.675926,0.99903357,0.00050000
12.678241,0.99937282,0.00050000
12.680556,0.99982205,0.00050000
12.682870,0.99866352,0.00050000
12.685185,0.99910206,0.00050000
12.687500,0.99934706,0.00050000
12.689815,0.99937055,0.00050000
12.692130,0.99923097,0.00050000
12.694444,0.99955911,0.00050000
12.696759,0.99949703,0.00050000
12.699074,0.99840449,0.00050000
12.701389,0.99996146,0.00050000
12.703704,0.99873588,0.00050000
12.706019,1.00002743,0.00050000
12.708333,0.99982699,0.00050000
12.710648,0.99855492,0.00050000
12.712963,0.99948610,0.00050000
12.715278,1.00011080,0.00050000
12.717593,1.00012014,0.00050000
12.719907,0.99951383,0.00050000
12.722222,0.99903228,0.00050000
12.724537,1.00002033,0.00050000
12.726852,0.99866021,0.00050000
12.729167,0.99866129,0.00050000
12.731481,0.99979252,0.00050000
12.733796,0.99879368,0.00050000
12.736111,0.99967372,0.00050000
12.738426,0.99885796,0.00050000
12.740741,0.99907427,0.00050000
12.743056,0.99996797,0.00050000
12.745370,0.99934543,0.00050000
12.747685,0.99970102,0.00050000
12.750000,0.99928198,0.00050000
12.752315,0.99914480,0.00050000
12.754630,0.99902324,0.00050000
12.756944,0.99890331,0.00050000
12.759259,0.99956188,0.00050000
12.761574,0.99958429,0.00050000
12.763889,1.00018847,0.00050000
12.766204,0.99949529,0.00050000
12.768519,0.99921807,0.00050000
12.770833,0.99959513,0.00050000
12.773148,1.00006321,0.00050000
12.775463,0.99861742,0.00050000
12.777778,1.00016854,0.00050000
12.780093,0.99892409,0.00050000
12.782407,0.99892433,0.00050000
12.784722,1.00061033,0.00050000
12.787037,0.99986666,0.00050000
12.789352,0.99904418,0.00050000
12.791667,0.99974256,0.00050000
12.793981,0.99998942,0.00050000
12.796296,0.99964948,0.00050000
12.798611,0.99985168,0.00050000
12.800926,0.99947929,0.00050000
12.803241,0.99955503,0.00050000
12.805556,0.99872053,0.00050000
12.807870,0.99877353,0.00050000
12.810185,0.99938000,0.00050000
12.812500,0.99860881,0.00050000
12.814815,0.99961308,0.00050000
12.817130,0.99923188,0.00050000
12.819444,0.99986120,0.00050000
12.821759,0.99971328,0.00050000
12.824074,0.99905760,0.00050000
12.826389,0.99791230,0.00050000
12.828704,0.99853216,0.00050000
12.831019,0.99925222,0.00050000
12.833333,1.00027245,0.00050000
12.835648,0.99925343,0.00050000
12.837963,0.99953372,0.00050000
12.840278,0.99922686,0.00050000
12.842593,0.99790189,0.00050000
12.844907,0.99953288,0.00050000
12.847222,0.99910147,0.00050000
12.849537,0.99847164,0.00050000
12.851852,0.99956777,0.00050000
12.854167,0.99919162,0.00050000
12.856481,1.00068789,0.00050000
12.858796,0.99809872,0.00050000
12.861111,0.99880416,0.00050000
12.863426,0.99922698,0.00050000
12.865741,0.99900706,0.00050000
12.868056,0.99952071,0.00050000
12.870370,0.99963687,0.00050000
12.872685,0.99942838,0.00050000
12.875000,0.99921798,0.00050000
12.877315,0.99883423,0.00050000
12.879630,0.99926930,0.00050000
12.881944,0.99962197,0.00050000
12.884259,0.99923188,0.00050000
12.886574,0.99811824,0.00050000
12.888889,1.00000783,0.00050000
12.891204,0.99891331,0.00050000
12.893519,0.99959850,0.00050000
12.895833,0.99890574,0.00050000
12.898148,0.99969236,0.00050000
12.900463,0.99898403,0.00050000
12.902778,0.99989112,0.00050000
12.905093,0.99979557,0.00050000
12.907407,0.99881582,0.00050000
12.909722,0.99767557,0.00050000
12.912037,0.99930486,0.00050000
12.914352,0.99863381,0.00050000
12.916667,0.99961580,0.00050000
12.918981,0.99931025,0.00050000
12.921296,0.99893139,0.00050000
12.923611,0.99864025,0.00050000
12.925926,0.99868602,0.00050000
12.928241,0.99984215,0.00050000
12.930556,0.99958676,0.00050000
12.932870,0.99899305,0.00050000
12.935185,0.99925964,0.00050000
12.937500,0.99955460,0.00050000
12.939815,0.99899891,0.00050000
12.942130,0.99818440,0.00050000
12.944444,0.99991578,0.00050000
12.946759,0.99892010,0.00050000
12.949074,0.99877174,0.00050000
12.951389,0.99908900,0.00050000
12.953704,0.99859381,0.00050000
12.956019,0.99852644,0.00050000
12.958333,0.99917759,0.00050000
12.960648,0.99870794,0.00050000
12.962963,0.99927391,0.00050000
12.965278,0.99925900,0.00050000
12.967593,1.00004416,0.00050000
12.969907,0.99891785,0.00050000
12.972222,0.99909394,0.00050000
12.974537,0.99877437,0.00050000
12.976852,0.99963968,0.00050000
12.979167,0.99928431,0.00050000
12.981481,0.99922920,0.00050000
12.983796,0.99998061,0.00050000
12.986111,0.99917628,0.00050000
12.988426,0.99916433,0.00050000
12.990741,0.99836971,0.00050000
12.993056,0.99814879,0.00050000
12.995370,0.99876267,0.00050000
12.997685,0.99906702,0.00050000
13.000000,0.99846649,0.00050000
13.002315,0.99853201,0.00050000
13.004630,0.99938641,0.00050000
13.006944,0.99872069,0.00050000
13.009259,0.99870881,0.00050000
13.011574,0.99882766,0.00050000
13.013889,0.99844783,0.00050000
13.016204,0.99942396,0.00050000
13.018519,0.99970558,0.00050000
13.020833,0.99950730,0.00050000
13.023148,0.99975377,0.00050000
13.025463,0.99799404,0.00050000
13.027778,0.99943163,0.00050000
13.030093,0.99890940,0.00050000
13.032407,0.99966295,0.00050000
13.034722,0.99864715,0.00050000
13.037037,0.99937593,0.00050000
13.039352,0.99985866,0.00050000
13.041667,0.99927346,0.00050000
13.043981,0.99903159,0.00050000
13.046296,0.99888390,0.00050000
13.048611,0.99922712,0.00050000
13.050926,0.99886726,0.00050000
13.053241,0.99837683,0.00050000
13.055556,0.99927002,0.00050000
13.057870,0.99978937,0.00050000
13.060185,0.99915363,0.00050000
13.062500,0.99949333,0.00050000
13.064815,0.99956283,0.00050000
13.067130,0.99897084,0.00050000
13.069444,0.99891440,0.00050000
13.071759,0.99854112,0.00050000
13.074074,0.99905858,0.00050000
13.076389,0.99919179,0.00050000
13.078704,0.99846806,0.00050000
13.081019,0.99878873,0.00050000
13.083333,0.99945963,0.00050000
13.085648,0.99859741,0.00050000
13.087963,0.99929708,0.00050000
13.090278,0.99910976,0.00050000
13.092593,0.99876654,0.00050000
13.094907,0.99936444,0.00050000
13.097222,0.99922387,0.00050000
13.099537,0.99888377,0.00050000
13.101852,0.99895936,0.00050000
13.104167,0.99910416,0.00050000
13.106481,0.99915332,0.00050000
13.108796,0.99912062,0.00050000
13.111111,0.99925474,0.00050000
13.113426,0.99864779,0.00050000
13.115741,0.99962994,0.00050000
13.118056,0.99884106,0.00050000
13.120370,0.99880012,0.00050000
13.122685,0.99954005,0.00050000
13.125000,0.99938429,0.00050000
13.127315,0.99795195,0.00050000
13.129630,0.99887665,0.00050000
13.131944,0.99925937,0.00050000
13.134259,0.99914500,0.00050000
13.136574,0.99803531,0.00050000
13.138889,0.99851581,0.00050000
13.141204,0.99847815,0.00050000
13.143519,0.99917621,0.00050000
13.145833,0.99929389,0.00050000
13.148148,0.99903816,0.00050000
13.150463,0.99883749,0.00050000
13.152778,0.99844710,0.00050000
13.155093,0.99938538,0.00050000
13.157407,0.99774561,0.00050000
13.159722,0.99911561,0.00050000
13.162037,0.99914256,0.00050000
13.164352,0.99899227,0.00050000
13.166667,0.99883341,0.00050000
13.168981,0.99890430,0.00050000
13.171296,0.99916447,0.00050000
13.173611,0.99849622,0.00050000
13.175926,0.99919082,0.00050000
13.178241,0.99882338,0.00050000
13.180556,0.99886691,0.00050000
13.182870,0.99748566,0.00050000
13.185185,0.99814656,0.00050000
13.187500,0.99869714,0.00050000
13.189815,0.99847543,0.00050000
13.192130,0.99925702,0.00050000
13.194444,0.99805447,0.00050000
13.196759,0.99939971,0.00050000
13.199074,0.99919706,0.00050000
13.201389,0.99890034,0.00050000
13.203704,0.99854368,0.00050000
13.206019,0.99820273,0.00050000
13.208333,0.99817579,0.00050000
13.210648,0.99842030,0.00050000
13.212963,0.99877063,0.00050000
13.215278,0.99910852,0.00050000
13.217593,0.99912644,0.00050000
13.219907,0.99930874,0.00050000
13.222222,0.99927958,0.00050000
13.224537,0.99841741,0.00050000
13.226852,0.99849564,0.00050000
13.229167,0.99929609,0.00050000
13.231481,0.99835519,0.00050000
13.233796,0.99926582,0.00050000
13.236111,0.99878024,0.00050000
13.238426,0.99806353,0.00050000
13.240741,0.99897221,0.00050000
13.243056,0.99886022,0.00050000
13.245370,0.99834310,0.00050000
13.247685,0.99754739,0.00050000
13.250000,0.99888144,0.00050000
13.252315,0.99896108,0.00050000
13.254630,0.99914929,0.00050000
13.256944,0.99894648,0.00050000
13.259259,0.99837683,0.00050000
13.261574,0.99789732,0.00050000
13.263889,0.99866482,0.00050000
13.266204,0.99921026,0.00050000
13.268519,0.99867593,0.00050000
13.270833,0.99811305,0.00050000
13.273148,0.99788317,0.00050000
13.275463,0.99740344,0.00050000
13.277778,0.99881128,0.00050000
13.280093,0.99893905,0.00050000
13.282407,0.99762942,0.00050000
13.284722,0.99840405,0.00050000
13.287037,0.99941513,0.00050000
13.289352,0.99763999,0.00050000
13.291667,0.99944856,0.00050000
13.293981,0.99928216,0.00050000
13.296296,0.99913065,0.00050000
13.298611,0.99894825,0.00050000
13.300926,0.99895109,0.00050000
13.303241,0.99901572,0.00050000
13.305556,0.99952038,0.00050000
13.307870,0.99814031,0.00050000
13.310185,0.99780892,0.00050000
13.312500,0.99769861,0.00050000
13.314815,0.99880179,0.00050000
13.317130,0.99919810,0.00050000
13.319444,0.99832478,0.00050000
13.321759,0.99889560,0.00050000
13.324074,0.99878831,0.00050000
13.326389,0.99926266,0.00050000
13.328704,0.99904546,0.00050000
13.331019,0.99888690,0.00050000
13.333333,0.99834137,0.00050000
13.335648,0.99848211,0.00050000
13.337963,0.99911520,0.00050000
13.340278,0.99875172,0.00050000
13.342593,0.99932408,0.00050000
13.344907,0.99835101,0.00050000
13.347222,0.99913974,0.00050000
13.349537,0.99856785,0.00050000
13.351852,0.99886739,0.00050000
13.354167,0.99779790,0.00050000
13.356481,0.99899646,0.00050000
13.358796,0.99820140,0.00050000
13.361111,0.99924197,0.00050000
13.363426,0.99907767,0.00050000
13.365741,0.99833193,0.00050000
13.368056,0.99938217,0.00050000
13.370370,0.99940047,0.00050000
13.372685,0.99951516,0.00050000
13.375000,0.99926200,0.00050000
13.377315,0.99846686,0.00050000
13.379630,0.99936757,0.00050000
13.381944,0.99802575,0.00050000
13.384259,0.99848477,0.00050000
13.386574,0.99881280,0.00050000
13.388889,0.99784242,0.00050000
13.391204,0.99924129,0.00050000
13.393519,0.99895227,0.00050000
13.395833,0.99857510,0.00050000
13.398148,0.99757358,0.00050000
13.400463,0.99830379,0.00050000
13.402778,0.99903533,0.00050000
13.405093,0.99895688,0.00050000
13.407407,0.99818293,0.00050000
13.409722,0.99798338,0.00050000
13.412037,0.99864050,0.00050000
13.414352,0.99804649,0.00050000
13.416667,0.99781559,0.00050000
13.418981,0.99934188,0.00050000
13.421296,0.99862173,0.00050000
13.423611,0.99879949,0.00050000
13.425926,0.99849168,0.00050000
13.428241,0.99909006,0.00050000
13.430556,0.99909348,0.00050000
13.432870,0.99853110,0.00050000
13.435185,0.99839290,0.00050000
13.437500,0.99840575,0.00050000
13.439815,0.99905357,0.00050000
13.442130,0.99867112,0.00050000
13.444444,0.99800845,0.00050000
13.446759,0.99926407,0.00050000
13.449074,0.99861300,0.00050000
13.451389,0.99884646,0.00050000
13.453704,0.99930762,0.00050000
13.456019,0.99884963,0.00050000
13.458333,0.99900348,0.00050000
13.460648,0.99855277,0.00050000
13.462963,0.99889182,0.00050000
13.465278,0.99904182,0.00050000
13.467593,0.99878791,0.00050000
13.469907,0.99854561,0.00050000
13.472222,0.99850374,0.00050000
13.474537,0.99845306,0.00050000
13.476852,0.99871044,0.00050000
13.479167,0.99834587,0.00050000
13.481481,0.99886025,0.00050000
13.483796,0.99835434,0.00050000
13.486111,0.99907501,0.00050000
13.488426,0.99863762,0.00050000
13.490741,0.99825761,0.00050000
13.493056,0.99879037,0.00050000
13.495370,0.99803818,0.00050000
13.497685,1.00005795,0.00050000
13.500000,0.99823032,0.00050000
13.502315,0.99850281,0.00050000
13.504630,0.99926598,0.00050000
13.506944,0.99829362,0.00050000
13.509259,0.99811396,0.00050000
13.511574,0.99808356,0.00050000
13.513889,0.99912352,0.00050000
13.516204,0.99800649,0.00050000
13.518519,0.99939701,0.00050000
13.520833,0.99886740,0.00050000
13.523148,0.99849888,0.00050000
13.525463,0.99911980,0.00050000
13.527778,0.99855734,0.00050000
13.530093,0.99841846,0.00050000
13.532407,0.99793211,0.00050000
13.534722,0.99784541,0.00050000
13.537037,0.99867208,0.00050000
13.539352,0.99754968,0.00050000
13.541667,0.99777381,0.00050000
13.543981,0.99778412,0.00050000
13.546296,0.99850765,0.00050000
13.548611,0.99785041,0.00050000
13.550926,0.99843914,0.00050000
13.553241,0.99977513,0.00050000
13.555556,0.99853535,0.00050000
13.557870,0.99938829,0.00050000
13.560185,0.99859252,0.00050000
13.562500,0.99796995,0.00050000
13.564815,0.99823329,0.00050000
13.567130,0.99818325,0.00050000
13.569444,0.99872166,0.00050000
13.571759,0.99884134,0.00050000
13.574074,0.99858867,0.00050000
13.576389,0.99830322,0.00050000
13.578704,0.99811035,0.00050000
13.581019,0.99829297,0.00050000
13.583333,0.99805563,0.00050000
13.585648,0.99810215,0.00050000
13.587963,0.99972002,0.00050000
13.590278,0.99893355,0.00050000
13.592593,0.99797215,0.00050000
13.594907,0.99849745,0.00050000
13.597222,0.99865441,0.00050000
13.599537,0.99846668,0.00050000
13.601852,0.99815010,0.00050000
13.604167,0.99866124,0.00050000
13.606481,0.99854965,0.00050000
13.608796,0.99872345,0.00050000
13.611111,0.99903717,0.00050000
13.613426,0.99821013,0.00050000
13.615741,0.99857793,0.00050000
13.618056,0.99824380,0.00050000
13.620370,0.99805372,0.00050000
13.622685,0.99821346,0.00050000
13.625000,0.99858334,0.00050000
13.627315,0.99819989,0.00050000
13.629630,0.99800590,0.00050000
13.631944,0.99811864,0.00050000
13.634259,0.99855317,0.00050000
13.636574,0.99918514,0.00050000
13.638889,0.99912115,0.00050000
13.641204,0.99770432,0.00050000
13.643519,0.99833231,0.00050000
13.645833,0.99877334,0.00050000
13.648148,0.99828164,0.00050000
13.650463,0.99841197,0.00050000
13.652778,0.99802409,0.00050000
13.655093,0.99856610,0.00050000
13.657407,0.99842205,0.00050000
13.659722,0.99806192,0.00050000
13.662037,0.99874730,0.00050000
13.664352,0.99900079,0.00050000
13.666667,0.99872967,0.00050000
13.668981,0.99792677,0.00050000
13.671296,0.99862437,0.00050000
13.673611,0.99887765,0.00050000
13.675926,0.99904228,0.00050000
13.678241,0.99908643,0.00050000
13.680556,0.99895809,0.00050000
13.682870,0.99840441,0.00050000
13.685185,0.99874859,0.00050000
13.687500,0.99883997,0.00050000
13.689815,0.99855294,0.00050000
13.692130,0.99865852,0.00050000
13.694444,0.99799223,0.00050000
13.696759,0.99864698,0.00050000
13.699074,0.99828010,0.00050000
13.701389,0.99842513,0.00050000
13.703704,0.99933998,0.00050000
13.706019,0.99861000,0.00050000
13.708333,0.99865273,0.00050000
13.710648,0.99819061,0.00050000
13.712963,0.99776906,0.00050000
13.715278,0.99790523,0.00050000
13.717593,0.99833568,0.00050000
13.719907,0.99838838,0.00050000
13.722222,0.99761384,0.00050000
13.724537,0.99817074,0.00050000
13.726852,0.99850194,0.00050000
13.729167,0.99809920,0.00050000
13.731481,0.99831562,0.00050000
13.733796,0.99855942,0.00050000
13.736111,0.99910246,0.00050000
13.738426,0.99866866,0.00050000
13.740741,0.99925167,0.00050000
13.743056,0.99782486,0.00050000
13.745370,0.99914034,0.00050000
13.747685,0.99841842,0.00050000
13.750000,0.99899466,0.00050000
13.752315,0.99948605,0.00050000
13.754630,0.99897773,0.00050000
13.756944,0.99871898,0.00050000
13.759259,0.99929697,0.00050000
13.761574,0.99827561,0.00050000
13.763889,0.99902646,0.00050000
13.766204,0.99870646,0.00050000
13.768519,0.99870525,0.00050000
13.770833,0.99822030,0.00050000
13.773148,0.99868279,0.00050000
13.775463,0.99869920,0.00050000
13.777778,0.99851122,0.00050000
13.780093,0.99868509,0.00050000
13.782407,0.99783918,0.00050000
13.784722,0.99898491,0.00050000
13.787037,0.99840073,0.00050000
13.789352,0.99864553,0.00050000
13.791667,0.99821495,0.00050000
13.793981,0.99835460,0.00050000
13.796296,0.99821045,0.00050000
13.798611,0.99914592,0.00050000
13.800926,0.99812318,0.00050000
13.803241,0.99816202,0.00050000
13.805556,0.99844462,0.00050000
13.807870,0.99793301,0.00050000
13.810185,0.99802990,0.00050000
13.812500,0.99863603,0.00050000
13.814815,0.99867667,0.00050000
13.817130,0.99890598,0.00050000
13.819444,0.99875546,0.00050000
13.821759,0.99810920,0.00050000
13.824074,0.99802495,0.00050000
13.826389,0.99904623,0.00050000
13.828704,0.99746242,0.00050000
13.831019,0.99861546,0.00050000
13.833333,0.99887522,0.00050000
13.835648,0.99911874,0.00050000
13.837963,0.99921436,0.00050000
13.840278,0.99907401,0.00050000
13.842593,0.99948652,0.00050000
13.844907,0.99765734,0.00050000
13.847222,0.99840357,0.00050000
13.849537,0.99871841,0.00050000
13.851852,0.99743650,0.00050000
13.854167,0.99817686,0.00050000
13.856481,0.99913107,0.00050000
13.858796,0.99822879,0.00050000
13.861111,0.99905111,0.00050000
13.863426,0.99887389,0.00050000
13.865741,0.99914592,0.00050000
13.868056,0.99897139,0.00050000
13.870370,0.99883236,0.00050000
13.872685,0.99890408,0.00050000
13.875000,0.99813860,0.00050000
13.877315,0.99939844,0.00050000
13.879630,0.99846028,0.00050000
13.881944,0.99817807,0.00050000
13.884259,0.99880412,0.00050000
13.886574,0.99789446,0.00050000
13.888889,0.99960731,0.00050000
13.891204,0.99975693,0.00050000
13.893519,0.99917643,0.00050000
13.895833,0.99813469,0.00050000
13.898148,0.99882118,0.00050000
13.900463,0.99873840,0.00050000
13.902778,0.99834335,0.00050000
13.905093,0.99846246,0.00050000
13.907407,0.99883217,0.00050000
13.909722,0.99836769,0.00050000
13.912037,0.99860042,0.00050000
13.914352,0.99864175,0.00050000
13.916667,0.99799970,0.00050000
13.918981,0.99846471,0.00050000
13.921296,0.99842529,0.00050000
13.923611,0.99943797,0.00050000
13.925926,0.99870885,0.00050000
13.928241,0.99884955,0.00050000
13.930556,0.99876430,0.00050000
13.932870,0.99864614,0.00050000
13.935185,0.99869399,0.00050000
13.937500,0.99859827,0.00050000
13.939815,0.99761647,0.00050000
13.942130,0.99867601,0.00050000
13.944444,0.99835165,0.00050000
13.946759,0.99851423,0.00050000
13.949074,0.99818984,0.00050000
13.951389,0.99821257,0.00050000
13.953704,0.99866938,0.00050000
13.956019,0.99843938,0.00050000
13.958333,0.99869526,0.00050000
13.960648,0.99878540,0.00050000
13.962963,0.99866824,0.00050000
13.965278,0.99872990,0.00050000
13.967593,0.99838281,0.00050000
13.969907,0.99856987,0.00050000
13.972222,0.99899206,0.00050000
13.974537,0.99859512,0.00050000
13.976852,0.99897505,0.00050000
13.979167,0.99871767,0.00050000
13.981481,0.99919100,0.00050000
13.983796,0.99821042,0.00050000
13.986111,0.99883065,0.00050000
13.988426,0.99911138,0.00050000
13.990741,0.99831830,0.00050000
13.993056,0.99877330,0.00050000
13.995370,0.99887094,0.00050000
13.997685,0.99864264,0.00050000
14.000000,0.99916179,0.00050000
14.002315,0.99887746,0.00050000
14.004630,0.99859126,0.00050000
14.006944,0.99912350,0.00050000
14.009259,0.99889663,0.00050000
14.011574,1.00010519,0.00050000
14.013889,0.99794119,0.00050000
14.016204,0.99879590,0.00050000
14.018519,0.99869434,0.00050000
14.020833,0.99871529,0.00050000
14.023148,0.99772880,0.00050000
14.025463,0.99876332,0.00050000
14.027778,0.99843872,0.00050000
14.030093,0.99906953,0.00050000
14.032407,0.99817895,0.00050000
14.034722,0.99955908,0.00050000
14.037037,0.99869636,0.00050000
14.039352,0.99847779,0.00050000
14.041667,0.99887390,0.00050000
14.043981,0.99800446,0.00050000
14.046296,0.99820687,0.00050000
14.048611,0.99900853,0.00050000
14.050926,0.99856761,0.00050000
14.053241,0.99876160,0.00050000
14.055556,0.99760976,0.00050000
14.057870,0.99804525,0.00050000
14.060185,0.99787792,0.00050000
14.062500,0.99953208,0.00050000
14.064815,0.99863597,0.00050000
14.067130,0.99934742,0.00050000
14.069444,0.99858019,0.00050000
14.071759,0.99922990,0.00050000
14.074074,0.99844724,0.00050000
14.076389,0.99848640,0.00050000
14.078704,0.99864564,0.00050000
14.081019,0.99875944,0.00050000
14.083333,0.99772565,0.00050000
14.085648,0.99871140,0.00050000
14.087963,0.99824977,0.00050000
14.090278,0.99838177,0.00050000
14.092593,0.99857969,0.00050000
14.094907,0.99852367,0.00050000
14.097222,0.99869117,0.00050000
14.099537,0.99925834,0.00050000
14.101852,0.99928025,0.00050000
14.104167,0.99959663,0.00050000
14.106481,0.99841240,0.00050000
14.108796,0.99868853,0.00050000
14.111111,0.99859910,0.00050000
14.113426,0.99853314,0.00050000
14.115741,0.99906002,0.00050000
14.118056,0.99913180,0.00050000
14.120370,0.99872129,0.00050000
14.122685,0.99885219,0.00050000
14.125000,0.99939843,0.00050000
14.127315,0.99872309,0.00050000
14.129630,0.99934063,0.00050000
14.131944,0.99881122,0.00050000
14.134259,0.99904560,0.00050000
14.136574,0.99973252,0.00050000
14.138889,0.99856109,0.00050000
14.141204,0.99901137,0.00050000
14.143519,0.99945787,0.00050000
14.145833,0.99891477,0.00050000
14.148148,0.99950543,0.00050000
14.150463,1.00011642,0.00050000
14.152778,0.99956517,0.00050000
14.155093,0.99884274,0.00050000
14.157407,0.99848207,0.00050000
14.159722,0.99898495,0.00050000
14.162037,0.99861595,0.00050000
14.164352,0.99851329,0.00050000
14.166667,0.99925373,0.00050000
14.168981,0.99922190,0.00050000
14.171296,0.99809152,0.00050000
14.173611,0.99864963,0.00050000
14.175926,0.99840218,0.00050000
14.178241,0.99923513,0.00050000
14.180556,0.99910309,0.00050000
14.182870,0.99938459,0.00050000
14.185185,0.99891069,0.00050000
14.187500,0.99918483,0.00050000
14.189815,0.99927551,0.00050000
14.192130,0.99891076,0.00050000
14.194444,0.99937204,0.00050000
14.196759,0.99805323,0.00050000
14.199074,0.99944303,0.00050000
14.201389,0.99828492,0.00050000
14.203704,0.99876810,0.00050000
14.206019,0.99906788,0.00050000
14.208333,0.99901484,0.00050000
14.210648,0.99827100,0.00050000
14.212963,0.99896871,0.00050000
14.215278,0.99786852,0.00050000
14.217593,0.99883319,0.00050000
14.219907,0.99871824,0.00050000
14.222222,0.99969003,0.00050000
14.224537,0.99880285,0.00050000
14.226852,0.99858708,0.00050000
14.229167,0.99860431,0.00050000
14.231481,0.99853655,0.00050000
14.233796,0.99895119,0.00050000
14.236111,0.99906304,0.00050000
14.238426,0.99975877,0.00050000
14.240741,0.99833064,0.00050000
14.243056,0.99925350,0.00050000
14.245370,0.99827956,0.00050000
14.247685,0.99882886,0.00050000
14.250000,0.99952919,0.00050000
14.252315,0.99957908,0.00050000
14.254630,0.99940475,0.00050000
14.256944,0.99871002,0.00050000
14.259259,0.99946403,0.00050000
14.261574,0.99974347,0.00050000
14.263889,0.99832364,0.00050000
14.266204,0.99873678,0.00050000
14.268519,0.99905592,0.00050000
14.270833,0.99913957,0.00050000
14.273148,0.99917775,0.00050000
14.275463,0.99892574,0.00050000
14.277778,0.99870605,0.00050000
14.280093,0.99929302,0.00050000
14.282407,0.99867929,0.00050000
14.284722,0.99895977,0.00050000
14.287037,0.99927829,0.00050000
14.289352,0.99927381,0.00050000
14.291667,0.99948734,0.00050000
14.293981,0.99951502,0.00050000
14.296296,0.99941140,0.00050000
14.298611,0.99982064,0.00050000
14.300926,0.99842203,0.00050000
14.303241,0.99918820,0.00050000
14.305556,0.99919187,0.00050000
14.307870,0.99898384,0.00050000
14.310185,0.99909742,0.00050000
14.312500,0.99928798,0.00050000
14.314815,0.99894183,0.00050000
14.317130,1.00011637,0.00050000
14.319444,1.00010271,0.00050000
14.321759,0.99889253,0.00050000
14.324074,0.99964246,0.00050000
14.326389,0.99955218,0.00050000
14.328704,0.99925817,0.00050000
14.331019,0.99905528,0.00050000
14.333333,0.99940465,0.00050000
14.335648,0.99923379,0.00050000
14.337963,0.99889736,0.00050000
14.340278,0.99959725,0.00050000
14.342593,0.99925288,0.00050000
14.344907,0.99972204,0.00050000
14.347222,0.99853841,0.00050000
14.349537,0.99879531,0.00050000
14.351852,0.99765047,0.00050000
14.354167,0.99897964,0.00050000
14.356481,0.99862045,0.00050000
14.358796,0.99947067,0.00050000
14.361111,0.99968499,0.00050000
14.363426,0.99924210,0.00050000
14.365741,0.99964075,0.00050000
14.368056,0.99885548,0.00050000
14.370370,0.99859510,0.00050000
14.372685,0.99988344,0.00050000
14.375000,0.99969946,0.00050000
14.377315,0.99957462,0.00050000
14.379630,0.99905296,0.00050000
14.381944,0.99972579,0.00050000
14.384259,0.99952849,0.00050000
14.386574,1.00052368,0.00050000
14.388889,0.99792520,0.00050000
14.391204,0.99863879,0.00050000
14.393519,0.99966280,0.00050000
14.395833,0.99961484,0.00050000
14.398148,0.99941226,0.00050000
14.400463,0.99916640,0.00050000
14.402778,0.99893603,0.00050000
14.405093,1.00007362,0.00050000
14.407407,0.99982924,0.00050000
14.409722,0.99944208,0.00050000
14.412037,0.99948311,0.00050000
14.414352,1.00012022,0.00050000
14.416667,0.99879534,0.00050000
14.418981,0.99872377,0.00050000
14.421296,0.99923873,0.00050000
14.423611,0.99879024,0.00050000
14.425926,0.99973574,0.00050000
14.428241,0.99965849,0.00050000
14.430556,0.99967136,0.00050000
14.432870,0.99920390,0.00050000
14.435185,0.99903059,0.00050000
14.437500,0.99953148,0.00050000
14.439815,0.99830013,0.00050000
14.442130,0.99857279,0.00050000
14.444444,0.99883304,0.00050000
14.446759,0.99865163,0.00050000
14.449074,0.99934611,0.00050000
14.451389,0.99877732,0.00050000
14.453704,0.99967569,0.00050000
14.456019,0.99929942,0.00050000
14.458333,0.99853783,0.00050000
14.460648,0.99814006,0.00050000
14.462963,1.00027902,0.00050000
14.465278,0.99951531,0.00050000
14.467593,0.99957879,0.00050000
14.469907,0.99912476,0.00050000
14.472222,0.99889007,0.00050000
14.474537,1.00003856,0.00050000
14.476852,0.99879743,0.00050000
14.479167,0.99917794,0.00050000
14.481481,0.99938801,0.00050000
14.483796,0.99895635,0.00050000
14.486111,0.99912581,0.00050000
14.488426,0.99913375,0.00050000
14.490741,0.99915867,0.00050000
14.493056,1.00017359,0.00050000
14.495370,0.99943790,0.00050000
14.497685,0.99990853,0.00050000
14.500000,0.99898695,0.00050000
14.502315,0.99915207,0.00050000
14.504630,0.99911766,0.00050000
14.506944,0.99865210,0.00050000
14.509259,0.99944296,0.00050000
14.511574,0.99873680,0.00050000
14.513889,0.99886518,0.00050000
14.516204,0.99945185,0.00050000
14.518519,0.99960306,0.00050000
14.520833,0.99906707,0.00050000
14.523148,0.99954111,0.00050000
14.525463,1.00006410,0.00050000
14.527778,1.00019609,0.00050000
14.530093,0.99993530,0.00050000
14.532407,0.99933486,0.00050000
14.534722,1.00012634,0.00050000
14.537037,0.99935825,0.00050000
14.539352,0.99935332,0.00050000
14.541667,0.99998884,0.00050000
14.543981,0.99970116,0.00050000
14.546296,0.99977065,0.00050000
14.548611,0.99911406,0.00050000
14.550926,0.99939879,0.00050000
14.553241,0.99969693,0.00050000
14.555556,0.99980558,0.00050000
14.557870,0.99982708,0.00050000
14.560185,0.99867192,0.00050000
14.562500,1.00067566,0.00050000
14.564815,0.99996483,0.00050000
14.567130,0.99916373,0.00050000
14.569444,1.00016476,0.00050000
14.571759,0.99952129,0.00050000
14.574074,0.99940043,0.00050000
14.576389,1.00041364,0.00050000
14.578704,0.99904903,0.00050000
14.581019,0.99910609,0.00050000
14.583333,0.99918251,0.00050000
14.585648,0.99933168,0.00050000
14.587963,1.00123980,0.00050000
14.590278,0.99940758,0.00050000
14.592593,0.99913594,0.00050000
14.594907,0.99972714,0.00050000
14.597222,1.00002087,0.00050000
14.599537,1.00028062,0.00050000
14.601852,0.99923105,0.00050000
14.604167,1.00064190,0.00050000
14.606481,0.99976276,0.00050000
14.608796,0.99924706,0.00050000
14.611111,0.99929663,0.00050000
14.613426,0.99992858,0.00050000
14.615741,0.99970137,0.00050000
14.618056,0.99948560,0.00050000
14.620370,0.99978042,0.00050000
14.622685,1.00087589,0.00050000
14.625000,1.00043743,0.00050000
14.627315,0.99947489,0.00050000
14.629630,0.99937171,0.00050000
14.631944,1.00023041,0.00050000
14.634259,0.99920657,0.00050000
14.636574,0.99882116,0.00050000
14.638889,0.99926174,0.00050000
14.641204,0.99908380,0.00050000
14.643519,0.99900715,0.00050000
14.645833,0.99963003,0.00050000
14.648148,0.99935372,0.00050000
14.650463,0.99958523,0.00050000
14.652778,0.99993917,0.00050000
14.655093,0.99949961,0.00050000
14.657407,0.99904170,0.00050000
14.659722,0.99930896,0.00050000
14.662037,1.00020474,0.00050000
14.664352,0.99924337,0.00050000
14.666667,0.99922250,0.00050000
14.668981,1.00000542,0.00050000
14.671296,0.99933211,0.00050000
14.673611,0.99933597,0.00050000
14.675926,0.99993671,0.00050000
14.678241,0.99974932,0.00050000
14.680556,0.99954309,0.00050000
14.682870,0.99962086,0.00050000
14.685185,1.00037186,0.00050000
14.687500,1.00000666,0.00050000
14.689815,0.99949710,0.00050000
14.692130,0.99963980,0.00050000
14.694444,1.00065329,0.00050000
14.696759,0.99975105,0.00050000
14.699074,1.00004610,0.00050000
14.701389,1.00003048,0.00050000
14.703704,0.99962994,0.00050000
14.706019,0.99997456,0.00050000
14.708333,0.99942201,0.00050000
14.710648,0.99976991,0.00050000
14.712963,1.00048885,0.00050000
14.715278,0.99983344,0.00050000
14.717593,1.00068904,0.00050000
14.719907,1.00003015,0.00050000
14.722222,1.00019235,0.00050000
14.724537,1.00000242,0.00050000
14.726852,0.99950470,0.00050000
14.729167,1.00048718,0.00050000
14.731481,1.00066524,0.00050000
14.733796,1.00011685,0.00050000
14.736111,0.99997403,0.00050000
14.738426,0.99985381,0.00050000
14.740741,1.00023054,0.00050000
14.743056,1.00052240,0.00050000
14.745370,1.00044526,0.00050000
14.747685,1.00013081,0.00050000
14.750000,1.00001674,0.00050000
14.752315,1.00008009,0.00050000
14.754630,0.99993796,0.00050000
14.756944,0.99948484,0.00050000
14.759259,1.00103687,0.00050000
14.761574,0.99962341,0.00050000
14.763889,0.99956111,0.00050000
14.766204,1.00075375,0.00050000
14.768519,1.00029491,0.00050000
14.770833,1.00032337,0.00050000
14.773148,0.99979292,0.00050000
14.775463,1.00005589,0.00050000
14.777778,1.00045690,0.00050000
14.780093,1.00145723,0.00050000
14.782407,1.00034810,0.00050000
14.784722,1.00015427,0.00050000
14.787037,1.00042509,0.00050000
14.789352,1.00012055,0.00050000
14.791667,0.99971114,0.00050000
14.793981,0.99921456,0.00050000
14.796296,1.00036093,0.00050000
14.798611,0.99938995,0.00050000
14.800926,1.00071814,0.00050000
14.803241,0.99985870,0.00050000
14.805556,0.99989353,0.00050000
14.807870,0.99953011,0.00050000
14.810185,0.99959454,0.00050000
14.812500,0.99980470,0.00050000
14.814815,1.00028581,0.00050000
14.817130,0.99989266,0.00050000
14.819444,1.00006142,0.00050000
14.821759,0.99987305,0.00050000
14.824074,1.00040270,0.00050000
14.826389,1.00034910,0.00050000
14.828704,1.00039311,0.00050000
14.831019,0.99965285,0.00050000
14.833333,0.99977162,0.00050000
14.835648,0.99951847,0.00050000
14.837963,1.00052985,0.00050000
14.840278,0.99886488,0.00050000
14.842593,1.00094860,0.00050000
14.844907,1.00004184,0.00050000
14.847222,0.99987327,0.00050000
14.849537,1.00029485,0.00050000
14.851852,1.00007575,0.00050000
14.854167,1.00003540,0.00050000
14.856481,1.00041308,0.00050000
14.858796,1.00052204,0.00050000
14.861111,0.99997248,0.00050000
14.863426,1.00104100,0.00050000
14.865741,0.99958909,0.00050000
14.868056,1.00067995,0.00050000
14.870370,1.00038708,0.00050000
14.872685,0.99975197,0.00050000
14.875000,1.00070067,0.00050000
14.877315,1.00093504,0.00050000
14.879630,0.99949684,0.00050000
14.881944,1.00058648,0.00050000
14.884259,1.00024773,0.00050000
14.886574,1.00041544,0.00050000
14.888889,0.99947255,0.00050000
14.891204,1.00062099,0.00050000
14.893519,1.00090670,0.00050000
14.895833,1.00046776,0.00050000
14.898148,0.99999197,0.00050000
14.900463,1.00016695,0.00050000
14.902778,1.00050487,0.00050000
14.905093,1.00025039,0.00050000
14.907407,0.99967484,0.00050000
14.909722,0.99977134,0.00050000
14.912037,0.99962206,0.00050000
14.914352,1.00039113,0.00050000
14.916667,1.00129777,0.00050000
14.918981,1.00104799,0.00050000
14.921296,1.00027454,0.00050000
14.923611,1.00029463,0.00050000
14.925926,1.00087045,0.00050000
14.928241,1.00074950,0.00050000
14.930556,1.00104653,0.00050000
14.932870,1.00064191,0.00050000
14.935185,1.00023202,0.00050000
14.937500,1.00073072,0.00050000
14.939815,1.00131894,0.00050000
14.942130,1.00058560,0.00050000
14.944444,1.00148703,0.00050000
14.946759,1.00002703,0.00050000
14.949074,1.00031769,0.00050000
14.951389,1.00059236,0.00050000
14.953704,1.00043079,0.00050000
14.956019,1.00094983,0.00050000
14.958333,1.00065554,0.00050000
14.960648,1.00083236,0.00050000
14.962963,1.00125979,0.00050000
14.965278,0.99992058,0.00050000
14.967593,1.00037904,0.00050000
14.969907,1.00152213,0.00050000
14.972222,1.00036497,0.00050000
14.974537,1.00000485,0.00050000
14.976852,1.00012366,0.00050000
14.979167,0.99997210,0.00050000
14.981481,1.00047693,0.00050000
14.983796,1.00068828,0.00050000
14.986111,1.00073251,0.00050000
14.988426,1.00094894,0.00050000
14.990741,1.00049984,0.00050000
14.993056,1.00098919,0.00050000
14.995370,1.00114408,0.00050000
14.997685,0.99989631,0.00050000
15.000000,1.00010457,0.00050000
15.002315,1.00083939,0.00050000
15.004630,1.00002493,0.00050000
15.006944,1.00115540,0.00050000
15.009259,1.00032362,0.00050000
15.011574,1.00031377,0.00050000
15.013889,1.00070400,0.00050000
15.016204,1.00180442,0.00050000
15.018519,1.00008296,0.00050000
15.020833,1.00062892,0.00050000
15.023148,1.00028375,0.00050000
15.025463,1.00094750,0.00050000
15.027778,1.00059575,0.00050000
15.030093,1.00064270,0.00050000
15.032407,1.00090991,0.00050000
15.034722,1.00056747,0.00050000
15.037037,1.00070693,0.00050000
15.039352,1.00095612,0.00050000
15.041667,1.00068466,0.00050000
15.043981,1.00058118,0.00050000
15.046296,1.00027679,0.00050000
15.048611,1.00093071,0.00050000
15.050926,1.00079154,0.00050000
15.053241,1.00066237,0.00050000
15.055556,1.00042311,0.00050000
15.057870,1.00050214,0.00050000
15.060185,1.00026643,0.00050000
15.062500,1.00163819,0.00050000
15.064815,1.00107409,0.00050000
15.067130,1.00177037,0.00050000
15.069444,0.99991564,0.00050000
15.071759,0.99998604,0.00050000
15.074074,1.00093186,0.00050000
15.076389,1.00069953,0.00050000
15.078704,1.00056505,0.00050000
15.081019,1.00049998,0.00050000
15.083333,1.00068149,0.00050000
15.085648,0.99952909,0.00050000
15.087963,1.00204190,0.00050000
15.090278,1.00066230,0.00050000
15.092593,1.00073105,0.00050000
15.094907,1.00131402,0.00050000
15.097222,1.00076229,0.00050000
15.099537,1.00102256,0.00050000
15.101852,1.00121916,0.00050000
15.104167,1.00125920,0.00050000
15.106481,1.00114936,0.00050000
15.108796,1.00144003,0.00050000
15.111111,1.00145771,0.00050000
15.113426,1.00098023,0.00050000
15.115741,1.00119981,0.00050000
15.118056,1.00067600,0.00050000
15.120370,1.00134644,0.00050000
15.122685,1.00030481,0.00050000
15.125000,1.00026468,0.00050000
15.127315,1.00058529,0.00050000
15.129630,1.00122627,0.00050000
15.131944,1.00069168,0.00050000
15.134259,1.00082811,0.00050000
15.136574,1.00162128,0.00050000
15.138889,1.00182260,0.00050000
15.141204,1.00210136,0.00050000
15.143519,1.00157886,0.00050000
15.145833,1.00136821,0.00050000
15.148148,1.00130538,0.00050000
15.150463,1.00051411,0.00050000
15.152778,1.00113491,0.00050000
15.155093,1.00101108,0.00050000
15.157407,1.00159812,0.00050000
15.159722,1.00134750,0.00050000
15.162037,1.00061968,0.00050000
15.164352,1.00094177,0.00050000
15.166667,1.00136454,0.00050000
15.168981,1.00118658,0.00050000
15.171296,1.00079810,0.00050000
15.173611,1.00153480,0.00050000
15.175926,1.00017502,0.00050000
15.178241,1.00139516,0.00050000
15.180556,1.00068888,0.00050000
15.182870,1.00038114,0.00050000
15.185185,1.00095126,0.00050000
15.187500,1.00168575,0.00050000
15.189815,1.00033830,0.00050000
15.192130,1.00103849,0.00050000
15.194444,1.00112718,0.00050000
15.196759,1.00090753,0.00050000
15.199074,1.00092982,0.00050000
15.201389,1.00107907,0.00050000
15.203704,1.00124440,0.00050000
15.206019,1.00187487,0.00050000
15.208333,0.99978979,0.00050000
15.210648,1.00128547,0.00050000
15.212963,1.00160648,0.00050000
15.215278,1.00029834,0.00050000
15.217593,1.00148849,0.00050000
15.219907,1.00166184,0.00050000
15.222222,1.00098504,0.00050000
15.224537,1.00131737,0.00050000
15.226852,1.00090254,0.00050000
15.229167,1.00058492,0.00050000
15.231481,1.00093714,0.00050000
15.233796,1.00087265,0.00050000
15.236111,1.00168397,0.00050000
15.238426,1.00090785,0.00050000
15.240741,1.00156126,0.00050000
15.243056,1.00167972,0.00050000
15.245370,1.00183521,0.00050000
15.247685,1.00127056,0.00050000
15.250000,1.00150865,0.00050000
15.252315,1.00086904,0.00050000
15.254630,1.00076084,0.00050000
15.256944,1.00206590,0.00050000
15.259259,1.00181126,0.00050000
15.261574,1.00077796,0.00050000
15.263889,1.00086024,0.00050000
15.266204,1.00214876,0.00050000
15.268519,1.00145154,0.00050000
15.270833,1.00189479,0.00050000
15.273148,1.00205982,0.00050000
15.275463,1.00124798,0.00050000
15.277778,1.00178417,0.00050000
15.280093,1.00075302,0.00050000
15.282407,1.00132105,0.00050000
15.284722,1.00174194,0.00050000
15.287037,1.00204034,0.00050000
15.289352,1.00136311,0.00050000
15.291667,1.00162985,0.00050000
15.293981,1.00095231,0.00050000
15.296296,1.00183282,0.00050000
15.298611,1.00072695,0.00050000
15.300926,1.00120907,0.00050000
15.303241,1.00131720,0.00050000
15.305556,1.00093160,0.00050000
15.307870,1.00109881,0.00050000
15.310185,1.00124909,0.00050000
15.312500,1.00188465,0.00050000
15.314815,1.00172991,0.00050000
15.317130,1.00159177,0.00050000
15.319444,1.00160725,0.00050000
15.321759,1.00162637,0.00050000
15.324074,1.00096466,0.00050000
15.326389,1.00127780,0.00050000
15.328704,1.00133737,0.00050000
15.331019,1.00182885,0.00050000
15.333333,1.00161554,0.00050000
15.335648,1.00173775,0.00050000
15.337963,1.00088815,0.00050000
15.340278,1.00226168,0.00050000
15.342593,1.00116362,0.00050000
15.344907,1.00099581,0.00050000
15.347222,1.00150724,0.00050000
15.349537,1.00162900,0.00050000
15.351852,1.00140131,0.00050000
15.354167,1.00223473,0.00050000
15.356481,1.00123461,0.00050000
15.358796,1.00127621,0.00050000
15.361111,1.00085905,0.00050000
15.363426,1.00217104,0.00050000
15.365741,1.00134926,0.00050000
15.368056,1.00133634,0.00050000
15.370370,1.00063310,0.00050000
15.372685,1.00112045,0.00050000
15.375000,1.00128237,0.00050000
15.377315,1.00174085,0.00050000
15.379630,1.00201073,0.00050000
15.381944,1.00211464,0.00050000
15.384259,1.00119634,0.00050000
15.386574,1.00167911,0.00050000
15.388889,1.00233493,0.00050000
15.391204,1.00190313,0.00050000
15.393519,1.00200787,0.00050000
15.395833,1.00224484,0.00050000
15.398148,1.00188887,0.00050000
15.400463,1.00167376,0.00050000
15.402778,1.00288992,0.00050000
15.405093,1.00091308,0.00050000
15.407407,1.00176789,0.00050000
15.409722,1.00199318,0.00050000
15.412037,1.00172884,0.00050000
15.414352,1.00168368,0.00050000
15.416667,1.00149270,0.00050000
15.418981,1.00223783,0.00050000
15.421296,1.00080712,0.00050000
15.423611,1.00113580,0.00050000
15.425926,1.00100963,0.00050000
15.428241,1.00136025,0.00050000
15.430556,1.00143701,0.00050000
15.432870,1.00189195,0.00050000
15.435185,1.00221036,0.00050000
15.437500,1.00131115,0.00050000
15.439815,1.00174764,0.00050000
15.442130,1.00276977,0.00050000
15.444444,1.00212973,0.00050000
15.446759,1.00095753,0.00050000
15.449074,1.00212365,0.00050000
15.451389,1.00180417,0.00050000
15.453704,1.00179182,0.00050000
15.456019,1.00194786,0.00050000
15.458333,1.00219413,0.00050000
15.460648,1.00192889,0.00050000
15.462963,1.00228578,0.00050000
15.465278,1.00197222,0.00050000
15.467593,1.00224470,0.00050000
15.469907,1.00208554,0.00050000
15.472222,1.00137895,0.00050000
15.474537,1.00107344,0.00050000
15.476852,1.00275706,0.00050000
15.479167,1.00139545,0.00050000
15.481481,1.00128795,0.00050000
15.483796,1.00234940,0.00050000
15.486111,1.00239332,0.00050000
15.488426,1.00175348,0.00050000
15.490741,1.00248933,0.00050000
15.493056,1.00158844,0.00050000
15.495370,1.00166802,0.00050000
15.497685,1.00118272,0.00050000
15.500000,1.00288659,0.00050000
15.502315,1.00193365,0.00050000
15.504630,1.00224094,0.00050000
15.506944,1.00109091,0.00050000
15.509259,1.00213848,0.00050000
15.511574,1.00100482,0.00050000
15.513889,1.00157168,0.00050000
15.516204,1.00224960,0.00050000
15.518519,1.00263638,0.00050000
15.520833,1.00272666,0.00050000
15.523148,1.00191517,0.00050000
15.525463,1.00128920,0.00050000
15.527778,1.00213309,0.00050000
15.530093,1.00172737,0.00050000
15.532407,1.00231857,0.00050000
15.534722,1.00220368,0.00050000
15.537037,1.00284055,0.00050000
15.539352,1.00229436,0.00050000
15.541667,1.00191084,0.00050000
15.543981,1.00221779,0.00050000
15.546296,1.00184185,0.00050000
15.548611,1.00176370,0.00050000
15.550926,1.00170870,0.00050000
15.553241,1.00188372,0.00050000
15.555556,1.00169872,0.00050000
15.557870,1.00203048,0.00050000
15.560185,1.00127206,0.00050000
15.562500,1.00178340,0.00050000
15.564815,1.00231363,0.00050000
15.567130,1.00163773,0.00050000
15.569444,1.00151859,0.00050000
15.571759,1.00292552,0.00050000
15.574074,1.00177609,0.00050000
15.576389,1.00291347,0.00050000
15.578704,1.00200824,0.00050000
15.581019,1.00229847,0.00050000
15.583333,1.00249356,0.00050000
15.585648,1.00173923,0.00050000
15.587963,1.00167012,0.00050000
15.590278,1.00210943,0.00050000
15.592593,1.00204170,0.00050000
15.594907,1.00245359,0.00050000
15.597222,1.00184441,0.00050000
15.599537,1.00175600,0.00050000
15.601852,1.00220609,0.00050000
15.604167,1.00172361,0.00050000
15.606481,1.00163951,0.00050000
15.608796,1.00224714,0.00050000
15.611111,1.00190664,0.00050000
15.613426,1.00144483,0.00050000
15.615741,1.00254360,0.00050000
15.618056,1.00200199,0.00050000
15.620370,1.00100155,0.00050000
15.622685,1.00174077,0.00050000
15.625000,1.00262241,0.00050000
15.627315,1.00213028,0.00050000
15.629630,1.00179522,0.00050000
15.631944,1.00224403,0.00050000
15.634259,1.00180523,0.00050000
15.636574,1.00196627,0.00050000
15.638889,1.00233597,0.00050000
15.641204,1.00167371,0.00050000
15.643519,1.00305763,0.00050000
15.645833,1.00086366,0.00050000
15.648148,1.00138850,0.00050000
15.650463,1.00261227,0.00050000
15.652778,1.00233864,0.00050000
15.655093,1.00311408,0.00050000
15.657407,1.00250819,0.00050000
15.659722,1.00275209,0.00050000
15.662037,1.00253301,0.00050000
15.664352,1.00210545,0.00050000
15.666667,1.00130978,0.00050000
15.668981,1.00206740,0.00050000
15.671296,1.00243028,0.00050000
15.673611,1.00234473,0.00050000
15.675926,1.00176424,0.00050000
15.678241,1.00270239,0.00050000
15.680556,1.00202278,0.00050000
15.682870,1.00174281,0.00050000
15.685185,1.00227656,0.00050000
15.687500,1.00221438,0.00050000
15.689815,1.00166235,0.00050000
15.692130,1.00177089,0.00050000
15.694444,1.00234087,0.00050000
15.696759,1.00314081,0.00050000
15.699074,1.00102780,0.00050000
15.701389,1.00106820,0.00050000
15.703704,1.00191842,0.00050000
15.706019,1.00205737,0.00050000
15.708333,1.00267969,0.00050000
15.710648,1.00147494,0.00050000
15.712963,1.00242477,0.00050000
15.715278,1.00246157,0.00050000
15.717593,1.00274752,0.00050000
15.719907,1.00199347,0.00050000
15.722222,1.00190750,0.00050000
15.724537,1.00219504,0.00050000
15.726852,1.00205680,0.00050000
15.729167,1.00207094,0.00050000
15.731481,1.00207995,0.00050000
15.733796,1.00269258,0.00050000
15.736111,1.00221411,0.00050000
15.738426,1.00224721,0.00050000
15.740741,1.00264983,0.00050000
15.743056,1.00222050,0.00050000
15.745370,1.00247465,0.00050000
15.747685,1.00163046,0.00050000
15.750000,1.00241248,0.00050000
15.752315,1.00239604,0.00050000
15.754630,1.00206489,0.00050000
15.756944,1.00211154,0.00050000
15.759259,1.00197422,0.00050000
15.761574,1.00297183,0.00050000
15.763889,1.00232735,0.00050000
15.766204,1.00205180,0.00050000
15.768519,1.00208238,0.00050000
15.770833,1.00193078,0.00050000
15.773148,1.00251337,0.00050000
15.775463,1.00248006,0.00050000
15.777778,1.00201033,0.00050000
15.780093,1.00205236,0.00050000
15.782407,1.00254783,0.00050000
15.784722,1.00185189,0.00050000
15.787037,1.00314335,0.00050000
15.789352,1.00248829,0.00050000
15.791667,1.00215893,0.00050000
15.793981,1.00255256,0.00050000
15.796296,1.00153428,0.00050000
15.798611,1.00270846,0.00050000
15.800926,1.00214408,0.00050000
15.803241,1.00291359,0.00050000
15.805556,1.00288160,0.00050000
15.807870,1.00206280,0.00050000
15.810185,1.00317712,0.00050000
15.812500,1.00231094,0.00050000
15.814815,1.00232295,0.00050000
15.817130,1.00298755,0.00050000
15.819444,1.00294397,0.00050000
15.821759,1.00216412,0.00050000
15.824074,1.00256615,0.00050000
15.826389,1.00218857,0.00050000
15.828704,1.00202737,0.00050000
15.831019,1.00215328,0.00050000
15.833333,1.00268091,0.00050000
15.835648,1.00160291,0.00050000
15.837963,1.00261047,0.00050000
15.840278,1.00210255,0.00050000
15.842593,1.00236170,0.00050000
15.844907,1.00310789,0.00050000
15.847222,1.00272093,0.00050000
15.849537,1.00232505,0.00050000
15.851852,1.00338779,0.00050000
15.854167,1.00173446,0.00050000
15.856481,1.00253816,0.00050000
15.858796,1.00298607,0.00050000
15.861111,1.00186948,0.00050000
15.863426,1.00275843,0.00050000
15.865741,1.00240478,0.00050000
15.868056,1.00333665,0.00050000
15.870370,1.00296450,0.00050000
15.872685,1.00281100,0.00050000
15.875000,1.00179996,0.00050000
15.877315,1.00240913,0.00050000
15.879630,1.00336450,0.00050000
15.881944,1.00294479,0.00050000
15.884259,1.00220262,0.00050000
15.886574,1.00245190,0.00050000
15.888889,1.00167607,0.00050000
15.891204,1.00262102,0.00050000
15.893519,1.00207018,0.00050000
15.895833,1.00185933,0.00050000
15.898148,1.00207649,0.00050000
15.900463,1.00295292,0.00050000
15.902778,1.00180967,0.00050000
15.905093,1.00117996,0.00050000
15.907407,1.00363167,0.00050000
15.909722,1.00235503,0.00050000
15.912037,1.00235647,0.00050000
15.914352,1.00201283,0.00050000
15.916667,1.00315967,0.00050000
15.918981,1.00292913,0.00050000
15.921296,1.00296711,0.00050000
15.923611,1.00283140,0.00050000
15.925926,1.00304679,0.00050000
15.928241,1.00281370,0.00050000
15.930556,1.00251885,0.00050000
15.932870,1.00311200,0.00050000
15.935185,1.00273040,0.00050000
15.937500,1.00234649,0.00050000
15.939815,1.00279253,0.00050000
15.942130,1.00166817,0.00050000
15.944444,1.00269551,0.00050000
15.946759,1.00229262,0.00050000
15.949074,1.00188716,0.00050000
15.951389,1.00291830,0.00050000
15.953704,1.00361910,0.00050000
15.956019,1.00326037,0.00050000
15.958333,1.00294287,0.00050000
15.960648,1.00226163,0.00050000
15.962963,1.00194745,0.00050000
15.965278,1.00247980,0.00050000
15.967593,1.00231267,0.00050000
15.969907,1.00276991,0.00050000
15.972222,1.00351455,0.00050000
15.974537,1.00307148,0.00050000
15.976852,1.00284345,0.00050000
15.979167,1.00286122,0.00050000
15.981481,1.00191250,0.00050000
15.983796,1.00303177,0.00050000
15.986111,1.00276964,0.00050000
15.988426,1.00231593,0.00050000
15.990741,1.00264707,0.00050000
15.993056,1.00258490,0.00050000
15.995370,1.00298676,0.00050000
15.997685,1.00244716,0.00050000
16.000000,1.00325371,0.00050000
16.002315,1.00271752,0.00050000
16.004630,1.00245912,0.00050000
16.006944,1.00339996,0.00050000
16.009259,1.00262459,0.00050000
16.011574,1.00270781,0.00050000
16.013889,1.00218590,0.00050000
16.016204,1.00329670,0.00050000
16.018519,1.00270022,0.00050000
16.020833,1.00299214,0.00050000
16.023148,1.00257995,0.00050000
16.025463,1.00286054,0.00050000
16.027778,1.00208954,0.00050000
16.030093,1.00249994,0.00050000
16.032407,1.00209502,0.00050000
16.034722,1.00257245,0.00050000
16.037037,1.00309910,0.00050000
16.039352,1.00248003,0.00050000
16.041667,1.00269617,0.00050000
16.043981,1.00283374,0.00050000
16.046296,1.00356662,0.00050000
16.048611,1.00314501,0.00050000
16.050926,1.00193338,0.00050000
16.053241,1.00341053,0.00050000
16.055556,1.00190915,0.00050000
16.057870,1.00201123,0.00050000
16.060185,1.00285260,0.00050000
16.062500,1.00352472,0.00050000
16.064815,1.00235446,0.00050000
16.067130,1.00215201,0.00050000
16.069444,1.00258917,0.00050000
16.071759,1.00283288,0.00050000
16.074074,1.00342715,0.00050000
16.076389,1.00279334,0.00050000
16.078704,1.00256405,0.00050000
16.081019,1.00255272,0.00050000
16.083333,1.00282677,0.00050000
16.085648,1.00299912,0.00050000
16.087963,1.00227009,0.00050000
16.090278,1.00266984,0.00050000
16.092593,1.00313434,0.00050000
16.094907,1.00386784,0.00050000
16.097222,1.00300466,0.00050000
16.099537,1.00166554,0.00050000
16.101852,1.00248261,0.00050000
16.104167,1.00297458,0.00050000
16.106481,1.00260413,0.00050000
16.108796,1.00336006,0.00050000
16.111111,1.00264759,0.00050000
16.113426,1.00304533,0.00050000
16.115741,1.00302242,0.00050000
16.118056,1.00255553,0.00050000
16.120370,1.00252469,0.00050000
16.122685,1.00260780,0.00050000
16.125000,1.00224443,0.00050000
16.127315,1.00281006,0.00050000
16.129630,1.00244890,0.00050000
16.131944,1.00279172,0.00050000
16.134259,1.00226191,0.00050000
16.136574,1.00359178,0.00050000
16.138889,1.00305662,0.00050000
16.141204,1.00348345,0.00050000
16.143519,1.00248441,0.00050000
16.145833,1.00261818,0.00050000
16.148148,1.00304502,0.00050000
16.150463,1.00297727,0.00050000
16.152778,1.00296152,0.00050000
16.155093,1.00321030,0.00050000
16.157407,1.00305851,0.00050000
16.159722,1.00338140,0.00050000
16.162037,1.00255250,0.00050000
16.164352,1.00331328,0.00050000
16.166667,1.00107173,0.00050000
16.168981,1.00297891,0.00050000
16.171296,1.00269412,0.00050000
16.173611,1.00257820,0.00050000
16.175926,1.00281276,0.00050000
16.178241,1.00277393,0.00050000
16.180556,1.00301378,0.00050000
16.182870,1.00232271,0.00050000
16.185185,1.00252859,0.00050000
16.187500,1.00301372,0.00050000
16.189815,1.00257216,0.00050000
16.192130,1.00262014,0.00050000
16.194444,1.00308998,0.00050000
16.196759,1.00293246,0.00050000
16.199074,1.00255738,0.00050000
16.201389,1.00244627,0.00050000
16.203704,1.00310160,0.00050000
16.206019,1.00321334,0.00050000
16.208333,1.00314533,0.00050000
16.210648,1.00309514,0.00050000
16.212963,1.00269974,0.00050000
16.215278,1.00243749,0.00050000
16.217593,1.00280673,0.00050000
16.219907,1.00276367,0.00050000
16.222222,1.00253157,0.00050000
16.224537,1.00296234,0.00050000
16.226852,1.00427125,0.00050000
16.229167,1.00259369,0.00050000
16.231481,1.00267219,0.00050000
16.233796,1.00319459,0.00050000
16.236111,1.00248643,0.00050000
16.238426,1.00263787,0.00050000
16.240741,1.00263069,0.00050000
16.243056,1.00281503,0.00050000
16.245370,1.00325096,0.00050000
16.247685,1.00310895,0.00050000
16.250000,1.00214332,0.00050000
16.252315,1.00269044,0.00050000
16.254630,1.00235757,0.00050000
16.256944,1.00300498,0.00050000
16.259259,1.00260720,0.00050000
16.261574,1.00337846,0.00050000
16.263889,1.00380280,0.00050000
16.266204,1.00270280,0.00050000
16.268519,1.00294557,0.00050000
16.270833,1.00323099,0.00050000
16.273148,1.00251559,0.00050000
16.275463,1.00213091,0.00050000
16.277778,1.00308856,0.00050000
16.280093,1.00300653,0.00050000
16.282407,1.00192762,0.00050000
16.284722,1.00280948,0.00050000
16.287037,1.00259818,0.00050000
16.289352,1.00253278,0.00050000
16.291667,1.00286196,0.00050000
16.293981,1.00213471,0.00050000
16.296296,1.00216036,0.00050000
16.298611,1.00345976,0.00050000
16.300926,1.00315660,0.00050000
16.303241,1.00280559,0.00050000
16.305556,1.00290056,0.00050000
16.307870,1.00299859,0.00050000
16.310185,1.00286607,0.00050000
16.312500,1.00400478,0.00050000
16.314815,1.00256637,0.00050000
16.317130,1.00314780,0.00050000
16.319444,1.00228877,0.00050000
16.321759,1.00315971,0.00050000
16.324074,1.00371796,0.00050000
16.326389,1.00282744,0.00050000
16.328704,1.00247769,0.00050000
16.331019,1.00206073,0.00050000
16.333333,1.00340722,0.00050000
16.335648,1.00251854,0.00050000
16.337963,1.00296582,0.00050000
16.340278,1.00320414,0.00050000
16.342593,1.00239645,0.00050000
16.344907,1.00289339,0.00050000
16.347222,1.00352523,0.00050000
16.349537,1.00245071,0.00050000
16.351852,1.00272170,0.00050000
16.354167,1.00287730,0.00050000
16.356481,1.00207000,0.00050000
16.358796,1.00265282,0.00050000
16.361111,1.00330663,0.00050000
16.363426,1.00385993,0.00050000
16.365741,1.00240660,0.00050000
16.368056,1.00289813,0.00050000
16.370370,1.00304489,0.00050000
16.372685,1.00272627,0.00050000
16.375000,1.00256999,0.00050000
16.377315,1.00276466,0.00050000
16.379630,1.00265187,0.00050000
16.381944,1.00246000,0.00050000
16.384259,1.00275199,0.00050000
16.386574,1.00280219,0.00050000
16.388889,1.00175336,0.00050000
16.391204,1.00293432,0.00050000
16.393519,1.00277198,0.00050000
16.395833,1.00290071,0.00050000
16.398148,1.00188614,0.00050000
16.400463,1.00383902,0.00050000
16.402778,1.00287192,0.00050000
16.405093,1.00207148,0.00050000
16.407407,1.00339630,0.00050000
16.409722,1.00317763,0.00050000
16.412037,1.00259913,0.00050000
16.414352,1.00347249,0.00050000
16.416667,1.00313925,0.00050000
16.418981,1.00237338,0.00050000
16.421296,1.00253877,0.00050000
16.423611,1.00307168,0.00050000
16.425926,1.00367527,0.00050000
16.428241,1.00264797,0.00050000
16.430556,1.00355707,0.00050000
16.432870,1.00294986,0.00050000
16.435185,1.00250881,0.00050000
16.437500,1.00351977,0.00050000
16.439815,1.00242084,0.00050000
16.442130,1.00276943,0.00050000
16.444444,1.00181832,0.00050000
16.446759,1.00269860,0.00050000
16.449074,1.00326363,0.00050000
16.451389,1.00224025,0.00050000
16.453704,1.00210306,0.00050000
16.456019,1.00362896,0.00050000
16.458333,1.00317894,0.00050000
16.460648,1.00249258,0.00050000
16.462963,1.00282266,0.00050000
16.465278,1.00380902,0.00050000
16.467593,1.00227249,0.00050000
16.469907,1.00334087,0.00050000
16.472222,1.00312601,0.00050000
16.474537,1.00303509,0.00050000
16.476852,1.00281439,0.00050000
16.479167,1.00324126,0.00050000
16.481481,1.00239671,0.00050000
16.483796,1.00289825,0.00050000
16.486111,1.00352884,0.00050000
16.488426,1.00277064,0.00050000
16.490741,1.00292677,0.00050000
16.493056,1.00329361,0.00050000
16.495370,1.00203257,0.00050000
16.497685,1.00180754,0.00050000
16.500000,1.00353662,0.00050000
16.502315,1.00300493,0.00050000
16.504630,1.00309161,0.00050000
16.506944,1.00262820,0.00050000
16.509259,1.00287626,0.00050000
16.511574,1.00323765,0.00050000
16.513889,1.00279967,0.00050000
16.516204,1.00256236,0.00050000
16.518519,1.00239414,0.00050000
16.520833,1.00208629,0.00050000
16.523148,1.00162291,0.00050000
16.525463,1.00262820,0.00050000
16.527778,1.00260313,0.00050000
16.530093,1.00405309,0.00050000
16.532407,1.00251446,0.00050000
16.534722,1.00225713,0.00050000
16.537037,1.00375734,0.00050000
16.539352,1.00245611,0.00050000
16.541667,1.00265076,0.00050000
16.543981,1.00331005,0.00050000
16.546296,1.00332214,0.00050000
16.548611,1.00332700,0.00050000
16.550926,1.00315617,0.00050000
16.553241,1.00235707,0.00050000
16.555556,1.00250198,0.00050000
16.557870,1.00259264,0.00050000
16.560185,1.00313691,0.00050000
16.562500,1.00269742,0.00050000
16.564815,1.00336404,0.00050000
16.567130,1.00295558,0.00050000
16.569444,1.00299645,0.00050000
16.571759,1.00172514,0.00050000
16.574074,1.00290978,0.00050000
16.576389,1.00231340,0.00050000
16.578704,1.00327186,0.00050000
16.581019,1.00274383,0.00050000
16.583333,1.00319131,0.00050000
16.585648,1.00315736,0.00050000
16.587963,1.00254877,0.00050000
16.590278,1.00246941,0.00050000
16.592593,1.00335565,0.00050000
16.594907,1.00349050,0.00050000
16.597222,1.00242483,0.00050000
16.599537,1.00201807,0.00050000
16.601852,1.00325067,0.00050000
16.604167,1.00209827,0.00050000
16.606481,1.00279348,0.00050000
16.608796,1.00177718,0.00050000
16.611111,1.00335338,0.00050000
16.613426,1.00300190,0.00050000
16.615741,1.00261093,0.00050000
16.618056,1.00219236,0.00050000
16.620370,1.00141072,0.00050000
16.622685,1.00275990,0.00050000
16.625000,1.00313779,0.00050000
16.627315,1.00291342,0.00050000
16.629630,1.00214289,0.00050000
16.631944,1.00316343,0.00050000
16.634259,1.00296538,0.00050000
16.636574,1.00199982,0.00050000
16.638889,1.00193735,0.00050000
16.641204,1.00230073,0.00050000
16.643519,1.00339940,0.00050000
16.645833,1.00246820,0.00050000
16.648148,1.00366230,0.00050000
16.650463,1.00341025,0.00050000
16.652778,1.00194083,0.00050000
16.655093,1.00265235,0.00050000
16.657407,1.00444169,0.00050000
16.659722,1.00277452,0.00050000
16.662037,1.00313299,0.00050000
16.664352,1.00295558,0.00050000
16.666667,1.00263459,0.00050000
16.668981,1.00240096,0.00050000
16.671296,1.00290881,0.00050000
16.673611,1.00298345,0.00050000
16.675926,1.00306488,0.00050000
16.678241,1.00318707,0.00050000
16.680556,1.00220510,0.00050000
16.682870,1.00228692,0.00050000
16.685185,1.00313607,0.00050000
16.687500,1.00282937,0.00050000
16.689815,1.00178425,0.00050000
16.692130,1.00225805,0.00050000
16.694444,1.00393094,0.00050000
16.696759,1.00255641,0.00050000
16.699074,1.00259472,0.00050000
16.701389,1.00290952,0.00050000
16.703704,1.00296754,0.00050000
16.706019,1.00202634,0.00050000
16.708333,1.00236932,0.00050000
16.710648,1.00349583,0.00050000
16.712963,1.00222557,0.00050000
16.715278,1.00274195,0.00050000
16.717593,1.00343202,0.00050000
16.719907,1.00265370,0.00050000
16.722222,1.00266541,0.00050000
16.724537,1.00224653,0.00050000
16.726852,1.00231404,0.00050000
16.729167,1.00326414,0.00050000
16.731481,1.00298486,0.00050000
16.733796,1.00282260,0.00050000
16.736111,1.00243972,0.00050000
16.738426,1.00350963,0.00050000
16.740741,1.00357112,0.00050000
16.743056,1.00275968,0.00050000
16.745370,1.00225502,0.00050000
16.747685,1.00212592,0.00050000
16.750000,1.00381156,0.00050000
16.752315,1.00396803,0.00050000
16.754630,1.00233710,0.00050000
16.756944,1.00276124,0.00050000
16.759259,1.00164284,0.00050000
16.761574,1.00224642,0.00050000
16.763889,1.00361623,0.00050000
16.766204,1.00304410,0.00050000
16.768519,1.00306697,0.00050000
16.770833,1.00247530,0.00050000
16.773148,1.00211716,0.00050000
16.775463,1.00247520,0.00050000
16.777778,1.00319851,0.00050000
16.780093,1.00282536,0.00050000
16.782407,1.00295429,0.00050000
16.784722,1.00295236,0.00050000
16.787037,1.00224646,0.00050000
16.789352,1.00267735,0.00050000
16.791667,1.00215317,0.00050000
16.793981,1.00207318,0.00050000
16.796296,1.00285096,0.00050000
16.798611,1.00193607,0.00050000
16.800926,1.00335454,0.00050000
16.803241,1.00270572,0.00050000
16.805556,1.00191068,0.00050000
16.807870,1.00229604,0.00050000
16.810185,1.00203486,0.00050000
16.812500,1.00305963,0.00050000
16.814815,1.00286581,0.00050000
16.817130,1.00260261,0.00050000
16.819444,1.00341140,0.00050000
16.821759,1.00259396,0.00050000
16.824074,1.00244232,0.00050000
16.826389,1.00209771,0.00050000
16.828704,1.00195312,0.00050000
16.831019,1.00275149,0.00050000
16.833333,1.00296535,0.00050000
16.835648,1.00250572,0.00050000
16.837963,1.00269290,0.00050000
16.840278,1.00257393,0.00050000
16.842593,1.00340193,0.00050000
16.844907,1.00264728,0.00050000
16.847222,1.00312008,0.00050000
16.849537,1.00243890,0.00050000
16.851852,1.00209559,0.00050000
16.854167,1.00173543,0.00050000
16.856481,1.00196540,0.00050000
16.858796,1.00271892,0.00050000
16.861111,1.00199816,0.00050000
16.863426,1.00304929,0.00050000
16.865741,1.00229542,0.00050000
16.868056,1.00154949,0.00050000
16.870370,1.00256965,0.00050000
16.872685,1.00222790,0.00050000
16.875000,1.00341862,0.00050000
16.877315,1.00281631,0.00050000
16.879630,1.00195615,0.00050000
16.881944,1.00250504,0.00050000
16.884259,1.00173816,0.00050000
16.886574,1.00167118,0.00050000
16.888889,1.00240884,0.00050000
16.891204,1.00270965,0.00050000
16.893519,1.00218878,0.00050000
16.895833,1.00301453,0.00050000
16.898148,1.00151459,0.00050000
16.900463,1.00270922,0.00050000
16.902778,1.00254847,0.00050000
16.905093,1.00167010,0.00050000
16.907407,1.00263467,0.00050000
16.909722,1.00225725,0.00050000
16.912037,1.00300605,0.00050000
16.914352,1.00161821,0.00050000
16.916667,1.00273963,0.00050000
16.918981,1.00225345,0.00050000
16.921296,1.00316236,0.00050000
16.923611,1.00368350,0.00050000
16.925926,1.00219600,0.00050000
16.928241,1.00224245,0.00050000
16.930556,1.00232875,0.00050000
16.932870,1.00233305,0.00050000
16.935185,1.00287529,0.00050000
16.937500,1.00208491,0.00050000
16.939815,1.00197891,0.00050000
16.942130,1.00232792,0.00050000
16.944444,1.00234863,0.00050000
16.946759,1.00307335,0.00050000
16.949074,1.00207057,0.00050000
16.951389,1.00203617,0.00050000
16.953704,1.00262798,0.00050000
16.956019,1.00259354,0.00050000
16.958333,1.00181513,0.00050000
16.960648,1.00213946,0.00050000
16.962963,1.00162680,0.00050000
16.965278,1.00269303,0.00050000
16.967593,1.00188725,0.00050000
16.969907,1.00195926,0.00050000
16.972222,1.00208720,0.00050000
16.974537,1.00182719,0.00050000
16.976852,1.00230822,0.00050000
16.979167,1.00271992,0.00050000
16.981481,1.00241632,0.00050000
16.983796,1.00333729,0.00050000
16.986111,1.00233580,0.00050000
16.988426,1.00141750,0.00050000
16.990741,1.00223691,0.00050000
16.993056,1.00194843,0.00050000
16.995370,1.00272007,0.00050000
16.997685,1.00213425,0.00050000
17.000000,1.00241601,0.00050000
17.002315,1.00153341,0.00050000
17.004630,1.00187260,0.00050000
17.006944,1.00229555,0.00050000
17.009259,1.00205089,0.00050000
17.011574,1.00222494,0.00050000
17.013889,1.00302949,0.00050000
17.016204,1.00158272,0.00050000
17.018519,1.00159515,0.00050000
17.020833,1.00285946,0.00050000
17.023148,1.00230641,0.00050000
17.025463,1.00184378,0.00050000
17.027778,1.00238189,0.00050000
17.030093,1.00265064,0.00050000
17.032407,1.00181430,0.00050000
17.034722,1.00264214,0.00050000
17.037037,1.00209932,0.00050000
17.039352,1.00287599,0.00050000
17.041667,1.00106575,0.00050000
17.043981,1.00310124,0.00050000
17.046296,1.00210950,0.00050000
17.048611,1.00274680,0.00050000
17.050926,1.00185413,0.00050000
17.053241,1.00240035,0.00050000
17.055556,1.00270186,0.00050000
17.057870,1.00219127,0.00050000
17.060185,1.00193747,0.00050000
17.062500,1.00177152,0.00050000
17.064815,1.00177128,0.00050000
17.067130,1.00252517,0.00050000
17.069444,1.00164143,0.00050000
17.071759,1.00247233,0.00050000
17.074074,1.00213337,0.00050000
17.076389,1.00199398,0.00050000
17.078704,1.00175618,0.00050000
17.081019,1.00186504,0.00050000
17.083333,1.00108019,0.00050000
17.085648,1.00240046,0.00050000
17.087963,1.00185379,0.00050000
17.090278,1.00269526,0.00050000
17.092593,1.00168357,0.00050000
17.094907,1.00166158,0.00050000
17.097222,1.00203531,0.00050000
17.099537,1.00185971,0.00050000
17.101852,1.00147677,0.00050000
17.104167,1.00102726,0.00050000
17.106481,1.00161799,0.00050000
17.108796,1.00172259,0.00050000
17.111111,1.00238195,0.00050000
17.113426,1.00240053,0.00050000
17.115741,1.00151158,0.00050000
17.118056,1.00240740,0.00050000
17.120370,1.00149935,0.00050000
17.122685,1.00166424,0.00050000
17.125000,1.00178741,0.00050000
17.127315,1.00155258,0.00050000
17.129630,1.00237263,0.00050000
17.131944,1.00276777,0.00050000
17.134259,1.00147338,0.00050000
17.136574,1.00217577,0.00050000
17.138889,1.00197114,0.00050000
17.141204,1.00221638,0.00050000
17.143519,1.00168194,0.00050000
17.145833,1.00259203,0.00050000
17.148148,1.00229150,0.00050000
17.150463,1.00222775,0.00050000
17.152778,1.00298718,0.00050000
17.155093,1.00159929,0.00050000
17.157407,1.00191645,0.00050000
17.159722,1.00229309,0.00050000
17.162037,1.00245027,0.00050000
17.164352,1.00197125,0.00050000
17.166667,1.00226027,0.00050000
17.168981,1.00265564,0.00050000
17.171296,1.00182496,0.00050000
17.173611,1.00178545,0.00050000
17.175926,1.00194275,0.00050000
17.178241,1.00066810,0.00050000
17.180556,1.00218818,0.00050000
17.182870,1.00216580,0.00050000
17.185185,1.00288091,0.00050000
17.187500,1.00118936,0.00050000
17.189815,1.00203318,0.00050000
17.192130,1.00208387,0.00050000
17.194444,1.00221703,0.00050000
17.196759,1.00126163,0.00050000
17.199074,1.00030962,0.00050000
17.201389,1.00187229,0.00050000
17.203704,1.00197474,0.00050000
17.206019,1.00197049,0.00050000
17.208333,1.00149243,0.00050000
17.210648,1.00140911,0.00050000
17.212963,1.00177008,0.00050000
17.215278,1.00134483,0.00050000
17.217593,1.00133675,0.00050000
17.219907,1.00194068,0.00050000
17.222222,1.00207693,0.00050000
17.224537,1.00124139,0.00050000
17.226852,1.00087233,0.00050000
17.229167,1.00127133,0.00050000
17.231481,1.00212232,0.00050000
17.233796,1.00161399,0.00050000
17.236111,1.00211202,0.00050000
17.238426,1.00207139,0.00050000
17.240741,1.00233785,0.00050000
17.243056,1.00157669,0.00050000
17.245370,1.00180652,0.00050000
17.247685,1.00217310,0.00050000
17.250000,1.00151881,0.00050000
17.252315,1.00124142,0.00050000
17.254630,1.00227520,0.00050000
17.256944,1.00247630,0.00050000
17.259259,1.00128202,0.00050000
17.261574,1.00197410,0.00050000
17.263889,1.00192905,0.00050000
17.266204,1.00181033,0.00050000
17.268519,1.00150049,0.00050000
17.270833,1.00126917,0.00050000
17.273148,1.00108841,0.00050000
17.275463,1.00216370,0.00050000
17.277778,1.00166952,0.00050000
17.280093,1.00195427,0.00050000
17.282407,1.00075216,0.00050000
17.284722,1.00214813,0.00050000
17.287037,1.00212745,0.00050000
17.289352,1.00179086,0.00050000
17.291667,1.00267214,0.00050000
17.293981,1.00173953,0.00050000
17.296296,1.00170795,0.00050000
17.298611,1.00114945,0.00050000
17.300926,1.00129390,0.00050000
17.303241,1.00184698,0.00050000
17.305556,1.00176565,0.00050000
17.307870,1.00218275,0.00050000
17.310185,1.00129718,0.00050000
17.312500,1.00183541,0.00050000
17.314815,1.00112079,0.00050000
17.317130,1.00148586,0.00050000
17.319444,1.00125336,0.00050000
17.321759,1.00044825,0.00050000
17.324074,1.00194863,0.00050000
17.326389,1.00109209,0.00050000
17.328704,1.00110016,0.00050000
17.331019,1.00161099,0.00050000
17.333333,1.00094809,0.00050000
17.335648,1.00104929,0.00050000
17.337963,1.00023112,0.00050000
17.340278,1.00149949,0.00050000
17.342593,1.00182335,0.00050000
17.344907,1.00127442,0.00050000
17.347222,1.00204190,0.00050000
17.349537,1.00221929,0.00050000
17.351852,1.00182099,0.00050000
17.354167,1.00131686,0.00050000
17.356481,1.00182931,0.00050000
17.358796,1.00182807,0.00050000
17.361111,1.00152720,0.00050000
17.363426,1.00201151,0.00050000
17.365741,1.00166642,0.00050000
17.368056,1.00083955,0.00050000
17.370370,1.00130685,0.00050000
17.372685,1.00147711,0.00050000
17.375000,1.00080791,0.00050000
17.377315,1.00069638,0.00050000
17.379630,1.00144763,0.00050000
17.381944,1.00164669,0.00050000
17.384259,1.00088593,0.00050000
17.386574,1.00164443,0.00050000
17.388889,1.00090071,0.00050000
17.391204,1.00076390,0.00050000
17.393519,1.00182120,0.00050000
17.395833,1.00143963,0.00050000
17.398148,1.00044660,0.00050000
17.400463,1.00053483,0.00050000
17.402778,1.00138169,0.00050000
17.405093,1.00089472,0.00050000
17.407407,1.00090064,0.00050000
17.409722,1.00062502,0.00050000
17.412037,1.00118264,0.00050000
17.414352,1.00246379,0.00050000
17.416667,1.00048706,0.00050000
17.418981,1.00212721,0.00050000
17.421296,1.00084902,0.00050000
17.423611,1.00068147,0.00050000
17.425926,1.00170604,0.00050000
17.428241,1.00114979,0.00050000
17.430556,1.00112631,0.00050000
17.432870,1.00182265,0.00050000
17.435185,1.00224912,0.00050000
17.437500,1.00143961,0.00050000
17.439815,1.00070430,0.00050000
17.442130,1.00068983,0.00050000
17.444444,1.00117193,0.00050000
17.446759,1.00172317,0.00050000
17.449074,1.00142299,0.00050000
17.451389,1.00134812,0.00050000
17.453704,1.00176156,0.00050000
17.456019,1.00008858,0.00050000
17.458333,1.00163472,0.00050000
17.460648,1.00122070,0.00050000
17.462963,1.00118485,0.00050000
17.465278,1.00138409,0.00050000
17.467593,1.00102145,0.00050000
17.469907,1.00062243,0.00050000
17.472222,1.00015470,0.00050000
17.474537,1.00132144,0.00050000
17.476852,1.00053693,0.00050000
17.479167,1.00109538,0.00050000
17.481481,1.00028097,0.00050000
17.483796,1.00111039,0.00050000
17.486111,1.00136520,0.00050000
17.488426,1.00092941,0.00050000
17.490741,1.00131891,0.00050000
17.493056,1.00073996,0.00050000
17.495370,1.00085957,0.00050000
17.497685,1.00119615,0.00050000
17.500000,1.00109843,0.00050000
17.502315,1.00132991,0.00050000
17.504630,1.00115062,0.00050000
17.506944,1.00157511,0.00050000
17.509259,1.00190433,0.00050000
17.511574,1.00139983,0.00050000
17.513889,1.00155483,0.00050000
17.516204,1.00125289,0.00050000
17.518519,1.00053947,0.00050000
17.520833,1.00148887,0.00050000
17.523148,1.00149067,0.00050000
17.525463,1.00049791,0.00050000
17.527778,1.00096072,0.00050000
17.530093,1.00026523,0.00050000
17.532407,1.00119450,0.00050000
17.534722,1.00177457,0.00050000
17.537037,1.00110027,0.00050000
17.539352,1.00066378,0.00050000
17.541667,1.00155419,0.00050000
17.543981,1.00126798,0.00050000
17.546296,1.00109867,0.00050000
17.548611,1.00140620,0.00050000
17.550926,1.00087602,0.00050000
17.553241,1.00152434,0.00050000
17.555556,0.99992131,0.00050000
17.557870,1.00123272,0.00050000
17.560185,1.00055122,0.00050000
17.562500,1.00114161,0.00050000
17.564815,1.00055413,0.00050000
17.567130,1.00012612,0.00050000
17.569444,1.00119068,0.00050000
17.571759,1.00025381,0.00050000
17.574074,0.99970355,0.00050000
17.576389,1.00079452,0.00050000
17.578704,1.00156520,0.00050000
17.581019,1.00178817,0.00050000
17.583333,1.00166230,0.00050000
17.585648,0.99993370,0.00050000
17.587963,1.00085115,0.00050000
17.590278,1.00037931,0.00050000
17.592593,1.00096497,0.00050000
17.594907,0.99990285,0.00050000
17.597222,1.00116824,0.00050000
17.599537,1.00094397,0.00050000
17.601852,1.00148360,0.00050000
17.604167,1.00144468,0.00050000
17.606481,1.00087839,0.00050000
17.608796,1.00001459,0.00050000
17.611111,1.00110446,0.00050000
17.613426,1.00047704,0.00050000
17.615741,1.00082621,0.00050000
17.618056,1.00139013,0.00050000
17.620370,0.99982435,0.00050000
17.622685,1.00064007,0.00050000
17.625000,1.00027936,0.00050000
17.627315,1.00088271,0.00050000
17.629630,1.00099036,0.00050000
17.631944,1.00092280,0.00050000
17.634259,1.00096070,0.00050000
17.636574,1.00034047,0.00050000
17.638889,1.00044064,0.00050000
17.641204,1.00068935,0.00050000
17.643519,1.00082463,0.00050000
17.645833,1.00066365,0.00050000
17.648148,1.00024407,0.00050000
17.650463,1.00054195,0.00050000
17.652778,1.00078605,0.00050000
17.655093,1.00012163,0.00050000
17.657407,1.00022092,0.00050000
17.659722,1.00093011,0.00050000
17.662037,1.00182204,0.00050000
17.664352,1.00075202,0.00050000
17.666667,1.00010704,0.00050000
17.668981,1.00145952,0.00050000
17.671296,1.00092832,0.00050000
17.673611,1.00013376,0.00050000
17.675926,1.00078868,0.00050000
17.678241,1.00084205,0.00050000
17.680556,1.00115282,0.00050000
17.682870,1.00015965,0.00050000
17.685185,1.00114990,0.00050000
17.687500,1.00041865,0.00050000
17.689815,1.00075078,0.00050000
17.692130,0.99999001,0.00050000
17.694444,1.00121595,0.00050000
17.696759,1.00070128,0.00050000
17.699074,1.00014095,0.00050000
17.701389,1.00079498,0.00050000
17.703704,1.00093117,0.00050000
17.706019,1.00104347,0.00050000
17.708333,1.00098257,0.00050000
17.710648,0.99960788,0.00050000
17.712963,0.99999828,0.00050000
17.715278,1.00049738,0.00050000
17.717593,1.00061921,0.00050000
17.719907,0.99989823,0.00050000
17.722222,1.00105342,0.00050000
17.724537,1.00074091,0.00050000
17.726852,0.99959996,0.00050000
17.729167,0.99987708,0.00050000
17.731481,1.00108098,0.00050000
17.733796,0.99956194,0.00050000
17.736111,1.00152171,0.00050000
17.738426,1.00129268,0.00050000
17.740741,0.99982931,0.00050000
17.743056,1.00065532,0.00050000
17.745370,1.00096717,0.00050000
17.747685,0.99973533,0.00050000
17.750000,0.99946910,0.00050000
17.752315,1.00118068,0.00050000
17.754630,1.00028438,0.00050000
17.756944,0.99954241,0.00050000
17.759259,1.00094174,0.00050000
17.761574,1.00092813,0.00050000
17.763889,1.00059260,0.00050000
17.766204,1.00032728,0.00050000
17.768519,0.99986718,0.00050000
17.770833,0.99950236,0.00050000
17.773148,1.00072949,0.00050000
17.775463,1.00058343,0.00050000
17.777778,0.99959062,0.00050000
17.780093,0.99985215,0.00050000
17.782407,0.99989422,0.00050000
17.784722,1.00006576,0.00050000
17.787037,1.00024310,0.00050000
17.789352,1.00102302,0.00050000
17.791667,1.00031417,0.00050000
17.793981,1.00083228,0.00050000
17.796296,1.00031728,0.00050000
17.798611,1.00076403,0.00050000
17.800926,1.00018767,0.00050000
17.803241,1.00072372,0.00050000
17.805556,0.99987396,0.00050000
17.807870,0.99937017,0.00050000
17.810185,1.00077153,0.00050000
17.812500,0.99958099,0.00050000
17.814815,0.99964405,0.00050000
17.817130,1.00097610,0.00050000
17.819444,1.00004315,0.00050000
17.821759,1.00024767,0.00050000
17.824074,1.00034284,0.00050000
17.826389,1.00045468,0.00050000
17.828704,1.00069853,0.00050000
17.831019,1.00005293,0.00050000
17.833333,0.99970110,0.00050000
17.835648,1.00066946,0.00050000
17.837963,1.00010719,0.00050000
17.840278,0.99990347,0.00050000
17.842593,1.00047968,0.00050000
17.844907,1.00051035,0.00050000
17.847222,1.00025284,0.00050000
17.849537,0.99907864,0.00050000
17.851852,1.00118938,0.00050000
17.854167,1.00010066,0.00050000
17.856481,0.99940262,0.00050000
17.858796,1.00039812,0.00050000
17.861111,1.00077832,0.00050000
17.863426,1.00070131,0.00050000
17.865741,1.00030308,0.00050000
17.868056,1.00033986,0.00050000
17.870370,0.99918220,0.00050000
17.872685,0.99870202,0.00050000
17.875000,1.00071540,0.00050000
17.877315,1.00018957,0.00050000
17.879630,1.00017656,0.00050000
17.881944,0.99926911,0.00050000
17.884259,1.00090298,0.00050000
17.886574,0.99972886,0.00050000
17.888889,1.00045406,0.00050000
17.891204,0.99931260,0.00050000
17.893519,0.99893026,0.00050000
17.895833,1.00013064,0.00050000
17.898148,1.00027665,0.00050000
17.900463,0.99942898,0.00050000
17.902778,1.00124336,0.00050000
17.905093,0.99972716,0.00050000
17.907407,1.00069962,0.00050000
17.909722,1.00056392,0.00050000
17.912037,0.99925601,0.00050000
17.914352,1.00022360,0.00050000
17.916667,0.99954512,0.00050000
17.918981,1.00008157,0.00050000
17.921296,0.99991045,0.00050000
17.923611,1.00047060,0.00050000
17.925926,0.99959136,0.00050000
17.928241,1.00024214,0.00050000
17.930556,1.00034132,0.00050000
17.932870,1.00052392,0.00050000
17.935185,0.99953729,0.00050000
17.937500,1.00030350,0.00050000
17.939815,1.00031931,0.00050000
17.942130,1.00047980,0.00050000
17.944444,0.99873299,0.00050000
17.946759,0.99894269,0.00050000
17.949074,0.99891016,0.00050000
17.951389,0.99962340,0.00050000
17.953704,0.99923934,0.00050000
17.956019,0.99965770,0.00050000
17.958333,0.99974093,0.00050000
17.960648,1.00040105,0.00050000
17.962963,1.00032521,0.00050000
17.965278,0.99959619,0.00050000
17.967593,0.99976489,0.00050000
17.969907,0.99894604,0.00050000
17.972222,0.99952473,0.00050000
17.974537,0.99972295,0.00050000
17.976852,0.99956161,0.00050000
17.979167,1.00080871,0.00050000
17.981481,0.99853108,0.00050000
17.983796,0.99949928,0.00050000
17.986111,0.99978716,0.00050000
17.988426,1.00022127,0.00050000
17.990741,0.99996927,0.00050000
17.993056,0.99891621,0.00050000
17.995370,0.99927693,0.00050000
17.997685,1.00001572,0.00050000
18.000000,0.99982250,0.00050000
18.002315,1.00032222,0.00050000
18.004630,1.00004355,0.00050000
18.006944,0.99964109,0.00050000
18.009259,0.99956507,0.00050000
18.011574,1.00009869,0.00050000
18.013889,0.99937901,0.00050000
18.016204,0.99958909,0.00050000
18.018519,1.00030089,0.00050000
18.020833,0.99949910,0.00050000
18.023148,0.99994276,0.00050000
18.025463,0.99839987,0.00050000
18.027778,0.99929596,0.00050000
18.030093,0.99969671,0.00050000
18.032407,0.99995967,0.00050000
18.034722,0.99960287,0.00050000
18.037037,0.99970601,0.00050000
18.039352,0.99924315,0.00050000
18.041667,0.99962667,0.00050000
18.043981,1.00005085,0.00050000
18.046296,0.99917652,0.00050000
18.048611,0.99895199,0.00050000
18.050926,1.00015045,0.00050000
18.053241,1.00055899,0.00050000
18.055556,1.00034537,0.00050000
18.057870,0.99929865,0.00050000
18.060185,0.99949126,0.00050000
18.062500,0.99940912,0.00050000
18.064815,0.99989783,0.00050000
18.067130,1.00001668,0.00050000
18.069444,0.99924036,0.00050000
18.071759,0.99991766,0.00050000
18.074074,0.99979389,0.00050000
18.076389,1.00033935,0.00050000
18.078704,0.99951506,0.00050000
18.081019,0.99975722,0.00050000
18.083333,0.99869510,0.00050000
18.085648,0.99936099,0.00050000
18.087963,0.99989394,0.00050000
18.090278,0.99892778,0.00050000
18.092593,0.99914412,0.00050000
18.094907,0.99953278,0.00050000
18.097222,0.99937786,0.00050000
18.099537,0.99907725,0.00050000
18.101852,0.99925846,0.00050000
18.104167,0.99980480,0.00050000
18.106481,1.00024151,0.00050000
18.108796,0.99999062,0.00050000
18.111111,0.99967499,0.00050000
18.113426,1.00020308,0.00050000
18.115741,0.99874390,0.00050000
18.118056,1.00008293,0.00050000
18.120370,0.99955031,0.00050000
18.122685,0.99945375,0.00050000
18.125000,0.99917324,0.00050000
18.127315,0.99948478,0.00050000
18.129630,0.99971074,0.00050000
18.131944,0.99914833,0.00050000
18.134259,0.99900060,0.00050000
18.136574,0.99968497,0.00050000
18.138889,1.00023647,0.00050000
18.141204,1.00003744,0.00050000
18.143519,1.00001689,0.00050000
18.145833,0.99911858,0.00050000
18.148148,0.99920296,0.00050000
18.150463,0.99924489,0.00050000
18.152778,1.00039165,0.00050000
18.155093,0.99920382,0.00050000
18.157407,1.00001939,0.00050000
18.159722,0.99983382,0.00050000
18.162037,0.99899302,0.00050000
18.164352,0.99964309,0.00050000
18.166667,1.00010083,0.00050000
18.168981,0.99975615,0.00050000
18.171296,0.99953816,0.00050000
18.173611,0.99995501,0.00050000
18.175926,0.99869264,0.00050000
18.178241,0.99913939,0.00050000
18.180556,0.99941283,0.00050000
18.182870,0.99975161,0.00050000
18.185185,1.00000693,0.00050000
18.187500,0.99906785,0.00050000
18.189815,0.99940062,0.00050000
18.192130,0.99998068,0.00050000
18.194444,0.99994496,0.00050000
18.196759,0.99904843,0.00050000
18.199074,0.99888858,0.00050000
18.201389,0.99916617,0.00050000
18.203704,0.99952364,0.00050000
18.206019,0.99812679,0.00050000
18.208333,1.00004107,0.00050000
18.210648,0.99922160,0.00050000
18.212963,0.99983997,0.00050000
18.215278,1.00005910,0.00050000
18.217593,0.99910336,0.00050000
18.219907,0.99856832,0.00050000
18.222222,0.99845143,0.00050000
18.224537,1.00012639,0.00050000
18.226852,0.99895922,0.00050000
18.229167,0.99926476,0.00050000
18.231481,0.99859119,0.00050000
18.233796,0.99901196,0.00050000
18.236111,0.99940643,0.00050000
18.238426,0.99952434,0.00050000
18.240741,0.99924854,0.00050000
18.243056,0.99873971,0.00050000
18.245370,0.99913733,0.00050000
18.247685,0.99910141,0.00050000
18.250000,0.99984668,0.00050000
18.252315,0.99893394,0.00050000
18.254630,0.99860322,0.00050000
18.256944,0.99942845,0.00050000
18.259259,0.99876138,0.00050000
18.261574,0.99987150,0.00050000
18.263889,0.99986936,0.00050000
18.266204,0.99901617,0.00050000
18.268519,0.99900180,0.00050000
18.270833,0.99952584,0.00050000
18.273148,0.99837433,0.00050000
18.275463,0.99971083,0.00050000
18.277778,0.99984820,0.00050000
18.280093,0.99929896,0.00050000
18.282407,0.99922446,0.00050000
18.284722,0.99885244,0.00050000
18.287037,0.99873877,0.00050000
18.289352,0.99935895,0.00050000
18.291667,0.99931676,0.00050000
18.293981,0.99886518,0.00050000
18.296296,0.99966120,0.00050000
18.298611,0.99896601,0.00050000
18.300926,0.99963564,0.00050000
18.303241,0.99864568,0.00050000
18.305556,0.99930299,0.00050000
18.307870,0.99944809,0.00050000
18.310185,0.99962887,0.00050000
18.312500,0.99897698,0.00050000
18.314815,0.99914327,0.00050000
18.317130,0.99918033,0.00050000
18.319444,0.99967087,0.00050000
18.321759,0.99866627,0.00050000
18.324074,0.99899738,0.00050000
18.326389,0.99820772,0.00050000
18.328704,0.99992080,0.00050000
18.331019,0.99918951,0.00050000
18.333333,0.99891828,0.00050000
18.335648,0.99902616,0.00050000
18.337963,0.99946708,0.00050000
18.340278,0.99891451,0.00050000
18.342593,0.99920612,0.00050000
18.344907,0.99834444,0.00050000
18.347222,0.99842634,0.00050000
18.349537,0.99964349,0.00050000
18.351852,0.99907704,0.00050000
18.354167,0.99823842,0.00050000
18.356481,0.99909486,0.00050000
18.358796,0.99942852,0.00050000
18.361111,0.99981589,0.00050000
18.363426,0.99863831,0.00050000
18.365741,0.99911413,0.00050000
18.368056,0.99861399,0.00050000
18.370370,0.99816684,0.00050000
18.372685,0.99851303,0.00050000
18.375000,0.99897940,0.00050000
18.377315,0.99873372,0.00050000
18.379630,0.99886875,0.00050000
18.381944,0.99873920,0.00050000
18.384259,0.99909223,0.00050000
18.386574,1.00010847,0.00050000
18.388889,0.99926470,0.00050000
18.391204,0.99948408,0.00050000
18.393519,0.99996379,0.00050000
18.395833,0.99827278,0.00050000
18.398148,0.99835216,0.00050000
18.400463,0.99855395,0.00050000
18.402778,0.99830804,0.00050000
18.405093,0.99949785,0.00050000
18.407407,0.99835261,0.00050000
18.409722,0.99861018,0.00050000
18.412037,0.99942426,0.00050000
18.414352,0.99851594,0.00050000
18.416667,0.99906632,0.00050000
18.418981,0.99934743,0.00050000
18.421296,0.99859857,0.00050000
18.423611,0.99952404,0.00050000
18.425926,0.99925575,0.00050000
18.428241,0.99913567,0.00050000
18.430556,0.99884578,0.00050000
18.432870,0.99842986,0.00050000
18.435185,0.99988322,0.00050000
18.437500,0.99862381,0.00050000
18.439815,0.99877414,0.00050000
18.442130,0.99884325,0.00050000
18.444444,0.99881640,0.00050000
18.446759,0.99918035,0.00050000
18.449074,0.99850260,0.00050000
18.451389,0.99887251,0.00050000
18.453704,0.99936825,0.00050000
18.456019,0.99834302,0.00050000
18.458333,0.99886014,0.00050000
18.460648,0.99824094,0.00050000
18.462963,0.99879582,0.00050000
18.465278,0.99898228,0.00050000
18.467593,0.99844134,0.00050000
18.469907,0.99980575,0.00050000
18.472222,0.99814218,0.00050000
18.474537,0.99943632,0.00050000
18.476852,0.99876716,0.00050000
18.479167,0.99900183,0.00050000
18.481481,0.99834581,0.00050000
18.483796,0.99913909,0.00050000
18.486111,0.99904553,0.00050000
18.488426,0.99800663,0.00050000
18.490741,0.99874062,0.00050000
18.493056,0.99870532,0.00050000
18.495370,0.99924235,0.00050000
18.497685,0.99820008,0.00050000
18.500000,0.99918157,0.00050000
18.502315,0.99897289,0.00050000
18.504630,0.99957054,0.00050000
18.506944,0.99813446,0.00050000
18.509259,0.99928475,0.00050000
18.511574,0.99744500,0.00050000
18.513889,0.99813650,0.00050000
18.516204,0.99862418,0.00050000
18.518519,0.99820074,0.00050000
18.520833,0.99915315,0.00050000
18.523148,0.99852036,0.00050000
18.525463,0.99881328,0.00050000
18.527778,0.99874518,0.00050000
18.530093,0.99911375,0.00050000
18.532407,0.99840548,0.00050000
18.534722,0.99927124,0.00050000
18.537037,0.99865855,0.00050000
18.539352,0.99896982,0.00050000
18.541667,0.99905705,0.00050000
18.543981,0.99900590,0.00050000
18.546296,0.99835294,0.00050000
18.548611,0.99846413,0.00050000
18.550926,0.99844409,0.00050000
18.553241,0.99885721,0.00050000
18.555556,0.99883477,0.00050000
18.557870,0.99764366,0.00050000
18.560185,0.99769033,0.00050000
18.562500,0.99910718,0.00050000
18.564815,0.99814643,0.00050000
18.567130,0.99894173,0.00050000
18.569444,0.99831492,0.00050000
18.571759,0.99890448,0.00050000
18.574074,0.99884187,0.00050000
18.576389,0.99817443,0.00050000
18.578704,0.99928734,0.00050000
18.581019,0.99929082,0.00050000
18.583333,0.99897123,0.00050000
18.585648,0.99778368,0.00050000
18.587963,0.99831936,0.00050000
18.590278,0.99893091,0.00050000
18.592593,0.99915679,0.00050000
18.594907,0.99826967,0.00050000
18.597222,0.99739344,0.00050000
18.599537,0.99816302,0.00050000
18.601852,0.99900600,0.00050000
18.604167,0.99826530,0.00050000
18.606481,0.99939047,0.00050000
18.608796,0.99850375,0.00050000
18.611111,0.99947500,0.00050000
18.613426,0.99808605,0.00050000
18.615741,0.99863545,0.00050000
18.618056,0.99903464,0.00050000
18.620370,0.99820674,0.00050000
18.622685,1.00037618,0.00050000
18.625000,0.99926221,0.00050000
18.627315,0.99843383,0.00050000
18.629630,0.99888763,0.00050000
18.631944,0.99847078,0.00050000
18.634259,0.99853552,0.00050000
18.636574,0.99929457,0.00050000
18.638889,0.99872941,0.00050000
18.641204,0.99947727,0.00050000
18.643519,0.99859904,0.00050000
18.645833,0.99906924,0.00050000
18.648148,0.99893367,0.00050000
18.650463,0.99921359,0.00050000
18.652778,0.99845704,0.00050000
18.655093,0.99884407,0.00050000
18.657407,0.99882139,0.00050000
18.659722,0.99788409,0.00050000
18.662037,0.99902271,0.00050000
18.664352,0.99876367,0.00050000
18.666667,0.99820904,0.00050000
18.668981,0.99895329,0.00050000
18.671296,0.99907051,0.00050000
18.673611,0.99838839,0.00050000
18.675926,0.99884145,0.00050000
18.678241,0.99929408,0.00050000
18.680556,0.99877141,0.00050000
18.682870,0.99862379,0.00050000
18.685185,0.99850059,0.00050000
18.687500,0.99811447,0.00050000
18.689815,0.99910418,0.00050000
18.692130,0.99851057,0.00050000
18.694444,0.99811627,0.00050000
18.696759,0.99712144,0.00050000
18.699074,0.99856403,0.00050000
18.701389,0.99823565,0.00050000
18.703704,0.99845487,0.00050000
18.706019,0.99856543,0.00050000
18.708333,0.99844579,0.00050000
18.710648,0.99876692,0.00050000
18.712963,0.99904832,0.00050000
18.715278,0.99833727,0.00050000
18.717593,0.99870761,0.00050000
18.719907,0.99827967,0.00050000
18.722222,0.99894605,0.00050000
18.724537,0.99843188,0.00050000
18.726852,0.99841567,0.00050000
18.729167,0.99869467,0.00050000
18.731481,0.99855006,0.00050000
18.733796,0.99824116,0.00050000
18.736111,0.99865953,0.00050000
18.738426,0.99888388,0.00050000
18.740741,0.99850040,0.00050000
18.743056,0.99824862,0.00050000
18.745370,0.99911839,0.00050000
18.747685,0.99856601,0.00050000
18.750000,0.99810416,0.00050000
18.752315,0.99806760,0.00050000
18.754630,0.99841848,0.00050000
18.756944,0.99909084,0.00050000
18.759259,0.99912792,0.00050000
18.761574,0.99886778,0.00050000
18.763889,0.99791690,0.00050000
18.766204,0.99832916,0.00050000
18.768519,0.99916541,0.00050000
18.770833,0.99892433,0.00050000
18.773148,0.99863413,0.00050000
18.775463,0.99891475,0.00050000
18.777778,0.99837867,0.00050000
18.780093,0.99869192,0.00050000
18.782407,0.99875514,0.00050000
18.784722,0.99811131,0.00050000
18.787037,0.99901316,0.00050000
18.789352,0.99832663,0.00050000
18.791667,0.99884062,0.00050000
18.793981,0.99802140,0.00050000
18.796296,0.99922542,0.00050000
18.798611,0.99960289,0.00050000
18.800926,0.99823367,0.00050000
18.803241,0.99885200,0.00050000
18.805556,0.99804249,0.00050000
18.807870,0.99943738,0.00050000
18.810185,0.99784432,0.00050000
18.812500,0.99833414,0.00050000
18.814815,0.99824362,0.00050000
18.817130,0.99934711,0.00050000
18.819444,0.99797728,0.00050000
18.821759,0.99867014,0.00050000
18.824074,0.99902955,0.00050000
18.826389,0.99863823,0.00050000
18.828704,0.99826149,0.00050000
18.831019,0.99863475,0.00050000
18.833333,0.99823262,0.00050000
18.835648,0.99880664,0.00050000
18.837963,0.99876432,0.00050000
18.840278,0.99859080,0.00050000
18.842593,0.99893799,0.00050000
18.844907,0.99826134,0.00050000
18.847222,0.99832534,0.00050000
18.849537,0.99859373,0.00050000
18.851852,0.99874184,0.00050000
18.854167,0.99824605,0.00050000
18.856481,0.99875023,0.00050000
18.858796,0.99877111,0.00050000
18.861111,0.99849690,0.00050000
18.863426,0.99838916,0.00050000
18.865741,0.99822486,0.00050000
18.868056,0.99910841,0.00050000
18.870370,0.99808929,0.00050000
18.872685,0.99926161,0.00050000
18.875000,0.99829388,0.00050000
18.877315,0.99771971,0.00050000
18.879630,0.99878090,0.00050000
18.881944,0.99852609,0.00050000
18.884259,0.99822318,0.00050000
18.886574,0.99837885,0.00050000
18.888889,0.99833379,0.00050000
18.891204,0.99877931,0.00050000
18.893519,0.99786622,0.00050000
18.895833,0.99793889,0.00050000
18.898148,0.99904246,0.00050000
18.900463,0.99870545,0.00050000
18.902778,0.99834290,0.00050000
18.905093,0.99918444,0.00050000
18.907407,0.99818709,0.00050000
18.909722,0.99947202,0.00050000
18.912037,0.99808148,0.00050000
18.914352,0.99858456,0.00050000
18.916667,0.99855440,0.00050000
18.918981,0.99917524,0.00050000
18.921296,0.99875032,0.00050000
18.923611,0.99869011,0.00050000
18.925926,0.99876317,0.00050000
18.928241,0.99892185,0.00050000
18.930556,0.99896226,0.00050000
18.932870,0.99814383,0.00050000
18.935185,0.99818904,0.00050000
18.937500,0.99856274,0.00050000
18.939815,0.99765555,0.00050000
18.942130,0.99760237,0.00050000
18.944444,0.99858629,0.00050000
18.946759,0.99863466,0.00050000
18.949074,0.99824984,0.00050000
18.951389,0.99804134,0.00050000
18.953704,0.99798475,0.00050000
18.956019,0.99852183,0.00050000
18.958333,0.99928055,0.00050000
18.960648,0.99824554,0.00050000
18.962963,0.99862787,0.00050000
18.965278,0.99837668,0.00050000
18.967593,0.99829071,0.00050000
18.969907,0.99881059,0.00050000
18.972222,0.99764846,0.00050000
18.974537,0.99814419,0.00050000
18.976852,0.99858011,0.00050000
18.979167,0.99847171,0.00050000
18.981481,0.99763222,0.00050000
18.983796,0.99927666,0.00050000
18.986111,0.99961476,0.00050000
18.988426,0.99811722,0.00050000
18.990741,0.99888550,0.00050000
18.993056,0.99865537,0.00050000
18.995370,0.99847100,0.00050000
18.997685,0.99776080,0.00050000
19.000000,0.99877303,0.00050000
19.002315,0.99859767,0.00050000
19.004630,0.99796241,0.00050000
19.006944,0.99890989,0.00050000
19.009259,0.99811576,0.00050000
19.011574,0.99897433,0.00050000
19.013889,0.99849316,0.00050000
19.016204,0.99821166,0.00050000
19.018519,0.99945260,0.00050000
19.020833,0.99913282,0.00050000
19.023148,0.99877873,0.00050000
19.025463,0.99798069,0.00050000
19.027778,0.99823874,0.00050000
19.030093,0.99870906,0.00050000
19.032407,0.99816646,0.00050000
19.034722,0.99810666,0.00050000
19.037037,0.99864874,0.00050000
19.039352,0.99857663,0.00050000
19.041667,0.99778859,0.00050000
19.043981,0.99884294,0.00050000
19.046296,0.99844812,0.00050000
19.048611,0.99945382,0.00050000
19.050926,0.99841112,0.00050000
19.053241,0.99836763,0.00050000
19.055556,0.99807514,0.00050000
19.057870,0.99874343,0.00050000
19.060185,0.99826489,0.00050000
19.062500,0.99848813,0.00050000
19.064815,0.99896241,0.00050000
19.067130,0.99912628,0.00050000
19.069444,0.99856285,0.00050000
19.071759,0.99830231,0.00050000
19.074074,0.99836851,0.00050000
19.076389,0.99792445,0.00050000
19.078704,0.99911042,0.00050000
19.081019,0.99875002,0.00050000
19.083333,0.99779303,0.00050000
19.085648,0.99784550,0.00050000
19.087963,0.99811633,0.00050000
19.090278,0.99922597,0.00050000
19.092593,0.99774531,0.00050000
19.094907,0.99839126,0.00050000
19.097222,0.99851312,0.00050000
19.099537,0.99790604,0.00050000
19.101852,0.99828717,0.00050000
19.104167,0.99919182,0.00050000
19.106481,0.99901551,0.00050000
19.108796,0.99772599,0.00050000
19.111111,0.99864139,0.00050000
19.113426,0.99843752,0.00050000
19.115741,0.99899100,0.00050000
19.118056,0.99783806,0.00050000
19.120370,0.99848297,0.00050000
19.122685,0.99878550,0.00050000
19.125000,0.99789452,0.00050000
19.127315,0.99842039,0.00050000
19.129630,0.99841447,0.00050000
19.131944,0.99865122,0.00050000
19.134259,0.99814635,0.00050000
19.136574,0.99974034,0.00050000
19.138889,0.99877289,0.00050000
19.141204,0.99792192,0.00050000
19.143519,0.99805553,0.00050000
19.145833,0.99790638,0.00050000
19.148148,0.99850108,0.00050000
19.150463,0.99848158,0.00050000
19.152778,0.99881615,0.00050000
19.155093,0.99861009,0.00050000
19.157407,0.99812004,0.00050000
19.159722,0.99823418,0.00050000
19.162037,0.99875012,0.00050000
19.164352,0.99883017,0.00050000
19.166667,0.99782284,0.00050000
19.168981,0.99821264,0.00050000
19.171296,0.99887267,0.00050000
19.173611,0.99815353,0.00050000
19.175926,0.99852449,0.00050000
19.178241,0.99804185,0.00050000
19.180556,0.99903182,0.00050000
19.182870,0.99831561,0.00050000
19.185185,0.99824398,0.00050000
19.187500,0.99870381,0.00050000
19.189815,0.99840815,0.00050000
19.192130,0.99862327,0.00050000
19.194444,0.99910104,0.00050000
19.196759,0.99848975,0.00050000
19.199074,0.99854081,0.00050000
19.201389,0.99925175,0.00050000
19.203704,0.99843183,0.00050000
19.206019,0.99840915,0.00050000
19.208333,0.99896231,0.00050000
19.210648,0.99790271,0.00050000
19.212963,0.99910437,0.00050000
19.215278,0.99843940,0.00050000
19.217593,0.99818873,0.00050000
19.219907,0.99829272,0.00050000
19.222222,0.99815506,0.00050000
19.224537,0.99886542,0.00050000
19.226852,0.99821896,0.00050000
19.229167,0.99748300,0.00050000
19.231481,0.99818290,0.00050000
19.233796,0.99884254,0.00050000
19.236111,0.99838676,0.00050000
19.238426,0.99818588,0.00050000
19.240741,0.99797169,0.00050000
19.243056,0.99907147,0.00050000
19.245370,0.99821999,0.00050000
19.247685,0.99879985,0.00050000
19.250000,0.99750933,0.00050000
19.252315,0.99836156,0.00050000
19.254630,0.99806622,0.00050000
19.256944,0.99836967,0.00050000
19.259259,0.99858207,0.00050000
19.261574,0.99829690,0.00050000
19.263889,0.99870209,0.00050000
19.266204,0.99907148,0.00050000
19.268519,0.99856530,0.00050000
19.270833,0.99794110,0.00050000
19.273148,0.99900412,0.00050000
19.275463,0.99817562,0.00050000
19.277778,0.99851512,0.00050000
19.280093,0.99905633,0.00050000
19.282407,0.99858491,0.00050000
19.284722,0.99845320,0.00050000
19.287037,0.99842532,0.00050000
19.289352,0.99792472,0.00050000
19.291667,0.99832489,0.00050000
19.293981,0.99792381,0.00050000
19.296296,0.99875296,0.00050000
19.298611,0.99830930,0.00050000
19.300926,0.99853791,0.00050000
19.303241,0.99906467,0.00050000
19.305556,0.99894973,0.00050000
19.307870,0.99869931,0.00050000
19.310185,0.99896545,0.00050000
19.312500,0.99890828,0.00050000
19.314815,0.99855404,0.00050000
19.317130,0.99887400,0.00050000
19.319444,0.99924879,0.00050000
19.321759,0.99843233,0.00050000
19.324074,0.99869221,0.00050000
19.326389,0.99777948,0.00050000
19.328704,0.99815175,0.00050000
19.331019,0.99862703,0.00050000
19.333333,0.99836486,0.00050000
19.335648,0.99869117,0.00050000
19.337963,0.99843657,0.00050000
19.340278,0.99848959,0.00050000
19.342593,0.99855574,0.00050000
19.344907,0.99827670,0.00050000
19.347222,0.99892057,0.00050000
19.349537,0.99823054,0.00050000
19.351852,0.99861409,0.00050000
19.354167,0.99922078,0.00050000
19.356481,0.99865858,0.00050000
19.358796,0.99829389,0.00050000
19.361111,0.99834452,0.00050000
19.363426,0.99888416,0.00050000
19.365741,0.99893815,0.00050000
19.368056,0.99826127,0.00050000
19.370370,0.99829891,0.00050000
19.372685,0.99960160,0.00050000
19.375000,0.99819689,0.00050000
19.377315,0.99936824,0.00050000
19.379630,0.99871439,0.00050000
19.381944,0.99830497,0.00050000
19.384259,0.99850268,0.00050000
19.386574,0.99844973,0.00050000
19.388889,0.99845166,0.00050000
19.391204,0.99881741,0.00050000
19.393519,0.99778882,0.00050000
19.395833,0.99916135,0.00050000
19.398148,0.99886378,0.00050000
19.400463,0.99824119,0.00050000
19.402778,0.99786508,0.00050000
19.405093,0.99948227,0.00050000
19.407407,0.99785420,0.00050000
19.409722,0.99880093,0.00050000
19.412037,0.99892804,0.00050000
19.414352,0.99805482,0.00050000
19.416667,0.99925174,0.00050000
19.418981,0.99788858,0.00050000
19.421296,0.99777760,0.00050000
19.423611,0.99803493,0.00050000
19.425926,0.99824819,0.00050000
19.428241,0.99935865,0.00050000
19.430556,0.99805952,0.00050000
19.432870,0.99961325,0.00050000
19.435185,0.99876457,0.00050000
19.437500,0.99917746,0.00050000
19.439815,0.99893745,0.00050000
19.442130,0.99830582,0.00050000
19.444444,0.99853513,0.00050000
19.446759,0.99891559,0.00050000
19.449074,0.99890011,0.00050000
19.451389,0.99968735,0.00050000
19.453704,0.99823890,0.00050000
19.456019,0.99802477,0.00050000
19.458333,0.99808560,0.00050000
19.460648,0.99803996,0.00050000
19.462963,0.99861355,0.00050000
19.465278,0.99887011,0.00050000
19.467593,0.99968344,0.00050000
19.469907,0.99876712,0.00050000
19.472222,0.99840573,0.00050000
19.474537,0.99878766,0.00050000
19.476852,0.99972256,0.00050000
19.479167,0.99846884,0.00050000
19.481481,0.99828919,0.00050000
19.483796,0.99897299,0.00050000
19.486111,0.99909680,0.00050000
19.488426,0.99910430,0.00050000
19.490741,0.99905297,0.00050000
19.493056,0.99924719,0.00050000
19.495370,0.99966589,0.00050000
19.497685,0.99967929,0.00050000
19.500000,0.99927355,0.00050000
19.502315,0.99895289,0.00050000
19.504630,0.99835658,0.00050000
19.506944,0.99845345,0.00050000
19.509259,0.99808237,0.00050000
19.511574,0.99848524,0.00050000
19.513889,0.99885269,0.00050000
19.516204,0.99919678,0.00050000
19.518519,0.99818084,0.00050000
19.520833,0.99946633,0.00050000
19.523148,0.99869073,0.00050000
19.525463,0.99785470,0.00050000
19.527778,0.99895746,0.00050000
19.530093,0.99832759,0.00050000
19.532407,0.99835803,0.00050000
19.534722,0.99876448,0.00050000
19.537037,0.99824442,0.00050000
19.539352,0.99883107,0.00050000
19.541667,0.99889326,0.00050000
19.543981,0.99937003,0.00050000
19.546296,0.99834282,0.00050000
19.548611,0.99820815,0.00050000
19.550926,1.00010640,0.00050000
19.553241,0.99851256,0.00050000
19.555556,0.99949507,0.00050000
19.557870,0.99876228,0.00050000
19.560185,0.99864966,0.00050000
19.562500,0.99991366,0.00050000
19.564815,0.99927381,0.00050000
19.567130,0.99862955,0.00050000
19.569444,0.99872940,0.00050000
19.571759,0.99922318,0.00050000
19.574074,0.99878402,0.00050000
19.576389,0.99913575,0.00050000
19.578704,0.99870524,0.00050000
19.581019,0.99879950,0.00050000
19.583333,0.99901052,0.00050000
19.585648,0.99879268,0.00050000
19.587963,0.99820355,0.00050000
19.590278,0.99894109,0.00050000
19.592593,0.99839842,0.00050000
19.594907,0.99869717,0.00050000
19.597222,0.99866905,0.00050000
19.599537,0.99836958,0.00050000
19.601852,0.99985549,0.00050000
19.604167,0.99814971,0.00050000
19.606481,0.99950508,0.00050000
19.608796,0.99828738,0.00050000
19.611111,0.99866874,0.00050000
19.613426,0.99935928,0.00050000
19.615741,0.99893177,0.00050000
19.618056,0.99902802,0.00050000
19.620370,0.99988213,0.00050000
19.622685,0.99926343,0.00050000
19.625000,0.99956269,0.00050000
19.627315,0.99904390,0.00050000
19.629630,0.99898301,0.00050000
19.631944,0.99896984,0.00050000
19.634259,0.99977252,0.00050000
19.636574,0.99738387,0.00050000
19.638889,0.99916209,0.00050000
19.641204,0.99922068,0.00050000
19.643519,0.99812306,0.00050000
19.645833,0.99908687,0.00050000
19.648148,0.99885442,0.00050000
19.650463,0.99849541,0.00050000
19.652778,0.99908026,0.00050000
19.655093,0.99841590,0.00050000
19.657407,0.99972248,0.00050000
19.659722,0.99834555,0.00050000
19.662037,0.99839339,0.00050000
19.664352,0.99877315,0.00050000
19.666667,0.99898987,0.00050000
19.668981,0.99932624,0.00050000
19.671296,0.99915716,0.00050000
19.673611,0.99904490,0.00050000
19.675926,0.99771608,0.00050000
19.678241,0.99879291,0.00050000
19.680556,0.99897588,0.00050000
19.682870,0.99949616,0.00050000
19.685185,0.99850799,0.00050000
19.687500,0.99922643,0.00050000
19.689815,0.99883592,0.00050000
19.692130,0.99863759,0.00050000
19.694444,0.99903110,0.00050000
19.696759,0.99893617,0.00050000
19.699074,0.99911447,0.00050000
19.701389,0.99901806,0.00050000
19.703704,0.99950643,0.00050000
19.706019,0.99946805,0.00050000
19.708333,0.99853398,0.00050000
19.710648,0.99982983,0.00050000
19.712963,0.99976479,0.00050000
19.715278,0.99951322,0.00050000
19.717593,0.99918227,0.00050000
19.719907,1.00005925,0.00050000
19.722222,0.99891458,0.00050000
19.724537,0.99922736,0.00050000
19.726852,0.99863435,0.00050000
19.729167,0.99921102,0.00050000
19.731481,0.99970974,0.00050000
19.733796,0.99891350,0.00050000
19.736111,0.99953137,0.00050000
19.738426,0.99865856,0.00050000
19.740741,0.99939710,0.00050000
19.743056,0.99997007,0.00050000
19.745370,0.99902670,0.00050000
19.747685,0.99910736,0.00050000
19.750000,0.99970931,0.00050000
19.752315,0.99967205,0.00050000
19.754630,0.99913920,0.00050000
19.756944,0.99928918,0.00050000
19.759259,0.99919364,0.00050000
19.761574,0.99965540,0.00050000
19.763889,0.99951077,0.00050000
19.766204,0.99933188,0.00050000
19.768519,0.99882916,0.00050000
19.770833,0.99844966,0.00050000
19.773148,0.99825695,0.00050000
19.775463,0.99941399,0.00050000
19.777778,1.00073385,0.00050000
19.780093,0.99952197,0.00050000
19.782407,0.99967467,0.00050000
19.784722,0.99919270,0.00050000
19.787037,0.99942945,0.00050000
19.789352,0.99871126,0.00050000
19.791667,0.99928624,0.00050000
19.793981,0.99864780,0.00050000
19.796296,0.99954373,0.00050000
19.798611,0.99862774,0.00050000
19.800926,0.99976227,0.00050000
19.803241,0.99925816,0.00050000
19.805556,0.99960820,0.00050000
19.807870,0.99947968,0.00050000
19.810185,0.99857318,0.00050000
19.812500,0.99864572,0.00050000
19.814815,0.99981698,0.00050000
19.817130,0.99950203,0.00050000
19.819444,0.99971158,0.00050000
19.821759,1.00034771,0.00050000
19.824074,0.99966293,0.00050000
19.826389,1.00012926,0.00050000
19.828704,0.99924353,0.00050000
19.831019,0.99900515,0.00050000
19.833333,0.99943008,0.00050000
19.835648,0.99939776,0.00050000
19.837963,0.99949979,0.00050000
19.840278,0.99974647,0.00050000
19.842593,0.99977867,0.00050000
19.844907,1.00000089,0.00050000
19.847222,0.99916063,0.00050000
19.849537,0.99903769,0.00050000
19.851852,0.99960218,0.00050000
19.854167,0.99978528,0.00050000
19.856481,0.99953766,0.00050000
19.858796,0.99952616,0.00050000
19.861111,1.00033260,0.00050000
19.863426,0.99964566,0.00050000
19.865741,0.99887548,0.00050000
19.868056,0.99914834,0.00050000
19.870370,1.00023279,0.00050000
19.872685,0.99983564,0.00050000
19.875000,0.99870987,0.00050000
19.877315,0.99896963,0.00050000
19.879630,0.99960610,0.00050000
19.881944,0.99924897,0.00050000
19.884259,0.99966535,0.00050000
19.886574,0.99888942,0.00050000
19.888889,0.99941700,0.00050000
19.891204,0.99958512,0.00050000
19.893519,0.99975517,0.00050000
19.895833,0.99949524,0.00050000
19.898148,0.99942813,0.00050000
19.900463,0.99941415,0.00050000
19.902778,0.99973035,0.00050000
19.905093,0.99980376,0.00050000
19.907407,0.99912448,0.00050000
19.909722,0.99909257,0.00050000
19.912037,0.99953126,0.00050000
19.914352,0.99893687,0.00050000
19.916667,0.99935461,0.00050000
19.918981,1.00067039,0.00050000
19.921296,0.99973712,0.00050000
19.923611,0.99925820,0.00050000
19.925926,0.99923860,0.00050000
19.928241,0.99915972,0.00050000
19.930556,0.99897403,0.00050000
19.932870,0.99936676,0.00050000
19.935185,0.99987577,0.00050000
19.937500,0.99998615,0.00050000
19.939815,0.99991863,0.00050000
19.942130,0.99853702,0.00050000
19.944444,0.99965134,0.00050000
19.946759,0.99914495,0.00050000
19.949074,0.99960446,0.00050000
19.951389,0.99949176,0.00050000
19.953704,0.99936438,0.00050000
19.956019,0.99891950,0.00050000
19.958333,0.99949313,0.00050000
19.960648,0.99953455,0.00050000
19.962963,0.99979183,0.00050000
19.965278,0.99958217,0.00050000
19.967593,0.99910664,0.00050000
19.969907,1.00031294,0.00050000
19.972222,1.00038553,0.00050000
19.974537,0.99942295,0.00050000
19.976852,0.99892311,0.00050000
19.979167,1.00074482,0.00050000
19.981481,1.00040748,0.00050000
19.983796,0.99997727,0.00050000
19.986111,0.99881746,0.00050000
19.988426,1.00046756,0.00050000
19.990741,1.00016362,0.00050000
19.993056,0.99930301,0.00050000
19.995370,0.99842301,0.00050000
19.997685,1.00035429,0.00050000
20.000000,0.99932643,0.00050000
20.002315,0.99970922,0.00050000
20.004630,0.99998960,0.00050000
20.006944,1.00021990,0.00050000
20.009259,0.99955241,0.00050000
20.011574,0.99999881,0.00050000
20.013889,0.99983131,0.00050000
20.016204,0.99960250,0.00050000
20.018519,0.99996539,0.00050000
20.020833,0.99958572,0.00050000
20.023148,0.99959054,0.00050000
20.025463,0.99962272,0.00050000
20.027778,0.99892557,0.00050000
20.030093,0.99937931,0.00050000
20.032407,0.99914439,0.00050000
20.034722,1.00005633,0.00050000
20.037037,0.99894299,0.00050000
20.039352,1.00067959,0.00050000
20.041667,0.99980077,0.00050000
20.043981,0.99970692,0.00050000
20.046296,0.99908672,0.00050000
20.048611,0.99947828,0.00050000
20.050926,1.00055645,0.00050000
20.053241,0.99976896,0.00050000
20.055556,0.99894264,0.00050000
20.057870,1.00017722,0.00050000
20.060185,1.00057842,0.00050000
20.062500,0.99952172,0.00050000
20.064815,0.99973486,0.00050000
20.067130,1.00054220,0.00050000
20.069444,0.99855728,0.00050000
20.071759,1.00039347,0.00050000
20.074074,0.99945216,0.00050000
20.076389,0.99999415,0.00050000
20.078704,1.00041290,0.00050000
20.081019,1.00021097,0.00050000
20.083333,1.00007367,0.00050000
20.085648,1.00045979,0.00050000
20.087963,0.99948821,0.00050000
20.090278,0.99991490,0.00050000
20.092593,0.99944847,0.00050000
20.094907,1.00000274,0.00050000
20.097222,0.99959205,0.00050000
20.099537,0.99936815,0.00050000
20.101852,0.99937464,0.00050000
20.104167,1.00032430,0.00050000
20.106481,0.99896466,0.00050000
20.108796,0.99917631,0.00050000
20.111111,0.99891414,0.00050000
20.113426,0.99922751,0.00050000
20.115741,0.99891202,0.00050000
20.118056,0.99917848,0.00050000
20.120370,0.99924498,0.00050000
20.122685,1.00061918,0.00050000
20.125000,0.99988383,0.00050000
20.127315,0.99944265,0.00050000
20.129630,0.99889276,0.00050000
20.131944,0.99947803,0.00050000
20.134259,1.00054621,0.00050000
20.136574,0.99965918,0.00050000
20.138889,1.00029595,0.00050000
20.141204,1.00004006,0.00050000
20.143519,0.99990255,0.00050000
20.145833,0.99974289,0.00050000
20.148148,0.99980691,0.00050000
20.150463,0.99970312,0.00050000
20.152778,0.99953965,0.00050000
20.155093,0.99992023,0.00050000
20.157407,1.00041635,0.00050000
20.159722,1.00018933,0.00050000
20.162037,0.99914373,0.00050000
20.164352,1.00021813,0.00050000
20.166667,1.00012161,0.00050000
20.168981,0.99965145,0.00050000
20.171296,1.00037178,0.00050000
20.173611,1.00025585,0.00050000
20.175926,1.00088739,0.00050000
20.178241,0.99888352,0.00050000
20.180556,1.00033452,0.00050000
20.182870,0.99941945,0.00050000
20.185185,1.00004026,0.00050000
20.187500,1.00023991,0.00050000
20.189815,1.00072487,0.00050000
20.192130,1.00009312,0.00050000
20.194444,0.99959167,0.00050000
20.196759,1.00040626,0.00050000
20.199074,1.00026308,0.00050000
20.201389,1.00059324,0.00050000
20.203704,0.99866772,0.00050000
20.206019,1.00004858,0.00050000
20.208333,0.99852719,0.00050000
20.210648,1.00016242,0.00050000
20.212963,1.00001641,0.00050000
20.215278,0.99962239,0.00050000
20.217593,1.00025441,0.00050000
20.219907,1.00015187,0.00050000
20.222222,1.00059400,0.00050000
20.224537,1.00077849,0.00050000
20.226852,1.00012262,0.00050000
20.229167,0.99997208,0.00050000
20.231481,0.99969585,0.00050000
20.233796,1.00070976,0.00050000
20.236111,1.00005349,0.00050000
20.238426,0.99998647,0.00050000
20.240741,1.00041874,0.00050000
20.243056,0.99981111,0.00050000
20.245370,0.99999936,0.00050000
20.247685,1.00012213,0.00050000
20.250000,1.00061253,0.00050000
20.252315,0.99960192,0.00050000
20.254630,0.99954369,0.00050000
20.256944,0.99982831,0.00050000
20.259259,0.99979085,0.00050000
20.261574,0.99974856,0.00050000
20.263889,1.00052335,0.00050000
20.266204,0.99990310,0.00050000
20.268519,1.00106965,0.00050000
20.270833,1.00065193,0.00050000
20.273148,1.00018648,0.00050000
20.275463,1.00011839,0.00050000
20.277778,1.00052737,0.00050000
20.280093,1.00139357,0.00050000
20.282407,1.00041560,0.00050000
20.284722,0.99972258,0.00050000
20.287037,1.00022705,0.00050000
20.289352,1.00190754,0.00050000
20.291667,0.99975317,0.00050000
20.293981,1.00007615,0.00050000
20.296296,1.00025381,0.00050000
20.298611,0.99995790,0.00050000
20.300926,1.00091589,0.00050000
20.303241,0.99991694,0.00050000
20.305556,1.00019819,0.00050000
20.307870,1.00051246,0.00050000
20.310185,1.00054649,0.00050000
20.312500,1.00014553,0.00050000
20.314815,1.00034407,0.00050000
20.317130,1.00023325,0.00050000
20.319444,0.99856011,0.00050000
20.321759,1.00065541,0.00050000
20.324074,1.00039567,0.00050000
20.326389,1.00021746,0.00050000
20.328704,1.00075496,0.00050000
20.331019,0.99940227,0.00050000
20.333333,1.00094343,0.00050000
20.335648,1.00001992,0.00050000
20.337963,0.99983519,0.00050000
20.340278,0.99980407,0.00050000
20.342593,1.00051626,0.00050000
20.344907,1.00001106,0.00050000
20.347222,1.00070508,0.00050000
20.349537,0.99962791,0.00050000
20.351852,1.00095439,0.00050000
20.354167,1.00024572,0.00050000
20.356481,1.00127635,0.00050000
20.358796,1.00057198,0.00050000
20.361111,1.00015368,0.00050000
20.363426,1.00024201,0.00050000
20.365741,0.99942322,0.00050000
20.368056,1.00025713,0.00050000
20.370370,0.99975187,0.00050000
20.372685,1.00005541,0.00050000
20.375000,1.00147038,0.00050000
20.377315,0.99986485,0.00050000
20.379630,1.00069110,0.00050000
20.381944,1.00067585,0.00050000
20.384259,1.00026342,0.00050000
20.386574,1.00036207,0.00050000
20.388889,1.00008537,0.00050000
20.391204,1.00134313,0.00050000
20.393519,1.00071697,0.00050000
20.395833,1.00096276,0.00050000
20.398148,0.99954653,0.00050000
20.400463,1.00036496,0.00050000
20.402778,0.99989270,0.00050000
20.405093,1.00101167,0.00050000
20.407407,1.00031362,0.00050000
20.409722,1.00007109,0.00050000
20.412037,1.00051461,0.00050000
20.414352,1.00055570,0.00050000
20.416667,1.00043116,0.00050000
20.418981,1.00128829,0.00050000
20.421296,1.00098474,0.00050000
20.423611,1.00059691,0.00050000
20.425926,1.00080545,0.00050000
20.428241,1.00032329,0.00050000
20.430556,0.99979543,0.00050000
20.432870,1.00049922,0.00050000
20.435185,0.99931542,0.00050000
20.437500,1.00098819,0.00050000
20.439815,1.00030418,0.00050000
20.442130,0.99956297,0.00050000
20.444444,1.00059453,0.00050000
20.446759,1.00188923,0.00050000
20.449074,1.00019674,0.00050000
20.451389,1.00047867,0.00050000
20.453704,1.00079668,0.00050000
20.456019,0.99995611,0.00050000
20.458333,1.00133969,0.00050000
20.460648,1.00037632,0.00050000
20.462963,1.00074397,0.00050000
20.465278,1.00101427,0.00050000
20.467593,1.00052422,0.00050000
20.469907,1.00095601,0.00050000
20.472222,0.99980057,0.00050000
20.474537,0.99989077,0.00050000
20.476852,1.00070564,0.00050000
20.479167,1.00026306,0.00050000
20.481481,1.00029831,0.00050000
20.483796,1.00062236,0.00050000
20.486111,1.00093842,0.00050000
20.488426,1.00129814,0.00050000
20.490741,1.00161229,0.00050000
20.493056,1.00137268,0.00050000
20.495370,1.00113761,0.00050000
20.497685,1.00023713,0.00050000
20.500000,1.00021958,0.00050000
20.502315,1.00004914,0.00050000
20.504630,1.00046855,0.00050000
20.506944,1.00081308,0.00050000
20.509259,1.00171827,0.00050000
20.511574,1.00033726,0.00050000
20.513889,1.00103599,0.00050000
20.516204,1.00044174,0.00050000
20.518519,1.00068939,0.00050000
20.520833,0.99982356,0.00050000
20.523148,1.00196246,0.00050000
20.525463,1.00085800,0.00050000
20.527778,1.00073263,0.00050000
20.530093,1.00077869,0.00050000
20.532407,1.00002650,0.00050000
20.534722,1.00119920,0.00050000
20.537037,1.00095690,0.00050000
20.539352,1.00123652,0.00050000
20.541667,1.00160427,0.00050000
20.543981,1.00119442,0.00050000
20.546296,1.00054981,0.00050000
20.548611,1.00065073,0.00050000
20.550926,1.00007431,0.00050000
20.553241,1.00201700,0.00050000
20.555556,1.00010926,0.00050000
20.557870,1.00145029,0.00050000
20.560185,1.00037404,0.00050000
20.562500,1.00097045,0.00050000
20.564815,1.00083070,0.00050000
20.567130,1.00034394,0.00050000
20.569444,1.00132077,0.00050000
20.571759,1.00123440,0.00050000
20.574074,1.00092717,0.00050000
20.576389,1.00131032,0.00050000
20.578704,1.00176794,0.00050000
20.581019,1.00029188,0.00050000
20.583333,1.00062144,0.00050000
20.585648,1.00018664,0.00050000
20.587963,1.00049012,0.00050000
20.590278,1.00073109,0.00050000
20.592593,1.00074274,0.00050000
20.594907,1.00092420,0.00050000
20.597222,1.00172625,0.00050000
20.599537,1.00134270,0.00050000
20.601852,1.00069910,0.00050000
20.604167,1.00118062,0.00050000
20.606481,1.00061265,0.00050000
20.608796,1.00140572,0.00050000
20.611111,1.00068986,0.00050000
20.613426,1.00083921,0.00050000
20.615741,1.00019954,0.00050000
20.618056,1.00065262,0.00050000
20.620370,1.00192949,0.00050000
20.622685,0.99961932,0.00050000
20.625000,1.00086164,0.00050000
20.627315,1.00058471,0.00050000
20.629630,1.00063631,0.00050000
20.631944,1.00155539,0.00050000
20.634259,1.00052346,0.00050000
20.636574,1.00012484,0.00050000
20.638889,1.00080625,0.00050000
20.641204,1.00084576,0.00050000
20.643519,1.00124682,0.00050000
20.645833,1.00163368,0.00050000
20.648148,1.00129192,0.00050000
20.650463,1.00136057,0.00050000
20.652778,1.00059568,0.00050000
20.655093,1.00049031,0.00050000
20.657407,1.00107852,0.00050000
20.659722,1.00121402,0.00050000
20.662037,1.00136208,0.00050000
20.664352,1.00120925,0.00050000
20.666667,1.00066495,0.00050000
20.668981,1.00059382,0.00050000
20.671296,1.00157057,0.00050000
20.673611,1.00140872,0.00050000
20.675926,1.00001147,0.00050000
20.678241,1.00122929,0.00050000
20.680556,1.00118993,0.00050000
20.682870,1.00056088,0.00050000
20.685185,1.00034093,0.00050000
20.687500,1.00141260,0.00050000
20.689815,1.00121150,0.00050000
20.692130,1.00029604,0.00050000
20.694444,1.00096013,0.00050000
20.696759,1.00160652,0.00050000
20.699074,1.00078165,0.00050000
20.701389,1.00186186,0.00050000
20.703704,1.00031108,0.00050000
20.706019,1.00167907,0.00050000
20.708333,1.00090248,0.00050000
20.710648,1.00053325,0.00050000
20.712963,1.00086487,0.00050000
20.715278,1.00146852,0.00050000
20.717593,1.00037235,0.00050000
20.719907,1.00160737,0.00050000
20.722222,1.00139023,0.00050000
20.724537,0.99983876,0.00050000
20.726852,1.00119179,0.00050000
20.729167,1.00166581,0.00050000
20.731481,1.00067955,0.00050000
20.733796,0.99970122,0.00050000
20.736111,1.00147719,0.00050000
20.738426,1.00159931,0.00050000
20.740741,1.00185102,0.00050000
20.743056,1.00057432,0.00050000
20.745370,1.00052403,0.00050000
20.747685,1.00078154,0.00050000
20.750000,1.00172714,0.00050000
20.752315,1.00058549,0.00050000
20.754630,1.00111712,0.00050000
20.756944,1.00023094,0.00050000
20.759259,1.00185184,0.00050000
20.761574,1.00108570,0.00050000
20.763889,1.00116009,0.00050000
20.766204,1.00285045,0.00050000
20.768519,1.00164143,0.00050000
20.770833,1.00141078,0.00050000
20.773148,1.00112111,0.00050000
20.775463,1.00102175,0.00050000
20.777778,1.00034250,0.00050000
20.780093,1.00158603,0.00050000
20.782407,1.00101495,0.00050000
20.784722,1.00103225,0.00050000
20.787037,1.00032044,0.00050000
20.789352,1.00178915,0.00050000
20.791667,1.00122550,0.00050000
20.793981,1.00124111,0.00050000
20.796296,1.00090222,0.00050000
20.798611,1.00145034,0.00050000
20.800926,1.00162233,0.00050000
20.803241,1.00147338,0.00050000
20.805556,1.00061587,0.00050000
20.807870,1.00026308,0.00050000
20.810185,1.00111228,0.00050000
20.812500,1.00143066,0.00050000
20.814815,0.99988355,0.00050000
20.817130,1.00069625,0.00050000
20.819444,1.00090583,0.00050000
20.821759,1.00120166,0.00050000
20.824074,1.00176237,0.00050000
20.826389,1.00096907,0.00050000
20.828704,1.00165863,0.00050000
20.831019,1.00102797,0.00050000
20.833333,1.00169775,0.00050000
20.835648,1.00086374,0.00050000
20.837963,1.00119669,0.00050000
20.840278,1.00166000,0.00050000
20.842593,1.00120356,0.00050000
20.844907,0.99996620,0.00050000
20.847222,1.00104367,0.00050000
20.849537,1.00144872,0.00050000
20.851852,1.00123119,0.00050000
20.854167,1.00065034,0.00050000
20.856481,1.00094837,0.00050000
20.858796,1.00159073,0.00050000
20.861111,1.00168261,0.00050000
20.863426,1.00146794,0.00050000
20.865741,1.00086538,0.00050000
20.868056,1.00074774,0.00050000
20.870370,1.00233936,0.00050000
20.872685,1.00065671,0.00050000
20.875000,1.00185577,0.00050000
20.877315,1.00131124,0.00050000
20.879630,1.00154361,0.00050000
20.881944,1.00144422,0.00050000
20.884259,1.00111722,0.00050000
20.886574,1.00158956,0.00050000
20.888889,1.00076948,0.00050000
20.891204,1.00107509,0.00050000
20.893519,1.00136321,0.00050000
20.895833,0.99992018,0.00050000
20.898148,1.00196680,0.00050000
20.900463,1.00118039,0.00050000
20.902778,1.00112196,0.00050000
20.905093,1.00072175,0.00050000
20.907407,1.00116470,0.00050000
20.909722,1.00053306,0.00050000
20.912037,1.00072093,0.00050000
20.914352,1.00090069,0.00050000
20.916667,1.00126799,0.00050000
20.918981,1.00123860,0.00050000
20.921296,1.00091340,0.00050000
20.923611,1.00100585,0.00050000
20.925926,1.00157786,0.00050000
20.928241,1.00089138,0.00050000
20.930556,1.00205675,0.00050000
20.932870,1.00161369,0.00050000
20.935185,1.00094915,0.00050000
20.937500,1.00059057,0.00050000
20.939815,1.00134690,0.00050000
20.942130,1.00182853,0.00050000
20.944444,1.00136105,0.00050000
20.946759,1.00134672,0.00050000
20.949074,1.00053516,0.00050000
20.951389,1.00171837,0.00050000
20.953704,1.00073816,0.00050000
20.956019,1.00210698,0.00050000
20.958333,1.00133594,0.00050000
20.960648,1.00215465,0.00050000
20.962963,1.00166534,0.00050000
20.965278,1.00031178,0.00050000
20.967593,1.00127773,0.00050000
20.969907,1.00163338,0.00050000
20.972222,1.00206151,0.00050000
20.974537,1.00126280,0.00050000
20.976852,1.00159704,0.00050000
20.979167,1.00047423,0.00050000
20.981481,1.00144185,0.00050000
20.983796,1.00123871,0.00050000
20.986111,1.00166316,0.00050000
20.988426,1.00130476,0.00050000
20.990741,1.00123442,0.00050000
20.993056,1.00129004,0.00050000
20.995370,1.00168520,0.00050000
20.997685,1.00209685,0.00050000
21.000000,1.00183257,0.00050000
21.002315,1.00194165,0.00050000
21.004630,1.00086233,0.00050000
21.006944,1.00064901,0.00050000
21.009259,1.00081850,0.00050000
21.011574,1.00083223,0.00050000
21.013889,1.00165772,0.00050000
21.016204,1.00132086,0.00050000
21.018519,1.00124180,0.00050000
21.020833,1.00256011,0.00050000
21.023148,1.00125542,0.00050000
21.025463,1.00185908,0.00050000
21.027778,1.00143133,0.00050000
21.030093,1.00084405,0.00050000
21.032407,1.00054158,0.00050000
21.034722,1.00110074,0.00050000
21.037037,1.00162634,0.00050000
21.039352,1.00168692,0.00050000
21.041667,1.00207085,0.00050000
21.043981,1.00169572,0.00050000
21.046296,1.00238409,0.00050000
21.048611,1.00106689,0.00050000
21.050926,1.00107419,0.00050000
21.053241,1.00184348,0.00050000
21.055556,1.00136375,0.00050000
21.057870,1.00199581,0.00050000
21.060185,1.00227311,0.00050000
21.062500,1.00164505,0.00050000
21.064815,1.00127880,0.00050000
21.067130,1.00017919,0.00050000
21.069444,1.00132646,0.00050000
21.071759,1.00161203,0.00050000
21.074074,1.00077238,0.00050000
21.076389,1.00168763,0.00050000
21.078704,1.00159806,0.00050000
21.081019,1.00156658,0.00050000
21.083333,1.00195411,0.00050000
21.085648,1.00226829,0.00050000
21.087963,1.00094816,0.00050000
21.090278,1.00140016,0.00050000
21.092593,1.00164796,0.00050000
21.094907,1.00229283,0.00050000
21.097222,1.00153115,0.00050000
21.099537,1.00182182,0.00050000
21.101852,1.00155577,0.00050000
21.104167,1.00161051,0.00050000
21.106481,1.00162822,0.00050000
21.108796,1.00209109,0.00050000
21.111111,1.00178207,0.00050000
21.113426,1.00198343,0.00050000
21.115741,1.00157230,0.00050000
21.118056,1.00136242,0.00050000
21.120370,1.00147632,0.00050000
21.122685,1.00201729,0.00050000
21.125000,1.00156340,0.00050000
21.127315,1.00072293,0.00050000
21.129630,1.00174753,0.00050000
21.131944,1.00091101,0.00050000
21.134259,1.00035780,0.00050000
21.136574,1.00145070,0.00050000
21.138889,1.00237526,0.00050000
21.141204,1.00193776,0.00050000
21.143519,1.00181342,0.00050000
21.145833,1.00107740,0.00050000
21.148148,1.00093829,0.00050000
21.150463,1.00096279,0.00050000
21.152778,1.00129201,0.00050000
21.155093,1.00111406,0.00050000
21.157407,1.00154296,0.00050000
21.159722,1.00161408,0.00050000
21.162037,1.00103343,0.00050000
21.164352,1.00176572,0.00050000
21.166667,1.00037663,0.00050000
21.168981,1.00119547,0.00050000
21.171296,1.00121624,0.00050000
21.173611,1.00111240,0.00050000
21.175926,1.00138753,0.00050000
21.178241,1.00137899,0.00050000
21.180556,1.00163032,0.00050000
21.182870,1.00170320,0.00050000
21.185185,1.00061356,0.00050000
21.187500,1.00196813,0.00050000
21.189815,1.00173202,0.00050000
21.192130,1.00214724,0.00050000
21.194444,1.00225303,0.00050000
21.196759,1.00241545,0.00050000
21.199074,1.00218729,0.00050000
21.201389,1.00152216,0.00050000
21.203704,1.00228427,0.00050000
21.206019,1.00155347,0.00050000
21.208333,1.00135720,0.00050000
21.210648,1.00159084,0.00050000
21.212963,1.00247926,0.00050000
21.215278,1.00209498,0.00050000
21.217593,1.00163765,0.00050000
21.219907,1.00156620,0.00050000
21.222222,1.00110629,0.00050000
21.224537,1.00202487,0.00050000
21.226852,0.99970363,0.00050000
21.229167,1.00160935,0.00050000
21.231481,1.00137923,0.00050000
21.233796,1.00123720,0.00050000
21.236111,1.00199500,0.00050000
21.238426,1.00140274,0.00050000
21.240741,1.00232396,0.00050000
21.243056,1.00090977,0.00050000
21.245370,1.00264024,0.00050000
21.247685,1.00125358,0.00050000
21.250000,1.00192191,0.00050000
21.252315,1.00126621,0.00050000
21.254630,1.00125444,0.00050000
21.256944,1.00157321,0.00050000
21.259259,1.00193273,0.00050000
21.261574,1.00128796,0.00050000
21.263889,1.00118575,0.00050000
21.266204,1.00127849,0.00050000
21.268519,1.00087473,0.00050000
21.270833,1.00089726,0.00050000
21.273148,1.00163762,0.00050000
21.275463,1.00197183,0.00050000
21.277778,1.00195289,0.00050000
21.280093,1.00151166,0.00050000
21.282407,1.00164087,0.00050000
21.284722,1.00025195,0.00050000
21.287037,1.00111280,0.00050000
21.289352,1.00130920,0.00050000
21.291667,1.00175235,0.00050000
21.293981,1.00176030,0.00050000
21.296296,1.00148320,0.00050000
21.298611,1.00155731,0.00050000
21.300926,1.00265690,0.00050000
21.303241,1.00110315,0.00050000
21.305556,1.00157935,0.00050000
21.307870,1.00131074,0.00050000
21.310185,1.00120623,0.00050000
21.312500,1.00137640,0.00050000
21.314815,1.00161637,0.00050000
21.317130,1.00116100,0.00050000
21.319444,1.00249444,0.00050000
21.321759,1.00145307,0.00050000
21.324074,1.00145394,0.00050000
21.326389,1.00233784,0.00050000
21.328704,1.00232794,0.00050000
21.331019,1.00221071,0.00050000
21.333333,1.00213018,0.00050000
21.335648,1.00059512,0.00050000
21.337963,1.00127239,0.00050000
21.340278,1.00139921,0.00050000
21.342593,1.00115677,0.00050000
21.344907,1.00229985,0.00050000
21.347222,1.00202898,0.00050000
21.349537,1.00109479,0.00050000
21.351852,1.00083002,0.00050000
21.354167,1.00072448,0.00050000
21.356481,1.00088883,0.00050000
21.358796,1.00160686,0.00050000
21.361111,1.00184450,0.00050000
21.363426,1.00124014,0.00050000
21.365741,1.00229844,0.00050000
21.368056,1.00141803,0.00050000
21.370370,1.00173575,0.00050000
21.372685,1.00094464,0.00050000
21.375000,1.00137779,0.00050000
21.377315,1.00087075,0.00050000
21.379630,1.00154189,0.00050000
21.381944,1.00194112,0.00050000
21.384259,1.00142786,0.00050000
21.386574,1.00145820,0.00050000
21.388889,1.00212973,0.00050000
21.391204,1.00130901,0.00050000
21.393519,1.00209500,0.00050000
21.395833,1.00169317,0.00050000
21.398148,1.00119734,0.00050000
21.400463,1.00108488,0.00050000
21.402778,1.00163368,0.00050000
21.405093,1.00200542,0.00050000
21.407407,1.00142507,0.00050000
21.409722,1.00086720,0.00050000
21.412037,1.00125642,0.00050000
21.414352,1.00200580,0.00050000
21.416667,1.00169187,0.00050000
21.418981,1.00141130,0.00050000
21.421296,1.00149221,0.00050000
21.423611,1.00254284,0.00050000
21.425926,1.00017804,0.00050000
21.428241,1.00087320,0.00050000
21.430556,1.00207829,0.00050000
21.432870,1.00185966,0.00050000
21.435185,1.00173639,0.00050000
21.437500,1.00110659,0.00050000
21.439815,1.00199003,0.00050000
21.442130,1.00111816,0.00050000
21.444444,1.00122381,0.00050000
21.446759,1.00105687,0.00050000
21.449074,1.00180118,0.00050000
21.451389,1.00088657,0.00050000
21.453704,1.00179634,0.00050000
21.456019,1.00122605,0.00050000
21.458333,1.00184922,0.00050000
21.460648,1.00127814,0.00050000
21.462963,1.00234385,0.00050000
21.465278,1.00135342,0.00050000
21.467593,1.00144547,0.00050000
21.469907,1.00122733,0.00050000
21.472222,1.00120790,0.00050000
21.474537,1.00146709,0.00050000
21.476852,1.00157722,0.00050000
21.479167,1.00068196,0.00050000
21.481481,1.00112506,0.00050000
21.483796,1.00154450,0.00050000
21.486111,1.00109777,0.00050000
21.488426,1.00146679,0.00050000
21.490741,1.00191127,0.00050000
21.493056,1.00194523,0.00050000
21.495370,1.00211501,0.00050000
21.497685,1.00177566,0.00050000
21.500000,1.00219533,0.00050000
21.502315,1.00066378,0.00050000
21.504630,1.00116435,0.00050000
21.506944,1.00098920,0.00050000
21.509259,1.00118016,0.00050000
21.511574,1.00185415,0.00050000
21.513889,1.00143429,0.00050000
21.516204,1.00048543,0.00050000
21.518519,1.00243223,0.00050000
21.520833,1.00192785,0.00050000
21.523148,1.00150926,0.00050000
21.525463,1.00122604,0.00050000
21.527778,1.00098776,0.00050000
21.530093,1.00090007,0.00050000
21.532407,1.00086585,0.00050000
21.534722,1.00181405,0.00050000
21.537037,1.00067380,0.00050000
21.539352,1.00177609,0.00050000
21.541667,1.00209684,0.00050000
21.543981,1.00142437,0.00050000
21.546296,1.00207310,0.00050000
21.548611,1.00181701,0.00050000
21.550926,1.00146238,0.00050000
21.553241,1.00144648,0.00050000
21.555556,1.00233400,0.00050000
21.557870,1.00237836,0.00050000
21.560185,1.00082063,0.00050000
21.562500,1.00152625,0.00050000
21.564815,1.00064951,0.00050000
21.567130,1.00125836,0.00050000
21.569444,1.00209708,0.00050000
21.571759,1.00155967,0.00050000
21.574074,1.00109091,0.00050000
21.576389,1.00184607,0.00050000
21.578704,1.00181137,0.00050000
21.581019,1.00176856,0.00050000
21.583333,1.00194451,0.00050000
21.585648,1.00158704,0.00050000
21.587963,1.00157861,0.00050000
21.590278,1.00170617,0.00050000
21.592593,1.00177606,0.00050000
21.594907,1.00269115,0.00050000
21.597222,1.00088913,0.00050000
21.599537,1.00094907,0.00050000
21.601852,1.00095093,0.00050000
21.604167,1.00048501,0.00050000
21.606481,1.00090351,0.00050000
21.608796,1.00079809,0.00050000
21.611111,1.00177652,0.00050000
21.613426,1.00187320,0.00050000
21.615741,1.00066861,0.00050000
21.618056,1.00131418,0.00050000
21.620370,1.00068617,0.00050000
21.622685,1.00099265,0.00050000
21.625000,1.00146603,0.00050000
21.627315,1.00121810,0.00050000
21.629630,1.00123079,0.00050000
21.631944,1.00206280,0.00050000
21.634259,1.00157992,0.00050000
21.636574,1.00095918,0.00050000
21.638889,1.00092032,0.00050000
21.641204,1.00057655,0.00050000
21.643519,1.00126430,0.00050000
21.645833,1.00201118,0.00050000
21.648148,1.00187851,0.00050000
21.650463,1.00119320,0.00050000
21.652778,1.00076802,0.00050000
21.655093,1.00104724,0.00050000
21.657407,1.00057145,0.00050000
21.659722,1.00002551,0.00050000
21.662037,1.00001649,0.00050000
21.664352,1.00137364,0.00050000
21.666667,1.00090173,0.00050000
21.668981,1.00049799,0.00050000
21.671296,1.00167856,0.00050000
21.673611,1.00166448,0.00050000
21.675926,1.00198950,0.00050000
21.678241,1.00131149,0.00050000
21.680556,1.00093564,0.00050000
21.682870,1.00165300,0.00050000
21.685185,1.00072190,0.00050000
21.687500,1.00108730,0.00050000
21.689815,1.00186061,0.00050000
21.692130,1.00069717,0.00050000
21.694444,1.00131377,0.00050000
21.696759,1.00107238,0.00050000
21.699074,1.00062239,0.00050000
21.701389,1.00213978,0.00050000
21.703704,1.00063702,0.00050000
21.706019,1.00089531,0.00050000
21.708333,1.00119578,0.00050000
21.710648,1.00179648,0.00050000
21.712963,1.00145583,0.00050000
21.715278,1.00086020,0.00050000
21.717593,1.00081663,0.00050000
21.719907,1.00161470,0.00050000
21.722222,1.00120433,0.00050000
21.724537,1.00115699,0.00050000
21.726852,1.00125785,0.00050000
21.729167,1.00139186,0.00050000
21.731481,1.00111334,0.00050000
21.733796,1.00187921,0.00050000
21.736111,1.00227998,0.00050000
21.738426,1.00080041,0.00050000
21.740741,1.00104875,0.00050000
21.743056,1.00163866,0.00050000
21.745370,1.00143593,0.00050000
21.747685,1.00099551,0.00050000
21.750000,1.00078184,0.00050000
21.752315,1.00090021,0.00050000
21.754630,1.00157678,0.00050000
21.756944,1.00167551,0.00050000
21.759259,1.00075430,0.00050000
21.761574,1.00136410,0.00050000
21.763889,1.00064583,0.00050000
21.766204,1.00183223,0.00050000
21.768519,1.00103273,0.00050000
21.770833,1.00093431,0.00050000
21.773148,1.00070373,0.00050000
21.775463,1.00149322,0.00050000
21.777778,1.00169351,0.00050000
21.780093,1.00050722,0.00050000
21.782407,1.00177088,0.00050000
21.784722,1.00079039,0.00050000
21.787037,1.00099197,0.00050000
21.789352,1.00080793,0.00050000
21.791667,1.00168860,0.00050000
21.793981,1.00215951,0.00050000
21.796296,1.00082907,0.00050000
21.798611,1.00169686,0.00050000
21.800926,1.00105315,0.00050000
21.803241,1.00205509,0.00050000
21.805556,1.00131736,0.00050000
21.807870,1.00090895,0.00050000
21.810185,1.00198278,0.00050000
21.812500,1.00127832,0.00050000
21.814815,1.00138207,0.00050000
21.817130,1.00165474,0.00050000
21.819444,1.00097268,0.00050000
21.821759,1.00136090,0.00050000
21.824074,1.00139604,0.00050000
21.826389,1.00136454,0.00050000
21.828704,1.00027477,0.00050000
21.831019,1.00114379,0.00050000
21.833333,1.00158978,0.00050000
21.835648,1.00157084,0.00050000
21.837963,1.00092280,0.00050000
21.840278,1.00119537,0.00050000
21.842593,1.00084455,0.00050000
21.844907,1.00083665,0.00050000
21.847222,1.00050630,0.00050000
21.849537,1.00119601,0.00050000
21.851852,1.00150391,0.00050000
21.854167,1.00121505,0.00050000
21.856481,1.00150203,0.00050000
21.858796,1.00120662,0.00050000
21.861111,1.00128544,0.00050000
21.863426,1.00115923,0.00050000
21.865741,1.00121728,0.00050000
21.868056,1.00055693,0.00050000
21.870370,1.00097902,0.00050000
21.872685,1.00057116,0.00050000
21.875000,1.00050817,0.00050000
21.877315,1.00205473,0.00050000
21.879630,1.00067724,0.00050000
21.881944,1.00054607,0.00050000
21.884259,0.99916698,0.00050000
21.886574,1.00100424,0.00050000
21.888889,1.00106138,0.00050000
21.891204,0.99999203,0.00050000
21.893519,1.00093813,0.00050000
21.895833,1.00130764,0.00050000
21.898148,1.00048131,0.00050000
21.900463,1.00150191,0.00050000
21.902778,1.00097543,0.00050000
21.905093,1.00127111,0.00050000
21.907407,1.00060601,0.00050000
21.909722,1.00107040,0.00050000
21.912037,1.00129187,0.00050000
21.914352,1.00140889,0.00050000
21.916667,1.00071094,0.00050000
21.918981,1.00074365,0.00050000
21.921296,1.00159331,0.00050000
21.923611,1.00070702,0.00050000
21.925926,1.00071567,0.00050000
21.928241,1.00096816,0.00050000
21.930556,1.00046896,0.00050000
21.932870,1.00153019,0.00050000
21.935185,1.00021034,0.00050000
21.937500,1.00060751,0.00050000
21.939815,1.00122309,0.00050000
21.942130,1.00094284,0.00050000
21.944444,1.00043090,0.00050000
21.946759,1.00129346,0.00050000
21.949074,1.00117071,0.00050000
21.951389,1.00101589,0.00050000
21.953704,1.00050217,0.00050000
21.956019,1.00111339,0.00050000
21.958333,0.99994179,0.00050000
21.960648,1.00136763,0.00050000
21.962963,1.00126200,0.00050000
21.965278,1.00002015,0.00050000
21.967593,1.00016930,0.00050000
21.969907,1.00043466,0.00050000
21.972222,1.00086078,0.00050000
21.974537,1.00169362,0.00050000
21.976852,1.00075859,0.00050000
21.979167,1.00152101,0.00050000
21.981481,1.00113024,0.00050000
21.983796,1.00084236,0.00050000
21.986111,1.00037710,0.00050000
21.988426,1.00136254,0.00050000
21.990741,1.00113864,0.00050000
21.993056,1.00017206,0.00050000
21.995370,1.00051733,0.00050000
21.997685,1.00147641,0.00050000
22.000000,1.00045467,0.00050000
22.002315,1.00133315,0.00050000
22.004630,1.00103056,0.00050000
22.006944,1.00105282,0.00050000
22.009259,1.00067928,0.00050000
22.011574,1.00087045,0.00050000
22.013889,1.00147738,0.00050000
22.016204,1.00118326,0.00050000
22.018519,0.99939203,0.00050000
22.020833,1.00038795,0.00050000
22.023148,1.00138083,0.00050000
22.025463,1.00014495,0.00050000
22.027778,1.00057009,0.00050000
22.030093,1.00039644,0.00050000
22.032407,1.00142214,0.00050000
22.034722,1.00027643,0.00050000
22.037037,1.00108763,0.00050000
22.039352,1.00106234,0.00050000
22.041667,1.00166610,0.00050000
22.043981,1.00106822,0.00050000
22.046296,1.00086143,0.00050000
22.048611,1.00095253,0.00050000
22.050926,1.00075703,0.00050000
22.053241,1.00071753,0.00050000
22.055556,1.00121676,0.00050000
22.057870,0.99977278,0.00050000
22.060185,1.00017618,0.00050000
22.062500,1.00095343,0.00050000
22.064815,1.00152322,0.00050000
22.067130,1.00078340,0.00050000
22.069444,1.00054240,0.00050000
22.071759,1.00057177,0.00050000
22.074074,1.00001628,0.00050000
22.076389,1.00087040,0.00050000
22.078704,1.00125293,0.00050000
22.081019,1.00108262,0.00050000
22.083333,1.00096594,0.00050000
22.085648,1.00130581,0.00050000
22.087963,1.00061427,0.00050000
22.090278,1.00098207,0.00050000
22.092593,1.00075155,0.00050000
22.094907,1.00020351,0.00050000
22.097222,1.00054137,0.00050000
22.099537,1.00064797,0.00050000
22.101852,1.00142479,0.00050000
22.104167,1.00081161,0.00050000
22.106481,1.00074205,0.00050000
22.108796,1.00136182,0.00050000
22.111111,0.99989897,0.00050000
22.113426,0.99985794,0.00050000
22.115741,1.00062987,0.00050000
22.118056,1.00088370,0.00050000
22.120370,1.00078037,0.00050000
22.122685,1.00089068,0.00050000
22.125000,1.00080353,0.00050000
22.127315,0.99943027,0.00050000
22.129630,1.00056265,0.00050000
22.131944,1.00009374,0.00050000
22.134259,1.00102501,0.00050000
22.136574,1.00098766,0.00050000
22.138889,1.00005789,0.00050000
22.141204,1.00037972,0.00050000
22.143519,1.00004790,0.00050000
22.145833,1.00143602,0.00050000
22.148148,1.00078238,0.00050000
22.150463,1.00132198,0.00050000
22.152778,1.00110174,0.00050000
22.155093,1.00052803,0.00050000
22.157407,1.00067891,0.00050000
22.159722,0.99994387,0.00050000
22.162037,1.00052486,0.00050000
22.164352,1.00041223,0.00050000
22.166667,1.00009420,0.00050000
22.168981,0.99969140,0.00050000
22.171296,1.00075310,0.00050000
22.173611,1.00003931,0.00050000
22.175926,0.99882732,0.00050000
22.178241,1.00030198,0.00050000
22.180556,1.00102314,0.00050000
22.182870,1.00100851,0.00050000
22.185185,1.00065426,0.00050000
22.187500,1.00016643,0.00050000
22.189815,1.00045333,0.00050000
22.192130,1.00066369,0.00050000
22.194444,0.99999018,0.00050000
22.196759,0.99998113,0.00050000
22.199074,1.00005736,0.00050000
22.201389,1.00032206,0.00050000
22.203704,1.00031279,0.00050000
22.206019,0.99999538,0.00050000
22.208333,1.00057238,0.00050000
22.210648,1.00047013,0.00050000
22.212963,1.00080485,0.00050000
22.215278,0.99968885,0.00050000
22.217593,1.00107298,0.00050000
22.219907,0.99924203,0.00050000
22.222222,1.00041589,0.00050000
22.224537,1.00063962,0.00050000
22.226852,1.00085219,0.00050000
22.229167,1.00067070,0.00050000
22.231481,1.00137066,0.00050000
22.233796,1.00021847,0.00050000
22.236111,0.99956580,0.00050000
22.238426,0.99908675,0.00050000
22.240741,1.00011366,0.00050000
22.243056,1.00017764,0.00050000
22.245370,0.99958544,0.00050000
22.247685,1.00072920,0.00050000
22.250000,1.00081111,0.00050000
22.252315,1.00037357,0.00050000
22.254630,1.00035797,0.00050000
22.256944,0.99963604,0.00050000
22.259259,1.00052068,0.00050000
22.261574,1.00085556,0.00050000
22.263889,1.00007596,0.00050000
22.266204,1.00011882,0.00050000
22.268519,0.99972715,0.00050000
22.270833,1.00054286,0.00050000
22.273148,0.99979376,0.00050000
22.275463,1.00040637,0.00050000
22.277778,0.99968648,0.00050000
22.280093,1.00001956,0.00050000
22.282407,1.00042128,0.00050000
22.284722,1.00008024,0.00050000
22.287037,1.00024096,0.00050000
22.289352,0.99998942,0.00050000
22.291667,0.99951206,0.00050000
22.293981,1.00063037,0.00050000
22.296296,0.99924335,0.00050000
22.298611,0.99998903,0.00050000
22.300926,1.00050090,0.00050000
22.303241,1.00001143,0.00050000
22.305556,1.00032920,0.00050000
22.307870,0.99959661,0.00050000
22.310185,1.00042002,0.00050000
22.312500,1.00079275,0.00050000
22.314815,1.00024824,0.00050000
22.317130,0.99947758,0.00050000
22.319444,0.99975564,0.00050000
22.321759,1.00093608,0.00050000
22.324074,1.00048140,0.00050000
22.326389,0.99993020,0.00050000
22.328704,0.99986346,0.00050000
22.331019,1.00020564,0.00050000
22.333333,1.00012146,0.00050000
22.335648,1.00050353,0.00050000
22.337963,1.00027598,0.00050000
22.340278,1.00036566,0.00050000
22.342593,1.00090887,0.00050000
22.344907,0.99989136,0.00050000
22.347222,0.99938508,0.00050000
22.349537,0.99980158,0.00050000
22.351852,1.00063476,0.00050000
22.354167,1.00008212,0.00050000
22.356481,0.99988419,0.00050000
22.358796,0.99990011,0.00050000
22.361111,0.99905632,0.00050000
22.363426,1.00001779,0.00050000
22.365741,0.99945979,0.00050000
22.368056,1.00083074,0.00050000
22.370370,0.99953580,0.00050000
22.372685,0.99950744,0.00050000
22.375000,0.99970825,0.00050000
22.377315,1.00034020,0.00050000
22.379630,0.99942001,0.00050000
22.381944,1.00003914,0.00050000
22.384259,0.99946987,0.00050000
22.386574,1.00118207,0.00050000
22.388889,1.00040776,0.00050000
22.391204,0.99989884,0.00050000
22.393519,0.99980502,0.00050000
22.395833,1.00012786,0.00050000
22.398148,0.99920746,0.00050000
22.400463,1.00004092,0.00050000
22.402778,1.00070891,0.00050000
22.405093,0.99917871,0.00050000
22.407407,0.99926460,0.00050000
22.409722,0.99925585,0.00050000
22.412037,1.00003133,0.00050000
22.414352,0.99961002,0.00050000
22.416667,0.99997151,0.00050000
22.418981,1.00054968,0.00050000
22.421296,1.00008390,0.00050000
22.423611,0.99969806,0.00050000
22.425926,1.00045465,0.00050000
22.428241,0.99919359,0.00050000
22.430556,0.99959359,0.00050000
22.432870,1.00027604,0.00050000
22.435185,0.99983320,0.00050000
22.437500,1.00085867,0.00050000
22.439815,0.99905245,0.00050000
22.442130,0.99930986,0.00050000
22.444444,0.99982845,0.00050000
22.446759,0.99985710,0.00050000
22.449074,1.00030027,0.00050000
22.451389,1.00002667,0.00050000
22.453704,1.00017824,0.00050000
22.456019,1.00012455,0.00050000
22.458333,0.99923497,0.00050000
22.460648,0.99964380,0.00050000
22.462963,0.99953203,0.00050000
22.465278,1.00082875,0.00050000
22.467593,0.99983270,0.00050000
22.469907,1.00029621,0.00050000
22.472222,0.99966802,0.00050000
22.474537,0.99988196,0.00050000
22.476852,1.00003410,0.00050000
22.479167,0.99937010,0.00050000
22.481481,0.99942057,0.00050000
22.483796,0.99994470,0.00050000
22.486111,0.99995821,0.00050000
22.488426,1.00027300,0.00050000
22.490741,0.99944816,0.00050000
22.493056,1.00012731,0.00050000
22.495370,1.00021466,0.00050000
22.497685,0.99950247,0.00050000
22.500000,0.99930511,0.00050000
22.502315,0.99932228,0.00050000
22.504630,0.99986678,0.00050000
22.506944,0.99863674,0.00050000
22.509259,1.00036973,0.00050000
22.511574,0.99858981,0.00050000
22.513889,0.99921317,0.00050000
22.516204,0.99940746,0.00050000
22.518519,0.99960554,0.00050000
22.520833,0.99925162,0.00050000
22.523148,0.99889387,0.00050000
22.525463,0.99939693,0.00050000
22.527778,1.00042633,0.00050000
22.530093,0.99950355,0.00050000
22.532407,1.00008059,0.00050000
22.534722,0.99907813,0.00050000
22.537037,0.99983042,0.00050000
22.539352,1.00039504,0.00050000
22.541667,0.99967498,0.00050000
22.543981,0.99903705,0.00050000
22.546296,1.00012313,0.00050000
22.548611,1.00019598,0.00050000
22.550926,1.00009108,0.00050000
22.553241,0.99937658,0.00050000
22.555556,0.99946581,0.00050000
22.557870,0.99933880,0.00050000
22.560185,0.99926138,0.00050000
22.562500,0.99831428,0.00050000
22.564815,0.99981007,0.00050000
22.567130,0.99944349,0.00050000
22.569444,0.99866553,0.00050000
22.571759,0.99980129,0.00050000
22.574074,0.99864173,0.00050000
22.576389,0.99969397,0.00050000
22.578704,0.99981571,0.00050000
22.581019,1.00016509,0.00050000
22.583333,0.99867606,0.00050000
22.585648,0.99934889,0.00050000
22.587963,0.99964854,0.00050000
22.590278,0.99897169,0.00050000
22.592593,0.99980747,0.00050000
22.594907,0.99913488,0.00050000
22.597222,0.99997267,0.00050000
22.599537,0.99947450,0.00050000
22.601852,0.99990011,0.00050000
22.604167,0.99966553,0.00050000
22.606481,0.99906906,0.00050000
22.608796,0.99950906,0.00050000
22.611111,0.99961999,0.00050000
22.613426,0.99955989,0.00050000
22.615741,0.99986365,0.00050000
22.618056,0.99960790,0.00050000
22.620370,0.99985344,0.00050000
22.622685,0.99900221,0.00050000
22.625000,1.00001805,0.00050000
22.627315,0.99958898,0.00050000
22.629630,0.99912994,0.00050000
22.631944,0.99936959,0.00050000
22.634259,0.99884229,0.00050000
22.636574,0.99896536,0.00050000
22.638889,0.99974489,0.00050000
22.641204,0.99980628,0.00050000
22.643519,0.99916725,0.00050000
22.645833,0.99829407,0.00050000
22.648148,0.99877732,0.00050000
22.650463,0.99962299,0.00050000
22.652778,0.99946970,0.00050000
22.655093,0.99947967,0.00050000
22.657407,0.99867753,0.00050000
22.659722,0.99907749,0.00050000
22.662037,0.99939335,0.00050000
22.664352,0.99947982,0.00050000
22.666667,0.99900775,0.00050000
22.668981,0.99911173,0.00050000
22.671296,0.99938385,0.00050000
22.673611,0.99883073,0.00050000
22.675926,0.99870505,0.00050000
22.678241,0.99952212,0.00050000
22.680556,0.99922948,0.00050000
22.682870,0.99854468,0.00050000
22.685185,0.99976987,0.00050000
22.687500,0.99994328,0.00050000
22.689815,0.99944154,0.00050000
22.692130,0.99903962,0.00050000
22.694444,0.99922241,0.00050000
22.696759,0.99937069,0.00050000
22.699074,0.99889495,0.00050000
22.701389,0.99932004,0.00050000
22.703704,0.99870393,0.00050000
22.706019,0.99906805,0.00050000
22.708333,0.99843331,0.00050000
22.710648,0.99882035,0.00050000
22.712963,0.99890938,0.00050000
22.715278,0.99804299,0.00050000
22.717593,0.99910120,0.00050000
22.719907,0.99922706,0.00050000
22.722222,0.99941165,0.00050000
22.724537,0.99933363,0.00050000
22.726852,0.99906377,0.00050000
22.729167,0.99844536,0.00050000
22.731481,0.99964334,0.00050000
22.733796,0.99889454,0.00050000
22.736111,0.99811275,0.00050000
22.738426,0.99854607,0.00050000
22.740741,0.99890508,0.00050000
22.743056,0.99916985,0.00050000
22.745370,0.99904890,0.00050000
22.747685,0.99968243,0.00050000
22.750000,0.99821974,0.00050000
22.752315,0.99885573,0.00050000
22.754630,0.99827044,0.00050000
22.756944,0.99839497,0.00050000
22.759259,0.99945433,0.00050000
22.761574,0.99895953,0.00050000
22.763889,0.99985021,0.00050000
22.766204,0.99956036,0.00050000
22.768519,0.99938113,0.00050000
22.770833,0.99928793,0.00050000
22.773148,0.99853647,0.00050000
22.775463,0.99862991,0.00050000
22.777778,0.99877512,0.00050000
22.780093,0.99857492,0.00050000
22.782407,0.99883987,0.00050000
22.784722,0.99979412,0.00050000
22.787037,0.99907712,0.00050000
22.789352,0.99872957,0.00050000
22.791667,0.99863773,0.00050000
22.793981,0.99894838,0.00050000
22.796296,0.99954095,0.00050000
22.798611,0.99892831,0.00050000
22.800926,0.99867583,0.00050000
22.803241,0.99957302,0.00050000
22.805556,0.99868032,0.00050000
22.807870,0.99837750,0.00050000
22.810185,0.99853224,0.00050000
22.812500,0.99857329,0.00050000
22.814815,0.99838071,0.00050000
22.817130,0.99890184,0.00050000
22.819444,0.99963180,0.00050000
22.821759,0.99871807,0.00050000
22.824074,0.99794272,0.00050000
22.826389,0.99899519,0.00050000
22.828704,0.99910078,0.00050000
22.831019,0.99840055,0.00050000
22.833333,0.99832958,0.00050000
22.835648,0.99914798,0.00050000
22.837963,0.99981166,0.00050000
22.840278,0.99851490,0.00050000
22.842593,0.99975036,0.00050000
22.844907,0.99954294,0.00050000
22.847222,0.99894306,0.00050000
22.849537,0.99854452,0.00050000
22.851852,0.99779090,0.00050000
22.854167,0.99884350,0.00050000
22.856481,0.99821211,0.00050000
22.858796,0.99931108,0.00050000
22.861111,0.99851150,0.00050000
22.863426,0.99921647,0.00050000
22.865741,0.99836477,0.00050000
22.868056,0.99899459,0.00050000
22.870370,0.99846237,0.00050000
22.872685,0.99909029,0.00050000
22.875000,0.99803051,0.00050000
22.877315,0.99833785,0.00050000
22.879630,0.99824410,0.00050000
22.881944,0.99858700,0.00050000
22.884259,0.99976126,0.00050000
22.886574,0.99876595,0.00050000
22.888889,0.99844654,0.00050000
22.891204,0.99819073,0.00050000
22.893519,0.99978656,0.00050000
22.895833,0.99966960,0.00050000
22.898148,0.99860070,0.00050000
22.900463,0.99800970,0.00050000
22.902778,0.99760728,0.00050000
22.905093,0.99907539,0.00050000
22.907407,0.99927175,0.00050000
22.909722,0.99811082,0.00050000
22.912037,0.99854785,0.00050000
22.914352,0.99875024,0.00050000
22.916667,0.99887284,0.00050000
22.918981,0.99801097,0.00050000
22.921296,0.99825838,0.00050000
22.923611,0.99818785,0.00050000
22.925926,0.99781196,0.00050000
22.928241,0.99870635,0.00050000
22.930556,0.99820319,0.00050000
22.932870,0.99923901,0.00050000
22.935185,0.99870132,0.00050000
22.937500,0.99827850,0.00050000
22.939815,0.99840101,0.00050000
22.942130,0.99824823,0.00050000
22.944444,0.99978085,0.00050000
22.946759,0.99834665,0.00050000
22.949074,0.99801076,0.00050000
22.951389,0.99827588,0.00050000
22.953704,0.99817223,0.00050000
22.956019,0.99801469,0.00050000
22.958333,0.99874826,0.00050000
22.960648,0.99857695,0.00050000
22.962963,0.99852231,0.00050000
22.965278,0.99889275,0.00050000
22.967593,0.99893102,0.00050000
22.969907,0.99819799,0.00050000
22.972222,0.99897856,0.00050000
22.974537,0.99859597,0.00050000
22.976852,0.99833468,0.00050000
22.979167,0.99859599,0.00050000
22.981481,0.99839511,0.00050000
22.983796,0.99776888,0.00050000
22.986111,0.99826450,0.00050000
22.988426,0.99749874,0.00050000
22.990741,0.99861490,0.00050000
22.993056,0.99778028,0.00050000
22.995370,0.99839276,0.00050000
22.997685,0.99841115,0.00050000
23.000000,0.99784044,0.00050000
23.002315,0.99883859,0.00050000
23.004630,0.99803821,0.00050000
23.006944,0.99841423,0.00050000
23.009259,0.99790159,0.00050000
23.011574,0.99873543,0.00050000
23.013889,0.99907115,0.00050000
23.016204,0.99852566,0.00050000
23.018519,0.99856624,0.00050000
23.020833,0.99792416,0.00050000
23.023148,0.99843169,0.00050000
23.025463,0.99809320,0.00050000
23.027778,0.99899882,0.00050000
23.030093,0.99793730,0.00050000
23.032407,0.99853834,0.00050000
23.034722,0.99835539,0.00050000
23.037037,0.99896627,0.00050000
23.039352,0.99856746,0.00050000
23.041667,0.99725540,0.00050000
23.043981,0.99889146,0.00050000
23.046296,0.99773339,0.00050000
23.048611,0.99861287,0.00050000
23.050926,0.99735358,0.00050000
23.053241,0.99820511,0.00050000
23.055556,0.99847216,0.00050000
23.057870,0.99692113,0.00050000
23.060185,0.99740772,0.00050000
23.062500,0.99932249,0.00050000
23.064815,0.99802491,0.00050000
23.067130,0.99908321,0.00050000
23.069444,0.99824759,0.00050000
23.071759,0.99783816,0.00050000
23.074074,0.99791495,0.00050000
23.076389,0.99795823,0.00050000
23.078704,0.99805753,0.00050000
23.081019,0.99840932,0.00050000
23.083333,0.99811502,0.00050000
23.085648,0.99876157,0.00050000
23.087963,0.99810298,0.00050000
23.090278,0.99767681,0.00050000
23.092593,0.99832931,0.00050000
23.094907,0.99791969,0.00050000
23.097222,0.99860985,0.00050000
23.099537,0.99819191,0.00050000
23.101852,0.99778761,0.00050000
23.104167,0.99827262,0.00050000
23.106481,0.99770858,0.00050000
23.108796,0.99803788,0.00050000
23.111111,0.99747313,0.00050000
23.113426,0.99914058,0.00050000
23.115741,0.99788652,0.00050000
23.118056,0.99748960,0.00050000
23.120370,0.99688979,0.00050000
23.122685,0.99872896,0.00050000
23.125000,0.99881150,0.00050000
23.127315,0.99815599,0.00050000
23.129630,0.99761416,0.00050000
23.131944,0.99808699,0.00050000
23.134259,0.99769787,0.00050000
23.136574,0.99753851,0.00050000
23.138889,0.99822148,0.00050000
23.141204,0.99831131,0.00050000
23.143519,0.99754950,0.00050000
23.145833,0.99845619,0.00050000
23.148148,0.99770435,0.00050000
23.150463,0.99640533,0.00050000
23.152778,0.99726740,0.00050000
23.155093,0.99827391,0.00050000
23.157407,0.99802028,0.00050000
23.159722,0.99838048,0.00050000
23.162037,0.99818697,0.00050000
23.164352,0.99861070,0.00050000
23.166667,0.99740291,0.00050000
23.168981,0.99833795,0.00050000
23.171296,0.99891148,0.00050000
23.173611,0.99769435,0.00050000
23.175926,0.99725728,0.00050000
23.178241,0.99783829,0.00050000
23.180556,0.99811443,0.00050000
23.182870,0.99821815,0.00050000
23.185185,0.99815154,0.00050000
23.187500,0.99940778,0.00050000
23.189815,0.99743266,0.00050000
23.192130,0.99748133,0.00050000
23.194444,0.99820938,0.00050000
23.196759,0.99757188,0.00050000
23.199074,0.99761202,0.00050000
23.201389,0.99788806,0.00050000
23.203704,0.99863727,0.00050000
23.206019,0.99751602,0.00050000
23.208333,0.99711844,0.00050000
23.210648,0.99800116,0.00050000
23.212963,0.99804282,0.00050000
23.215278,0.99858005,0.00050000
23.217593,0.99779104,0.00050000
23.219907,0.99774167,0.00050000
23.222222,0.99763534,0.00050000
23.224537,0.99774797,0.00050000
23.226852,0.99732796,0.00050000
23.229167,0.99775185,0.00050000
23.231481,0.99714019,0.00050000
23.233796,0.99806664,0.00050000
23.236111,0.99771392,0.00050000
23.238426,0.99789988,0.00050000
23.240741,0.99741184,0.00050000
23.243056,0.99772863,0.00050000
23.245370,0.99744634,0.00050000
23.247685,0.99863518,0.00050000
23.250000,0.99800419,0.00050000
23.252315,0.99759703,0.00050000
23.254630,0.99798098,0.00050000
23.256944,0.99804342,0.00050000
23.259259,0.99777469,0.00050000
23.261574,0.99707732,0.00050000
23.263889,0.99861548,0.00050000
23.266204,0.99766247,0.00050000
23.268519,0.99748560,0.00050000
23.270833,0.99745868,0.00050000
23.273148,0.99807055,0.00050000
23.275463,0.99750221,0.00050000
23.277778,0.99793782,0.00050000
23.280093,0.99779156,0.00050000
23.282407,0.99790847,0.00050000
23.284722,0.99816318,0.00050000
23.287037,0.99736186,0.00050000
23.289352,0.99680077,0.00050000
23.291667,0.99740131,0.00050000
23.293981,0.99772050,0.00050000
23.296296,0.99785645,0.00050000
23.298611,0.99784346,0.00050000
23.300926,0.99711098,0.00050000
23.303241,0.99739311,0.00050000
23.305556,0.99745000,0.00050000
23.307870,0.99679683,0.00050000
23.310185,0.99673736,0.00050000
23.312500,0.99825056,0.00050000
23.314815,0.99696743,0.00050000
23.317130,0.99751718,0.00050000
23.319444,0.99722126,0.00050000
23.321759,0.99751451,0.00050000
23.324074,0.99747539,0.00050000
23.326389,0.99718540,0.00050000
23.328704,0.99687100,0.00050000
23.331019,0.99741754,0.00050000
23.333333,0.99886984,0.00050000
23.335648,0.99785193,0.00050000
23.337963,0.99722582,0.00050000
23.340278,0.99791192,0.00050000
23.342593,0.99816562,0.00050000
23.344907,0.99707983,0.00050000
23.347222,0.99748816,0.00050000
23.349537,0.99778868,0.00050000
23.351852,0.99738512,0.00050000
23.354167,0.99728799,0.00050000
23.356481,0.99783293,0.00050000
23.358796,0.99742074,0.00050000
23.361111,0.99733243,0.00050000
23.363426,0.99730882,0.00050000
23.365741,0.99766315,0.00050000
23.368056,0.99791428,0.00050000
23.370370,0.99723958,0.00050000
23.372685,0.99809800,0.00050000
23.375000,0.99613505,0.00050000
23.377315,0.99749383,0.00050000
23.379630,0.99779421,0.00050000
23.381944,0.99838057,0.00050000
23.384259,0.99816834,0.00050000
23.386574,0.99655124,0.00050000
23.388889,0.99736879,0.00050000
23.391204,0.99748180,0.00050000
23.393519,0.99676026,0.00050000
23.395833,0.99676743,0.00050000
23.398148,0.99700505,0.00050000
23.400463,0.99709767,0.00050000
23.402778,0.99761948,0.00050000
23.405093,0.99747760,0.00050000
23.407407,0.99659020,0.00050000
23.409722,0.99697686,0.00050000
23.412037,0.99652166,0.00050000
23.414352,0.99804545,0.00050000
23.416667,0.99713269,0.00050000
23.418981,0.99720877,0.00050000
23.421296,0.99739010,0.00050000
23.423611,0.99710835,0.00050000
23.425926,0.99800911,0.00050000
23.428241,0.99757745,0.00050000
23.430556,0.99775843,0.00050000
23.432870,0.99722759,0.00050000
23.435185,0.99763935,0.00050000
23.437500,0.99699589,0.00050000
23.439815,0.99768059,0.00050000
23.442130,0.99742029,0.00050000
23.444444,0.99780892,0.00050000
23.446759,0.99702850,0.00050000
23.449074,0.99739717,0.00050000
23.451389,0.99610899,0.00050000
23.453704,0.99659343,0.00050000
23.456019,0.99733701,0.00050000
23.458333,0.99682260,0.00050000
23.460648,0.99723851,0.00050000
23.462963,0.99823847,0.00050000
23.465278,0.99689168,0.00050000
23.467593,0.99776665,0.00050000
23.469907,0.99689925,0.00050000
23.472222,0.99726200,0.00050000
23.474537,0.99750361,0.00050000
23.476852,0.99712618,0.00050000
23.479167,0.99699858,0.00050000
23.481481,0.99773525,0.00050000
23.483796,0.99792362,0.00050000
23.486111,0.99661498,0.00050000
23.488426,0.99698844,0.00050000
23.490741,0.99746079,0.00050000
23.493056,0.99799324,0.00050000
23.495370,0.99830478,0.00050000
23.497685,0.99715629,0.00050000
23.500000,0.99780173,0.00050000
23.502315,0.99789274,0.00050000
23.504630,0.99694510,0.00050000
23.506944,0.99723344,0.00050000
23.509259,0.99698139,0.00050000
23.511574,0.99758754,0.00050000
23.513889,0.99712743,0.00050000
23.516204,0.99750575,0.00050000
23.518519,0.99684068,0.00050000
23.520833,0.99666962,0.00050000
23.523148,0.99731185,0.00050000
23.525463,0.99715140,0.00050000
23.527778,0.99801283,0.00050000
23.530093,0.99751023,0.00050000
23.532407,0.99790065,0.00050000
23.534722,0.99762070,0.00050000
23.537037,0.99765623,0.00050000
23.539352,0.99611419,0.00050000
23.541667,0.99678985,0.00050000
23.543981,0.99678311,0.00050000
23.546296,0.99713162,0.00050000
23.548611,0.99729017,0.00050000
23.550926,0.99756947,0.00050000
23.553241,0.99726259,0.00050000
23.555556,0.99601942,0.00050000
23.557870,0.99799088,0.00050000
23.560185,0.99715056,0.00050000
23.562500,0.99731598,0.00050000
23.564815,0.99698206,0.00050000
23.567130,0.99763242,0.00050000
23.569444,0.99750101,0.00050000
23.571759,0.99654575,0.00050000
23.574074,0.99699618,0.00050000
23.576389,0.99748397,0.00050000
23.578704,0.99749121,0.00050000
23.581019,0.99777720,0.00050000
23.583333,0.99701391,0.00050000
23.585648,0.99729584,0.00050000
23.587963,0.99710140,0.00050000
23.590278,0.99723434,0.00050000
23.592593,0.99692599,0.00050000
23.594907,0.99765430,0.00050000
23.597222,0.99663559,0.00050000
23.599537,0.99722209,0.00050000
23.601852,0.99662626,0.00050000
23.604167,0.99741771,0.00050000
23.606481,0.99719667,0.00050000
23.608796,0.99840518,0.00050000
23.611111,0.99685025,0.00050000
23.613426,0.99816245,0.00050000
23.615741,0.99693788,0.00050000
23.618056,0.99750259,0.00050000
23.620370,0.99743265,0.00050000
23.622685,0.99652735,0.00050000
23.625000,0.99717859,0.00050000
23.627315,0.99762530,0.00050000
23.629630,0.99651110,0.00050000
23.631944,0.99775573,0.00050000
23.634259,0.99635493,0.00050000
23.636574,0.99731767,0.00050000
23.638889,0.99666726,0.00050000
23.641204,0.99667924,0.00050000
23.643519,0.99745522,0.00050000
23.645833,0.99752281,0.00050000
23.648148,0.99738536,0.00050000
23.650463,0.99689601,0.00050000
23.652778,0.99729661,0.00050000
23.655093,0.99697288,0.00050000
23.657407,0.99752231,0.00050000
23.659722,0.99613035,0.00050000
23.662037,0.99715154,0.00050000
23.664352,0.99764323,0.00050000
23.666667,0.99684753,0.00050000
23.668981,0.99679724,0.00050000
23.671296,0.99653204,0.00050000
23.673611,0.99706486,0.00050000
23.675926,0.99685638,0.00050000
23.678241,0.99741432,0.00050000
23.680556,0.99645033,0.00050000
23.682870,0.99716928,0.00050000
23.685185,0.99669805,0.00050000
23.687500,0.99627734,0.00050000
23.689815,0.99646504,0.00050000
23.692130,0.99609368,0.00050000
23.694444,0.99581907,0.00050000
23.696759,0.99662215,0.00050000
23.699074,0.99804510,0.00050000
23.701389,0.99658820,0.00050000
23.703704,0.99712070,0.00050000
23.706019,0.99675872,0.00050000
23.708333,0.99636362,0.00050000
23.710648,0.99713628,0.00050000
23.712963,0.99616756,0.00050000
23.715278,0.99750619,0.00050000
23.717593,0.99648286,0.00050000
23.719907,0.99781749,0.00050000
23.722222,0.99740968,0.00050000
23.724537,0.99709701,0.00050000
23.726852,0.99691201,0.00050000
23.729167,0.99682184,0.00050000
23.731481,0.99686680,0.00050000
23.733796,0.99712527,0.00050000
23.736111,0.99725637,0.00050000
23.738426,0.99706926,0.00050000
23.740741,0.99677992,0.00050000
23.743056,0.99711057,0.00050000
23.745370,0.99663704,0.00050000
23.747685,0.99751297,0.00050000
23.750000,0.99663097,0.00050000
23.752315,0.99737395,0.00050000
23.754630,0.99666750,0.00050000
23.756944,0.99721702,0.00050000
23.759259,0.99700348,0.00050000
23.761574,0.99711699,0.00050000
23.763889,0.99747854,0.00050000
23.766204,0.99680800,0.00050000
23.768519,0.99657543,0.00050000
23.770833,0.99692074,0.00050000
23.773148,0.99752161,0.00050000
23.775463,0.99801362,0.00050000
23.777778,0.99671555,0.00050000
23.780093,0.99595841,0.00050000
23.782407,0.99650567,0.00050000
23.784722,0.99744195,0.00050000
23.787037,0.99727027,0.00050000
23.789352,0.99769729,0.00050000
23.791667,0.99739405,0.00050000
23.793981,0.99788631,0.00050000
23.796296,0.99749746,0.00050000
23.798611,0.99726782,0.00050000
23.800926,0.99795855,0.00050000
23.803241,0.99716556,0.00050000
23.805556,0.99707151,0.00050000
23.807870,0.99751213,0.00050000
23.810185,0.99631306,0.00050000
23.812500,0.99666021,0.00050000
23.814815,0.99665926,0.00050000
23.817130,0.99711536,0.00050000
23.819444,0.99705407,0.00050000
23.821759,0.99616328,0.00050000
23.824074,0.99756338,0.00050000
23.826389,0.99723141,0.00050000
23.828704,0.99568246,0.00050000
23.831019,0.99718138,0.00050000
23.833333,0.99642128,0.00050000
23.835648,0.99628617,0.00050000
23.837963,0.99640610,0.00050000
23.840278,0.99790160,0.00050000
23.842593,0.99654286,0.00050000
23.844907,0.99728036,0.00050000
23.847222,0.99704463,0.00050000
23.849537,0.99812695,0.00050000
23.851852,0.99707568,0.00050000
23.854167,0.99661662,0.00050000
23.856481,0.99738680,0.00050000
23.858796,0.99770503,0.00050000
23.861111,0.99698807,0.00050000
23.863426,0.99741276,0.00050000
23.865741,0.99643737,0.00050000
23.868056,0.99625411,0.00050000
23.870370,0.99743325,0.00050000
23.872685,0.99688603,0.00050000
23.875000,0.99718038,0.00050000
23.877315,0.99661685,0.00050000
23.879630,0.99642843,0.00050000
23.881944,0.99666908,0.00050000
23.884259,0.99665141,0.00050000
23.886574,0.99672997,0.00050000
23.888889,0.99666935,0.00050000
23.891204,0.99651482,0.00050000
23.893519,0.99710970,0.00050000
23.895833,0.99641365,0.00050000
23.898148,0.99559321,0.00050000
23.900463,0.99691566,0.00050000
23.902778,0.99751374,0.00050000
23.905093,0.99733867,0.00050000
23.907407,0.99724662,0.00050000
23.909722,0.99662662,0.00050000
23.912037,0.99634100,0.00050000
23.914352,0.99609702,0.00050000
23.916667,0.99684561,0.00050000
23.918981,0.99678967,0.00050000
23.921296,0.99734110,0.00050000
23.923611,0.99759767,0.00050000
23.925926,0.99622515,0.00050000
23.928241,0.99668803,0.00050000
23.930556,0.99648618,0.00050000
23.932870,0.99704843,0.00050000
23.935185,0.99708798,0.00050000
23.937500,0.99677698,0.00050000
23.939815,0.99721485,0.00050000
23.942130,0.99649759,0.00050000
23.944444,0.99758373,0.00050000
23.946759,0.99733108,0.00050000
23.949074,0.99747805,0.00050000
23.951389,0.99745887,0.00050000
23.953704,0.99687267,0.00050000
23.956019,0.99573249,0.00050000
23.958333,0.99798568,0.00050000
23.960648,0.99621181,0.00050000
23.962963,0.99658858,0.00050000
23.965278,0.99763693,0.00050000
23.967593,0.99694366,0.00050000
23.969907,0.99694042,0.00050000
23.972222,0.99746495,0.00050000
23.974537,0.99590469,0.00050000
23.976852,0.99725797,0.00050000
23.979167,0.99600854,0.00050000
23.981481,0.99667279,0.00050000
23.983796,0.99758025,0.00050000
23.986111,0.99706290,0.00050000
23.988426,0.99703271,0.00050000
23.990741,0.99625245,0.00050000
23.993056,0.99696956,0.00050000
23.995370,0.99650494,0.00050000
23.997685,0.99652703,0.00050000
24.000000,0.99743813,0.00050000
24.002315,0.99680934,0.00050000
24.004630,0.99707091,0.00050000
24.006944,0.99664535,0.00050000
24.009259,0.99734093,0.00050000
24.011574,0.99604199,0.00050000
24.013889,0.99623444,0.00050000
24.016204,0.99673624,0.00050000
24.018519,0.99604798,0.00050000
24.020833,0.99695930,0.00050000
24.023148,0.99707916,0.00050000
24.025463,0.99675478,0.00050000
24.027778,0.99701314,0.00050000
24.030093,0.99688873,0.00050000
24.032407,0.99804960,0.00050000
24.034722,0.99715685,0.00050000
24.037037,0.99606479,0.00050000
24.039352,0.99722924,0.00050000
24.041667,0.99610141,0.00050000
24.043981,0.99752331,0.00050000
24.046296,0.99766488,0.00050000
24.048611,0.99608086,0.00050000
24.050926,0.99681056,0.00050000
24.053241,0.99654588,0.00050000
24.055556,0.99661908,0.00050000
24.057870,0.99646911,0.00050000
24.060185,0.99715305,0.00050000
24.062500,0.99699482,0.00050000
24.064815,0.99648545,0.00050000
24.067130,0.99564467,0.00050000
24.069444,0.99679112,0.00050000
24.071759,0.99648680,0.00050000
24.074074,0.99788459,0.00050000
24.076389,0.99680255,0.00050000
24.078704,0.99710361,0.00050000
24.081019,0.99648115,0.00050000
24.083333,0.99567790,0.00050000
24.085648,0.99676109,0.00050000
24.087963,0.99596885,0.00050000
24.090278,0.99745522,0.00050000
24.092593,0.99708317,0.00050000
24.094907,0.99775662,0.00050000
24.097222,0.99664280,0.00050000
24.099537,0.99677516,0.00050000
24.101852,0.99775973,0.00050000
24.104167,0.99712367,0.00050000
24.106481,0.99695240,0.00050000
24.108796,0.99697910,0.00050000
24.111111,0.99662775,0.00050000
24.113426,0.99640037,0.00050000
24.115741,0.99684397,0.00050000
24.118056,0.99659122,0.00050000
24.120370,0.99629042,0.00050000
24.122685,0.99654824,0.00050000
24.125000,0.99658374,0.00050000
24.127315,0.99615900,0.00050000
24.129630,0.99682824,0.00050000
24.131944,0.99727138,0.00050000
24.134259,0.99640448,0.00050000
24.136574,0.99701493,0.00050000
24.138889,0.99663347,0.00050000
24.141204,0.99648237,0.00050000
24.143519,0.99692571,0.00050000
24.145833,0.99608125,0.00050000
24.148148,0.99706448,0.00050000
24.150463,0.99662561,0.00050000
24.152778,0.99663457,0.00050000
24.155093,0.99690710,0.00050000
24.157407,0.99772103,0.00050000
24.159722,0.99678716,0.00050000
24.162037,0.99716633,0.00050000
24.164352,0.99660083,0.00050000
24.166667,0.99635045,0.00050000
24.168981,0.99677034,0.00050000
24.171296,0.99726910,0.00050000
24.173611,0.99709215,0.00050000
24.175926,0.99678876,0.00050000
24.178241,0.99760398,0.00050000
24.180556,0.99691702,0.00050000
24.182870,0.99770028,0.00050000
24.185185,0.99653373,0.00050000
24.187500,0.99689449,0.00050000
24.189815,0.99675645,0.00050000
24.192130,0.99691074,0.00050000
24.194444,0.99711131,0.00050000
24.196759,0.99709759,0.00050000
24.199074,0.99653143,0.00050000
24.201389,0.99622711,0.00050000
24.203704,0.99659016,0.00050000
24.206019,0.99664540,0.00050000
24.208333,0.99685669,0.00050000
24.210648,0.99703207,0.00050000
24.212963,0.99676340,0.00050000
24.215278,0.99736605,0.00050000
24.217593,0.99671840,0.00050000
24.219907,0.99614589,0.00050000
24.222222,0.99758935,0.00050000
24.224537,0.99739968,0.00050000
24.226852,0.99677655,0.00050000
24.229167,0.99740316,0.00050000
24.231481,0.99554460,0.00050000
24.233796,0.99672142,0.00050000
24.236111,0.99604271,0.00050000
24.238426,0.99697147,0.00050000
24.240741,0.99682643,0.00050000
24.243056,0.99689550,0.00050000
24.245370,0.99690724,0.00050000
24.247685,0.99668466,0.00050000
24.250000,0.99683317,0.00050000
24.252315,0.99647035,0.00050000
24.254630,0.99700042,0.00050000
24.256944,0.99696704,0.00050000
24.259259,0.99636756,0.00050000
24.261574,0.99784605,0.00050000
24.263889,0.99631655,0.00050000
24.266204,0.99668393,0.00050000
24.268519,0.99630686,0.00050000
24.270833,0.99582980,0.00050000
24.273148,0.99682979,0.00050000
24.275463,0.99755878,0.00050000
24.277778,0.99755167,0.00050000
24.280093,0.99679287,0.00050000
24.282407,0.99760255,0.00050000
24.284722,0.99715544,0.00050000
24.287037,0.99683860,0.00050000
24.289352,0.99625638,0.00050000
24.291667,0.99762772,0.00050000
24.293981,0.99780456,0.00050000
24.296296,0.99731120,0.00050000
24.298611,0.99675471,0.00050000
24.300926,0.99729223,0.00050000
24.303241,0.99715329,0.00050000
24.305556,0.99685236,0.00050000
24.307870,0.99694161,0.00050000
24.310185,0.99675608,0.00050000
24.312500,0.99744602,0.00050000
24.314815,0.99658699,0.00050000
24.317130,0.99602274,0.00050000
24.319444,0.99727795,0.00050000
24.321759,0.99709349,0.00050000
24.324074,0.99747434,0.00050000
24.326389,0.99680462,0.00050000
24.328704,0.99716898,0.00050000
24.331019,0.99762603,0.00050000
24.333333,0.99680277,0.00050000
24.335648,0.99651629,0.00050000
24.337963,0.99671985,0.00050000
24.340278,0.99763634,0.00050000
24.342593,0.99664360,0.00050000
24.344907,0.99706032,0.00050000
24.347222,0.99702658,0.00050000
24.349537,0.99736504,0.00050000
24.351852,0.99710616,0.00050000
24.354167,0.99740899,0.00050000
24.356481,0.99662542,0.00050000
24.358796,0.99793917,0.00050000
24.361111,0.99905476,0.00050000
24.363426,0.99720883,0.00050000
24.365741,0.99699778,0.00050000
24.368056,0.99636271,0.00050000
24.370370,0.99764621,0.00050000
24.372685,0.99661829,0.00050000
24.375000,0.99758983,0.00050000
24.377315,0.99791582,0.00050000
24.379630,0.99767309,0.00050000
24.381944,0.99794030,0.00050000
24.384259,0.99649438,0.00050000
24.386574,0.99628097,0.00050000
24.388889,0.99784162,0.00050000
24.391204,0.99720458,0.00050000
24.393519,0.99731081,0.00050000
24.395833,0.99672037,0.00050000
24.398148,0.99669846,0.00050000
24.400463,0.99662792,0.00050000
24.402778,0.99627668,0.00050000
24.405093,0.99752658,0.00050000
24.407407,0.99764322,0.00050000
24.409722,0.99739005,0.00050000
24.412037,0.99758289,0.00050000
24.414352,0.99695545,0.00050000
24.416667,0.99618383,0.00050000
24.418981,0.99673126,0.00050000
24.421296,0.99775448,0.00050000
24.423611,0.99765981,0.00050000
24.425926,0.99691391,0.00050000
24.428241,0.99718182,0.00050000
24.430556,0.99767026,0.00050000
24.432870,0.99720712,0.00050000
24.435185,0.99675142,0.00050000
24.437500,0.99685071,0.00050000
24.439815,0.99734508,0.00050000
24.442130,0.99688999,0.00050000
24.444444,0.99751070,0.00050000
24.446759,0.99705420,0.00050000
24.449074,0.99739428,0.00050000
24.451389,0.99692687,0.00050000
24.453704,0.99729965,0.00050000
24.456019,0.99744880,0.00050000
24.458333,0.99752696,0.00050000
24.460648,0.99761266,0.00050000
24.462963,0.99834173,0.00050000
24.465278,0.99748625,0.00050000
24.467593,0.99715084,0.00050000
24.469907,0.99737420,0.00050000
24.472222,0.99638177,0.00050000
24.474537,0.99706059,0.00050000
24.476852,0.99690259,0.00050000
24.479167,0.99776592,0.00050000
24.481481,0.99735834,0.00050000
24.483796,0.99796232,0.00050000
24.486111,0.99744196,0.00050000
24.488426,0.99696622,0.00050000
24.490741,0.99738080,0.00050000
24.493056,0.99689180,0.00050000
24.495370,0.99747609,0.00050000
24.497685,0.99755655,0.00050000
24.500000,0.99719193,0.00050000
24.502315,0.99701281,0.00050000
24.504630,0.99678699,0.00050000
24.506944,0.99757497,0.00050000
24.509259,0.99676159,0.00050000
24.511574,0.99789143,0.00050000
24.513889,0.99788566,0.00050000
24.516204,0.99737647,0.00050000
24.518519,0.99761195,0.00050000
24.520833,0.99797526,0.00050000
24.523148,0.99760127,0.00050000
24.525463,0.99730449,0.00050000
24.527778,0.99709835,0.00050000
24.530093,0.99737707,0.00050000
24.532407,0.99746488,0.00050000
24.534722,0.99738164,0.00050000
24.537037,0.99763779,0.00050000
24.539352,0.99644146,0.00050000
24.541667,0.99677698,0.00050000
24.543981,0.99678966,0.00050000
24.546296,0.99742497,0.00050000
24.548611,0.99701944,0.00050000
24.550926,0.99710413,0.00050000
24.553241,0.99806336,0.00050000
24.555556,0.99841404,0.00050000
24.557870,0.99743434,0.00050000
24.560185,0.99702698,0.00050000
24.562500,0.99694832,0.00050000
24.564815,0.99745923,0.00050000
24.567130,0.99652494,0.00050000
24.569444,0.99758400,0.00050000
24.571759,0.99689209,0.00050000
24.574074,0.99821064,0.00050000
24.576389,0.99710827,0.00050000
24.578704,0.99732229,0.00050000
24.581019,0.99692485,0.00050000
24.583333,0.99788992,0.00050000
24.585648,0.99673833,0.00050000
24.587963,0.99746188,0.00050000
24.590278,0.99725760,0.00050000
24.592593,0.99742578,0.00050000
24.594907,0.99741141,0.00050000
24.597222,0.99742659,0.00050000
24.599537,0.99766294,0.00050000
24.601852,0.99752561,0.00050000
24.604167,0.99749932,0.00050000
24.606481,0.99716147,0.00050000
24.608796,0.99696180,0.00050000
24.611111,0.99701983,0.00050000
24.613426,0.99708009,0.00050000
24.615741,0.99655310,0.00050000
24.618056,0.99736364,0.00050000
24.620370,0.99726185,0.00050000
24.622685,0.99734503,0.00050000
24.625000,0.99770345,0.00050000
24.627315,0.99787807,0.00050000
24.629630,0.99720480,0.00050000
24.631944,0.99723658,0.00050000
24.634259,0.99720739,0.00050000
24.636574,0.99810391,0.00050000
24.638889,0.99740464,0.00050000
24.641204,0.99693000,0.00050000
24.643519,0.99720474,0.00050000
24.645833,0.99810163,0.00050000
24.648148,0.99780180,0.00050000
24.650463,0.99759148,0.00050000
24.652778,0.99768396,0.00050000
24.655093,0.99691449,0.00050000
24.657407,0.99723849,0.00050000
24.659722,0.99837128,0.00050000
24.662037,0.99718068,0.00050000
24.664352,0.99755682,0.00050000
24.666667,0.99798964,0.00050000
24.668981,0.99716373,0.00050000
24.671296,0.99781225,0.00050000
24.673611,0.99650509,0.00050000
24.675926,0.99737893,0.00050000
24.678241,0.99710926,0.00050000
24.680556,0.99707045,0.00050000
24.682870,0.99717670,0.00050000
24.685185,0.99736612,0.00050000
24.687500,0.99635542,0.00050000
24.689815,0.99800321,0.00050000
24.692130,0.99715782,0.00050000
24.694444,0.99842398,0.00050000
24.696759,0.99778108,0.00050000
24.699074,0.99777062,0.00050000
24.701389,0.99825432,0.00050000
24.703704,0.99749855,0.00050000
24.706019,0.99810904,0.00050000
24.708333,0.99702043,0.00050000
24.710648,0.99805209,0.00050000
24.712963,0.99721075,0.00050000
24.715278,0.99789304,0.00050000
24.717593,0.99813496,0.00050000
24.719907,0.99794907,0.00050000
24.722222,0.99737615,0.00050000
24.724537,0.99812435,0.00050000
24.726852,0.99724909,0.00050000
24.729167,0.99791614,0.00050000
24.731481,0.99770662,0.00050000
24.733796,0.99815424,0.00050000
24.736111,0.99827456,0.00050000
24.738426,0.99772211,0.00050000
24.740741,0.99731562,0.00050000
24.743056,0.99733995,0.00050000
24.745370,0.99751918,0.00050000
24.747685,0.99755964,0.00050000
24.750000,0.99762216,0.00050000
24.752315,0.99767834,0.00050000
24.754630,0.99740431,0.00050000
24.756944,0.99728750,0.00050000
24.759259,0.99674635,0.00050000
24.761574,0.99750986,0.00050000
24.763889,0.99847935,0.00050000
24.766204,0.99714983,0.00050000
24.768519,0.99769331,0.00050000
24.770833,0.99743114,0.00050000
24.773148,0.99705151,0.00050000
24.775463,0.99781126,0.00050000
24.777778,0.99771237,0.00050000
24.780093,0.99804998,0.00050000
24.782407,0.99865623,0.00050000
24.784722,0.99718768,0.00050000
24.787037,0.99953957,0.00050000
24.789352,0.99818195,0.00050000
24.791667,0.99806547,0.00050000
24.793981,0.99825689,0.00050000
24.796296,0.99798813,0.00050000
24.798611,0.99849075,0.00050000
24.800926,0.99743003,0.00050000
24.803241,0.99714172,0.00050000
24.805556,0.99732616,0.00050000
24.807870,0.99787304,0.00050000
24.810185,0.99797662,0.00050000
24.812500,0.99766573,0.00050000
24.814815,0.99859180,0.00050000
24.817130,0.99832025,0.00050000
24.819444,0.99826730,0.00050000
24.821759,0.99827554,0.00050000
24.824074,0.99812939,0.00050000
24.826389,0.99888372,0.00050000
24.828704,0.99742084,0.00050000
24.831019,0.99868427,0.00050000
24.833333,0.99851071,0.00050000
24.835648,0.99707136,0.00050000
24.837963,0.99783964,0.00050000
24.840278,0.99801279,0.00050000
24.842593,0.99864611,0.00050000
24.844907,0.99804104,0.00050000
24.847222,0.99804827,0.00050000
24.849537,0.99780546,0.00050000
24.851852,0.99794579,0.00050000
24.854167,0.99866995,0.00050000
24.856481,0.99786759,0.00050000
24.858796,0.99758257,0.00050000
24.861111,0.99789134,0.00050000
24.863426,0.99794051,0.00050000
24.865741,0.99724694,0.00050000
24.868056,0.99770534,0.00050000
24.870370,0.99808665,0.00050000
24.872685,0.99824596,0.00050000
24.875000,0.99802062,0.00050000
24.877315,0.99851917,0.00050000
24.879630,0.99761224,0.00050000
24.881944,0.99821349,0.00050000
24.884259,0.99816729,0.00050000
24.886574,0.99690933,0.00050000
24.888889,0.99852942,0.00050000
24.891204,0.99826401,0.00050000
24.893519,0.99821693,0.00050000
24.895833,0.99845951,0.00050000
24.898148,0.99749597,0.00050000
24.900463,0.99732956,0.00050000
24.902778,0.99738109,0.00050000
24.905093,0.99772577,0.00050000
24.907407,0.99873768,0.00050000
24.909722,0.99851972,0.00050000
24.912037,0.99814651,0.00050000
24.914352,0.99787937,0.00050000
24.916667,0.99852711,0.00050000
24.918981,0.99735599,0.00050000
24.921296,0.99873891,0.00050000
24.923611,0.99792072,0.00050000
24.925926,0.99843439,0.00050000
24.928241,0.99814519,0.00050000
24.930556,0.99763468,0.00050000
24.932870,0.99851625,0.00050000
24.935185,0.99930454,0.00050000
24.937500,0.99830460,0.00050000
24.939815,0.99816015,0.00050000
24.942130,0.99784038,0.00050000
24.944444,0.99818853,0.00050000
24.946759,0.99874324,0.00050000
24.949074,0.99740523,0.00050000
24.951389,0.99846371,0.00050000
24.953704,0.99765249,0.00050000
24.956019,0.99857772,0.00050000
24.958333,0.99886696,0.00050000
24.960648,0.99813194,0.00050000
24.962963,0.99759203,0.00050000
24.965278,0.99810681,0.00050000
24.967593,0.99874314,0.00050000
24.969907,0.99806020,0.00050000
24.972222,0.99808556,0.00050000
24.974537,0.99807315,0.00050000
24.976852,0.99884165,0.00050000
24.979167,0.99843567,0.00050000
24.981481,0.99844206,0.00050000
24.983796,0.99767424,0.00050000
24.986111,0.99913953,0.00050000
24.988426,0.99888112,0.00050000
24.990741,0.99775485,0.00050000
24.993056,0.99746482,0.00050000
24.995370,0.99838168,0.00050000
24.997685,0.99824987,0.00050000
25.000000,0.99874567,0.00050000
25.002315,0.99835666,0.00050000
25.004630,0.99917413,0.00050000
25.006944,0.99902173,0.00050000
25.009259,0.99842303,0.00050000
25.011574,0.99838038,0.00050000
25.013889,0.99911534,0.00050000
25.016204,0.99851996,0.00050000
25.018519,0.99848235,0.00050000
25.020833,0.99870791,0.00050000
25.023148,0.99873448,0.00050000
25.025463,0.99919771,0.00050000
25.027778,0.99764616,0.00050000
25.030093,0.99815459,0.00050000
25.032407,0.99807711,0.00050000
25.034722,0.99946242,0.00050000
25.037037,0.99881647,0.00050000
25.039352,0.99854095,0.00050000
25.041667,0.99903536,0.00050000
25.043981,0.99737578,0.00050000
25.046296,0.99839772,0.00050000
25.048611,0.99834567,0.00050000
25.050926,0.99762213,0.00050000
25.053241,0.99847983,0.00050000
25.055556,0.99806537,0.00050000
25.057870,0.99817171,0.00050000
25.060185,0.99896630,0.00050000
25.062500,0.99910613,0.00050000
25.064815,0.99866108,0.00050000
25.067130,0.99882146,0.00050000
25.069444,0.99822780,0.00050000
25.071759,0.99901501,0.00050000
25.074074,0.99886206,0.00050000
25.076389,0.99826625,0.00050000
25.078704,0.99797601,0.00050000
25.081019,0.99902839,0.00050000
25.083333,0.99839622,0.00050000
25.085648,0.99857219,0.00050000
25.087963,0.99911829,0.00050000
25.090278,0.99861629,0.00050000
25.092593,0.99956169,0.00050000
25.094907,0.99859785,0.00050000
25.097222,0.99731253,0.00050000
25.099537,0.99917630,0.00050000
25.101852,0.99856345,0.00050000
25.104167,0.99786803,0.00050000
25.106481,0.99872393,0.00050000
25.108796,0.99858066,0.00050000
25.111111,0.99855012,0.00050000
25.113426,0.99968493,0.00050000
25.115741,0.99795970,0.00050000
25.118056,0.99846693,0.00050000
25.120370,0.99818634,0.00050000
25.122685,0.99810345,0.00050000
25.125000,0.99886057,0.00050000
25.127315,0.99909152,0.00050000
25.129630,0.99917305,0.00050000
25.131944,0.99881471,0.00050000
25.134259,0.99790646,0.00050000
25.136574,0.99881761,0.00050000
25.138889,0.99887160,0.00050000
25.141204,0.99812532,0.00050000
25.143519,0.99879163,0.00050000
25.145833,0.99956780,0.00050000
25.148148,0.99936910,0.00050000
25.150463,0.99872985,0.00050000
25.152778,0.99867814,0.00050000
25.155093,0.99880499,0.00050000
25.157407,0.99865964,0.00050000
25.159722,0.99926419,0.00050000
25.162037,0.99816329,0.00050000
25.164352,0.99879532,0.00050000
25.166667,0.99894217,0.00050000
25.168981,0.99840501,0.00050000
25.171296,0.99943131,0.00050000
25.173611,0.99910676,0.00050000
25.175926,0.99945568,0.00050000
25.178241,0.99913557,0.00050000
25.180556,0.99851481,0.00050000
25.182870,0.99854684,0.00050000
25.185185,0.99949519,0.00050000
25.187500,0.99865632,0.00050000
25.189815,0.99955379,0.00050000
25.192130,0.99925681,0.00050000
25.194444,0.99882045,0.00050000
25.196759,0.99900911,0.00050000
25.199074,0.99939302,0.00050000
25.201389,0.99900076,0.00050000
25.203704,0.99874693,0.00050000
25.206019,0.99956938,0.00050000
25.208333,0.99916872,0.00050000
25.210648,0.99942354,0.00050000
25.212963,0.99892140,0.00050000
25.215278,0.99917118,0.00050000
25.217593,0.99871825,0.00050000
25.219907,0.99861581,0.00050000
25.222222,0.99874105,0.00050000
25.224537,0.99843372,0.00050000
25.226852,0.99926253,0.00050000
25.229167,0.99914476,0.00050000
25.231481,0.99972495,0.00050000
25.233796,0.99943562,0.00050000
25.236111,0.99852434,0.00050000
25.238426,0.99918400,0.00050000
25.240741,0.99937471,0.00050000
25.243056,0.99781501,0.00050000
25.245370,0.99893170,0.00050000
25.247685,0.99905887,0.00050000
25.250000,0.99895549,0.00050000
25.252315,0.99987804,0.00050000
25.254630,0.99896076,0.00050000
25.256944,0.99965204,0.00050000
25.259259,0.99868688,0.00050000
25.261574,0.99924468,0.00050000
25.263889,0.99909668,0.00050000
25.266204,0.99981446,0.00050000
25.268519,0.99893067,0.00050000
25.270833,0.99852573,0.00050000
25.273148,1.00011881,0.00050000
25.275463,0.99836575,0.00050000
25.277778,0.99936432,0.00050000
25.280093,0.99890877,0.00050000
25.282407,0.99921502,0.00050000
25.284722,0.99949721,0.00050000
25.287037,0.99814598,0.00050000
25.289352,0.99964051,0.00050000
25.291667,0.99918114,0.00050000
25.293981,0.99973552,0.00050000
25.296296,0.99915540,0.00050000
25.298611,0.99999829,0.00050000
25.300926,0.99945494,0.00050000
25.303241,0.99893165,0.00050000
25.305556,0.99952928,0.00050000
25.307870,0.99953535,0.00050000
25.310185,0.99923169,0.00050000
25.312500,0.99880225,0.00050000
25.314815,0.99879278,0.00050000
25.317130,0.99892113,0.00050000
25.319444,0.99898263,0.00050000
25.321759,0.99901417,0.00050000
25.324074,0.99883979,0.00050000
25.326389,0.99907245,0.00050000
25.328704,0.99894449,0.00050000
25.331019,1.00006079,0.00050000
25.333333,0.99889330,0.00050000
25.335648,0.99931686,0.00050000
25.337963,0.99876383,0.00050000
25.340278,1.00004181,0.00050000
25.342593,0.99932696,0.00050000
25.344907,0.99989927,0.00050000
25.347222,0.99882930,0.00050000
25.349537,0.99926455,0.00050000
25.351852,0.99880712,0.00050000
25.354167,1.00014998,0.00050000
25.356481,1.00054543,0.00050000
25.358796,0.99935508,0.00050000
25.361111,0.99977652,0.00050000
25.363426,0.99942845,0.00050000
25.365741,1.00023965,0.00050000
25.368056,0.99930399,0.00050000
25.370370,0.99965321,0.00050000
25.372685,0.99905647,0.00050000
25.375000,0.99936066,0.00050000
25.377315,0.99942854,0.00050000
25.379630,0.99997259,0.00050000
25.381944,0.99969432,0.00050000
25.384259,0.99926782,0.00050000
25.386574,0.99978595,0.00050000
25.388889,0.99970665,0.00050000
25.391204,0.99914567,0.00050000
25.393519,0.99936361,0.00050000
25.395833,0.99989013,0.00050000
25.398148,0.99936811,0.00050000
25.400463,0.99926137,0.00050000
25.402778,1.00022594,0.00050000
25.405093,0.99957478,0.00050000
25.407407,0.99956261,0.00050000
25.409722,1.00046016,0.00050000
25.412037,0.99930787,0.00050000
25.414352,0.99974708,0.00050000
25.416667,0.99898481,0.00050000
25.418981,0.99999895,0.00050000
25.421296,0.99905493,0.00050000
25.423611,0.99888655,0.00050000
25.425926,0.99969406,0.00050000
25.428241,0.99972514,0.00050000
25.430556,1.00057614,0.00050000
25.432870,0.99981028,0.00050000
25.435185,0.99948553,0.00050000
25.437500,0.99951478,0.00050000
25.439815,0.99945700,0.00050000
25.442130,0.99996699,0.00050000
25.444444,0.99942248,0.00050000
25.446759,0.99940850,0.00050000
25.449074,0.99953606,0.00050000
25.451389,1.00015296,0.00050000
25.453704,0.99951450,0.00050000
25.456019,0.99985150,0.00050000
25.458333,0.99876973,0.00050000
25.460648,0.99984686,0.00050000
25.462963,1.00010854,0.00050000
25.465278,0.99922892,0.00050000
25.467593,0.99896276,0.00050000
25.469907,1.00045914,0.00050000
25.472222,1.00010063,0.00050000
25.474537,0.99903799,0.00050000
25.476852,0.99968314,0.00050000
25.479167,0.99987260,0.00050000
25.481481,1.00036468,0.00050000
25.483796,1.00036593,0.00050000
25.486111,1.00025441,0.00050000
25.488426,1.00055583,0.00050000
25.490741,0.99970711,0.00050000
25.493056,0.99990174,0.00050000
25.495370,0.99961298,0.00050000
25.497685,1.00023970,0.00050000
25.500000,1.00102309,0.00050000
25.502315,1.00001329,0.00050000
25.504630,0.99963077,0.00050000
25.506944,0.99907451,0.00050000
25.509259,1.00048907,0.00050000
25.511574,1.00042158,0.00050000
25.513889,1.00062923,0.00050000
25.516204,0.99909871,0.00050000
25.518519,1.00016859,0.00050000
25.520833,0.99913417,0.00050000
25.523148,0.99883528,0.00050000
25.525463,0.99969770,0.00050000
25.527778,0.99966577,0.00050000
25.530093,0.99965009,0.00050000
25.532407,0.99984270,0.00050000
25.534722,0.99996376,0.00050000
25.537037,1.00070611,0.00050000
25.539352,0.99953839,0.00050000
25.541667,0.99938485,0.00050000
25.543981,0.99935129,0.00050000
25.546296,0.99989704,0.00050000
25.548611,0.99904991,0.00050000
25.550926,1.00035019,0.00050000
25.553241,0.99945548,0.00050000
25.555556,0.99962558,0.00050000
25.557870,0.99949481,0.00050000
25.560185,1.00001497,0.00050000
25.562500,0.99951201,0.00050000
25.564815,0.99988401,0.00050000
25.567130,1.00035297,0.00050000
25.569444,1.00060621,0.00050000
25.571759,1.00066906,0.00050000
25.574074,0.99976336,0.00050000
25.576389,1.00023086,0.00050000
25.578704,0.99945505,0.00050000
25.581019,1.00026709,0.00050000
25.583333,1.00007594,0.00050000
25.585648,0.99993279,0.00050000
25.587963,1.00057520,0.00050000
25.590278,1.00070834,0.00050000
25.592593,0.99939095,0.00050000
25.594907,1.00028505,0.00050000
25.597222,0.99992480,0.00050000
25.599537,1.00036413,0.00050000
25.601852,0.99993730,0.00050000
25.604167,1.00024646,0.00050000
25.606481,1.00097519,0.00050000
25.608796,1.00057926,0.00050000
25.611111,0.99949079,0.00050000
25.613426,1.00100972,0.00050000
25.615741,0.99924268,0.00050000
25.618056,0.99968348,0.00050000
25.620370,0.99987231,0.00050000
25.622685,1.00019894,0.00050000
25.625000,1.00046602,0.00050000
25.627315,1.00034158,0.00050000
25.629630,1.00026571,0.00050000
25.631944,1.00021209,0.00050000
25.634259,1.00003936,0.00050000
25.636574,1.00047196,0.00050000
25.638889,0.99985799,0.00050000
25.641204,1.00110939,0.00050000
25.643519,0.99961940,0.00050000
25.645833,0.99997747,0.00050000
25.648148,1.00113302,0.00050000
25.650463,1.00045808,0.00050000
25.652778,0.99980708,0.00050000
25.655093,1.00068669,0.00050000
25.657407,1.00070983,0.00050000
25.659722,1.00036130,0.00050000
25.662037,1.00032948,0.00050000
25.664352,1.00108689,0.00050000
25.666667,0.99985911,0.00050000
25.668981,1.00051584,0.00050000
25.671296,1.00037896,0.00050000
25.673611,0.99942692,0.00050000
25.675926,1.00034615,0.00050000
25.678241,0.99989667,0.00050000
25.680556,1.00061743,0.00050000
25.682870,1.00074826,0.00050000
25.685185,1.00123982,0.00050000
25.687500,0.99999282,0.00050000
25.689815,1.00107425,0.00050000
25.692130,0.99948554,0.00050000
25.694444,0.99979341,0.00050000
25.696759,1.00123346,0.00050000
25.699074,1.00022188,0.00050000
25.701389,1.00060683,0.00050000
25.703704,1.00014060,0.00050000
25.706019,0.99955174,0.00050000
25.708333,1.00092282,0.00050000
25.710648,1.00016624,0.00050000
25.712963,1.00096636,0.00050000
25.715278,1.00042467,0.00050000
25.717593,1.00090129,0.00050000
25.719907,1.00172340,0.00050000
25.722222,1.00063329,0.00050000
25.724537,1.00069403,0.00050000
25.726852,0.99981329,0.00050000
25.729167,1.00084343,0.00050000
25.731481,0.99980898,0.00050000
25.733796,1.00010321,0.00050000
25.736111,1.00021316,0.00050000
25.738426,1.00056602,0.00050000
25.740741,0.99989982,0.00050000
25.743056,1.00086268,0.00050000
25.745370,0.99985254,0.00050000
25.747685,1.00137895,0.00050000
25.750000,1.00065847,0.00050000
25.752315,1.00050713,0.00050000
25.754630,1.00060611,0.00050000
25.756944,1.00045155,0.00050000
25.759259,1.00066286,0.00050000
25.761574,0.99995553,0.00050000
25.763889,1.00073835,0.00050000
25.766204,1.00119224,0.00050000
25.768519,0.99928781,0.00050000
25.770833,0.99968274,0.00050000
25.773148,1.00152392,0.00050000
25.775463,1.00088857,0.00050000
25.777778,1.00012552,0.00050000
25.780093,1.00019490,0.00050000
25.782407,1.00023971,0.00050000
25.784722,1.00014581,0.00050000
25.787037,1.00103265,0.00050000
25.789352,1.00039977,0.00050000
25.791667,1.00011060,0.00050000
25.793981,0.99990717,0.00050000
25.796296,1.00061367,0.00050000
25.798611,1.00086279,0.00050000
25.800926,1.00157256,0.00050000
25.803241,0.99972156,0.00050000
25.805556,1.00077935,0.00050000
25.807870,0.99992965,0.00050000
25.810185,1.00135699,0.00050000
25.812500,0.99976031,0.00050000
25.814815,1.00083402,0.00050000
25.817130,1.00113043,0.00050000
25.819444,1.00055710,0.00050000
25.821759,1.00034436,0.00050000
25.824074,1.00092713,0.00050000
25.826389,1.00137809,0.00050000
25.828704,1.00115301,0.00050000
25.831019,1.00099868,0.00050000
25.833333,1.00180526,0.00050000
25.835648,1.00090941,0.00050000
25.837963,1.00093548,0.00050000
25.840278,1.00037704,0.00050000
25.842593,1.00072267,0.00050000
25.844907,1.00117527,0.00050000
25.847222,1.00042596,0.00050000
25.849537,1.00069357,0.00050000
25.851852,1.00102943,0.00050000
25.854167,1.00060210,0.00050000
25.856481,0.99986885,0.00050000
25.858796,1.00092557,0.00050000
25.861111,1.00128740,0.00050000
25.863426,1.00072836,0.00050000
25.865741,1.00106697,0.00050000
25.868056,1.00010461,0.00050000
25.870370,1.00132688,0.00050000
25.872685,1.00063412,0.00050000
25.875000,1.00088073,0.00050000
25.877315,1.00043630,0.00050000
25.879630,1.00170934,0.00050000
25.881944,1.00102118,0.00050000
25.884259,1.00201101,0.00050000
25.886574,1.00067269,0.00050000
25.888889,1.00114035,0.00050000
25.891204,1.00114308,0.00050000
25.893519,1.00007094,0.00050000
25.895833,1.00068326,0.00050000
25.898148,1.00073237,0.00050000
25.900463,1.00176595,0.00050000
25.902778,1.00111709,0.00050000
25.905093,1.00052934,0.00050000
25.907407,1.00116472,0.00050000
25.909722,1.00004210,0.00050000
25.912037,1.00108701,0.00050000
25.914352,1.00103049,0.00050000
25.916667,1.00168715,0.00050000
25.918981,1.00096843,0.00050000
25.921296,1.00014945,0.00050000
25.923611,1.00131245,0.00050000
25.925926,1.00211837,0.00050000
25.928241,1.00069114,0.00050000
25.930556,1.00106768,0.00050000
25.932870,1.00064807,0.00050000
25.935185,1.00109311,0.00050000
25.937500,1.00026014,0.00050000
25.939815,1.00164629,0.00050000
25.942130,1.00221392,0.00050000
25.944444,1.00056271,0.00050000
25.946759,1.00123051,0.00050000
25.949074,1.00079588,0.00050000
25.951389,1.00112373,0.00050000
25.953704,1.00163259,0.00050000
25.956019,1.00146850,0.00050000
25.958333,1.00188814,0.00050000
25.960648,1.00131592,0.00050000
25.962963,1.00124744,0.00050000
25.965278,1.00254839,0.00050000
25.967593,1.00170951,0.00050000
25.969907,1.00132483,0.00050000
25.972222,1.00092028,0.00050000
25.974537,1.00140643,0.00050000
25.976852,1.00174216,0.00050000
25.979167,1.00151300,0.00050000
25.981481,1.00115942,0.00050000
25.983796,1.00118590,0.00050000
25.986111,1.00120789,0.00050000
25.988426,1.00074430,0.00050000
25.990741,1.00068441,0.00050000
25.993056,1.00042144,0.00050000
25.995370,1.00091058,0.00050000
25.997685,1.00189290,0.00050000
26.000000,1.00124978,0.00050000
26.002315,1.00062686,0.00050000
26.004630,1.00078560,0.00050000
26.006944,1.00025639,0.00050000
26.009259,1.00129515,0.00050000
26.011574,1.00169854,0.00050000
26.013889,1.00072492,0.00050000
26.016204,1.00076957,0.00050000
26.018519,1.00111320,0.00050000
26.020833,1.00145137,0.00050000
26.023148,1.00141452,0.00050000
26.025463,1.00122620,0.00050000
26.027778,1.00154995,0.00050000
26.030093,1.00112177,0.00050000
26.032407,1.00137227,0.00050000
26.034722,1.00199838,0.00050000
26.037037,1.00104355,0.00050000
26.039352,1.00108575,0.00050000
26.041667,1.00176385,0.00050000
26.043981,1.00111090,0.00050000
26.046296,1.00128558,0.00050000
26.048611,1.00052160,0.00050000
26.050926,1.00097933,0.00050000
26.053241,1.00129996,0.00050000
26.055556,1.00146063,0.00050000
26.057870,1.00166438,0.00050000
26.060185,1.00173011,0.00050000
26.062500,1.00154394,0.00050000
26.064815,1.00139988,0.00050000
26.067130,1.00162669,0.00050000
26.069444,1.00163780,0.00050000
26.071759,1.00206435,0.00050000
26.074074,1.00130369,0.00050000
26.076389,1.00142829,0.00050000
26.078704,1.00214971,0.00050000
26.081019,1.00179634,0.00050000
26.083333,1.00081762,0.00050000
26.085648,1.00124842,0.00050000
26.087963,1.00135063,0.00050000
26.090278,1.00143354,0.00050000
26.092593,1.00080779,0.00050000
26.094907,1.00056432,0.00050000
26.097222,1.00179877,0.00050000
26.099537,1.00138510,0.00050000
26.101852,1.00150363,0.00050000
26.104167,1.00107559,0.00050000
26.106481,1.00191206,0.00050000
26.108796,1.00106701,0.00050000
26.111111,1.00241125,0.00050000
26.113426,1.00135222,0.00050000
26.115741,1.00235743,0.00050000
26.118056,1.00158576,0.00050000
26.120370,1.00155289,0.00050000
26.122685,1.00207767,0.00050000
26.125000,1.00139659,0.00050000
26.127315,1.00161498,0.00050000
26.129630,1.00186745,0.00050000
26.131944,1.00068946,0.00050000
26.134259,1.00157337,0.00050000
26.136574,1.00132917,0.00050000
26.138889,1.00188276,0.00050000
26.141204,1.00122408,0.00050000
26.143519,1.00186600,0.00050000
26.145833,1.00120172,0.00050000
26.148148,1.00103121,0.00050000
26.150463,1.00128943,0.00050000
26.152778,1.00229374,0.00050000
26.155093,1.00088186,0.00050000
26.157407,1.00108989,0.00050000
26.159722,1.00176704,0.00050000
26.162037,1.00083896,0.00050000
26.164352,1.00188782,0.00050000
26.166667,1.00123245,0.00050000
26.168981,1.00124917,0.00050000
26.171296,1.00073728,0.00050000
26.173611,1.00131589,0.00050000
26.175926,1.00204350,0.00050000
26.178241,1.00134644,0.00050000
26.180556,1.00167596,0.00050000
26.182870,1.00177961,0.00050000
26.185185,1.00195810,0.00050000
26.187500,1.00120742,0.00050000
26.189815,1.00187558,0.00050000
26.192130,1.00225871,0.00050000
26.194444,1.00162352,0.00050000
26.196759,1.00115642,0.00050000
26.199074,1.00155733,0.00050000
26.201389,1.00094296,0.00050000
26.203704,1.00182357,0.00050000
26.206019,1.00091628,0.00050000
26.208333,1.00138442,0.00050000
26.210648,1.00198296,0.00050000
26.212963,1.00102345,0.00050000
26.215278,1.00146022,0.00050000
26.217593,1.00203972,0.00050000
26.219907,1.00098727,0.00050000
26.222222,1.00139162,0.00050000
26.224537,1.00153705,0.00050000
26.226852,1.00093414,0.00050000
26.229167,1.00181864,0.00050000
26.231481,1.00208110,0.00050000
26.233796,1.00202450,0.00050000
26.236111,1.00123508,0.00050000
26.238426,1.00218354,0.00050000
26.240741,1.00199055,0.00050000
26.243056,1.00156344,0.00050000
26.245370,1.00191862,0.00050000
26.247685,1.00147319,0.00050000
26.250000,1.00172798,0.00050000
26.252315,1.00217908,0.00050000
26.254630,1.00182838,0.00050000
26.256944,1.00225455,0.00050000
26.259259,1.00148179,0.00050000
26.261574,1.00162178,0.00050000
26.263889,1.00124096,0.00050000
26.266204,1.00173936,0.00050000
26.268519,1.00187286,0.00050000
26.270833,1.00049758,0.00050000
26.273148,1.00101717,0.00050000
26.275463,1.00179228,0.00050000
26.277778,1.00156898,0.00050000
26.280093,1.00084350,0.00050000
26.282407,1.00150089,0.00050000
26.284722,1.00243070,0.00050000
26.287037,1.00185974,0.00050000
26.289352,1.00100981,0.00050000
26.291667,1.00161622,0.00050000
26.293981,1.00078545,0.00050000
26.296296,1.00160726,0.00050000
26.298611,1.00150348,0.00050000
26.300926,1.00210022,0.00050000
26.303241,1.00146423,0.00050000
26.305556,1.00127894,0.00050000
26.307870,1.00173489,0.00050000
26.310185,1.00273082,0.00050000
26.312500,1.00138874,0.00050000
26.314815,1.00205574,0.00050000
26.317130,1.00132634,0.00050000
26.319444,1.00128570,0.00050000
26.321759,1.00187284,0.00050000
26.324074,1.00155470,0.00050000
26.326389,1.00211226,0.00050000
26.328704,1.00204936,0.00050000
26.331019,1.00208361,0.00050000
26.333333,1.00175744,0.00050000
26.335648,1.00220452,0.00050000
26.337963,1.00177307,0.00050000
26.340278,1.00205625,0.00050000
26.342593,1.00095518,0.00050000
26.344907,1.00178240,0.00050000
26.347222,1.00186260,0.00050000
26.349537,1.00203084,0.00050000
26.351852,1.00178515,0.00050000
26.354167,1.00213565,0.00050000
26.356481,1.00152305,0.00050000
26.358796,1.00133064,0.00050000
26.361111,1.00188260,0.00050000
26.363426,1.00168328,0.00050000
26.365741,1.00183947,0.00050000
26.368056,1.00096292,0.00050000
26.370370,1.00113848,0.00050000
26.372685,1.00250556,0.00050000
26.375000,1.00217238,0.00050000
26.377315,1.00201562,0.00050000
26.379630,1.00256100,0.00050000
26.381944,1.00185049,0.00050000
26.384259,1.00240280,0.00050000
26.386574,1.00162844,0.00050000
26.388889,1.00291413,0.00050000
26.391204,1.00070330,0.00050000
26.393519,1.00182715,0.00050000
26.395833,1.00068003,0.00050000
26.398148,1.00196569,0.00050000
26.400463,1.00227296,0.00050000
26.402778,1.00207501,0.00050000
26.405093,1.00195781,0.00050000
26.407407,1.00189839,0.00050000
26.409722,1.00168992,0.00050000
26.412037,1.00160794,0.00050000
26.414352,1.00197116,0.00050000
26.416667,1.00197386,0.00050000
26.418981,1.00261525,0.00050000
26.421296,1.00205479,0.00050000
26.423611,1.00217445,0.00050000
26.425926,1.00205832,0.00050000
26.428241,1.00160959,0.00050000
26.430556,1.00147785,0.00050000
26.432870,1.00248147,0.00050000
26.435185,1.00134402,0.00050000
26.437500,1.00209804,0.00050000
26.439815,1.00230463,0.00050000
26.442130,1.00156139,0.00050000
26.444444,1.00280587,0.00050000
26.446759,1.00217019,0.00050000
26.449074,1.00188094,0.00050000
26.451389,1.00173870,0.00050000
26.453704,1.00264831,0.00050000
26.456019,1.00123677,0.00050000
26.458333,1.00214897,0.00050000
26.460648,1.00176745,0.00050000
26.462963,1.00267680,0.00050000
26.465278,1.00201656,0.00050000
26.467593,1.00171515,0.00050000
26.469907,1.00250737,0.00050000
26.472222,1.00173953,0.00050000
26.474537,1.00258620,0.00050000
26.476852,1.00230999,0.00050000
26.479167,1.00209885,0.00050000
26.481481,1.00242004,0.00050000
26.483796,1.00175814,0.00050000
26.486111,1.00226949,0.00050000
26.488426,1.00170679,0.00050000
26.490741,1.00209486,0.00050000
26.493056,1.00132742,0.00050000
26.495370,1.00257241,0.00050000
26.497685,1.00098437,0.00050000
26.500000,1.00137238,0.00050000
26.502315,1.00215279,0.00050000
26.504630,1.00202955,0.00050000
26.506944,1.00238372,0.00050000
26.509259,1.00121046,0.00050000
26.511574,1.00170267,0.00050000
26.513889,1.00212004,0.00050000
26.516204,1.00182386,0.00050000
26.518519,1.00197086,0.00050000
26.520833,1.00219122,0.00050000
26.523148,1.00198460,0.00050000
26.525463,1.00149227,0.00050000
26.527778,1.00111872,0.00050000
26.530093,1.00168841,0.00050000
26.532407,1.00142241,0.00050000
26.534722,1.00111437,0.00050000
26.537037,1.00223259,0.00050000
26.539352,1.00244513,0.00050000
26.541667,1.00190364,0.00050000
26.543981,1.00266437,0.00050000
26.546296,1.00263868,0.00050000
26.548611,1.00223100,0.00050000
26.550926,1.00107681,0.00050000
26.553241,1.00187452,0.00050000
26.555556,1.00270732,0.00050000
26.557870,1.00174641,0.00050000
26.560185,1.00242968,0.00050000
26.562500,1.00231773,0.00050000
26.564815,1.00169600,0.00050000
26.567130,1.00173551,0.00050000
26.569444,1.00213289,0.00050000
26.571759,1.00132429,0.00050000
26.574074,1.00208590,0.00050000
26.576389,1.00203742,0.00050000
26.578704,1.00168869,0.00050000
26.581019,1.00174703,0.00050000
26.583333,1.00135761,0.00050000
26.585648,1.00113556,0.00050000
26.587963,1.00147140,0.00050000
26.590278,1.00315111,0.00050000
26.592593,1.00200331,0.00050000
26.594907,1.00202626,0.00050000
26.597222,1.00179243,0.00050000
26.599537,1.00219887,0.00050000
26.601852,1.00271883,0.00050000
26.604167,1.00175781,0.00050000
26.606481,1.00183479,0.00050000
26.608796,1.00229040,0.00050000
26.611111,1.00216830,0.00050000
26.613426,1.00233168,0.00050000
26.615741,1.00096890,0.00050000
26.618056,1.00165929,0.00050000
26.620370,1.00300621,0.00050000
26.622685,1.00167433,0.00050000
26.625000,1.00232017,0.00050000
26.627315,1.00266214,0.00050000
26.629630,1.00240581,0.00050000
26.631944,1.00238652,0.00050000
26.634259,1.00172452,0.00050000
26.636574,1.00091806,0.00050000
26.638889,1.00193500,0.00050000
26.641204,1.00236366,0.00050000
26.643519,1.00208389,0.00050000
26.645833,1.00219849,0.00050000
26.648148,1.00176330,0.00050000
26.650463,1.00172968,0.00050000
26.652778,1.00190844,0.00050000
26.655093,1.00230190,0.00050000
26.657407,1.00336281,0.00050000
26.659722,1.00208498,0.00050000
26.662037,1.00187923,0.00050000
26.664352,1.00212442,0.00050000
26.666667,1.00237945,0.00050000
26.668981,1.00225562,0.00050000
26.671296,1.00206611,0.00050000
26.673611,1.00171758,0.00050000
26.675926,1.00190650,0.00050000
26.678241,1.00250859,0.00050000
26.680556,1.00254875,0.00050000
26.682870,1.00153208,0.00050000
26.685185,1.00249121,0.00050000
26.687500,1.00154933,0.00050000
26.689815,1.00314094,0.00050000
26.692130,1.00230178,0.00050000
26.694444,1.00253900,0.00050000
26.696759,1.00204733,0.00050000
26.699074,1.00214388,0.00050000
26.701389,1.00281574,0.00050000
26.703704,1.00103396,0.00050000
26.706019,1.00187855,0.00050000
26.708333,1.00274003,0.00050000
26.710648,1.00184516,0.00050000
26.712963,1.00212208,0.00050000
26.715278,1.00161239,0.00050000
26.717593,1.00275681,0.00050000
26.719907,1.00114669,0.00050000
26.722222,1.00084969,0.00050000
26.724537,1.00214381,0.00050000
26.726852,1.00225469,0.00050000
26.729167,1.00175808,0.00050000
26.731481,1.00112442,0.00050000
26.733796,1.00217363,0.00050000
26.736111,1.00203076,0.00050000
26.738426,1.00202715,0.00050000
26.740741,1.00168300,0.00050000
26.743056,1.00170352,0.00050000
26.745370,1.00259212,0.00050000
26.747685,1.00251106,0.00050000
26.750000,1.00207579,0.00050000
26.752315,1.00213120,0.00050000
26.754630,1.00241541,0.00050000
26.756944,1.00291291,0.00050000
26.759259,1.00103635,0.00050000
26.761574,1.00260323,0.00050000
26.763889,1.00197063,0.00050000
26.766204,1.00157799,0.00050000
26.768519,1.00190511,0.00050000
26.770833,1.00220895,0.00050000
26.773148,1.00188759,0.00050000
26.775463,1.00206476,0.00050000
26.777778,1.00203775,0.00050000
26.780093,1.00160778,0.00050000
26.782407,1.00213206,0.00050000
26.784722,1.00202916,0.00050000
26.787037,1.00208343,0.00050000
26.789352,1.00232275,0.00050000
26.791667,1.00229877,0.00050000
26.793981,1.00202830,0.00050000
26.796296,1.00221832,0.00050000
26.798611,1.00240096,0.00050000
26.800926,1.00219907,0.00050000
26.803241,1.00270012,0.00050000
26.805556,1.00171328,0.00050000
26.807870,1.00160404,0.00050000
26.810185,1.00110995,0.00050000
26.812500,1.00239772,0.00050000
26.814815,1.00190562,0.00050000
26.817130,1.00188399,0.00050000
26.819444,1.00279347,0.00050000
26.821759,1.00250442,0.00050000
26.824074,1.00189454,0.00050000
26.826389,1.00193230,0.00050000
26.828704,1.00216264,0.00050000
26.831019,1.00263666,0.00050000
26.833333,1.00202612,0.00050000
26.835648,1.00212947,0.00050000
26.837963,1.00117711,0.00050000
26.840278,1.00229257,0.00050000
26.842593,1.00195123,0.00050000
26.844907,1.00151183,0.00050000
26.847222,1.00127950,0.00050000
26.849537,1.00237615,0.00050000
26.851852,1.00129660,0.00050000
26.854167,1.00317141,0.00050000
26.856481,1.00096375,0.00050000
26.858796,1.00178328,0.00050000
26.861111,1.00126037,0.00050000
26.863426,1.00179875,0.00050000
26.865741,1.00278097,0.00050000
26.868056,1.00157919,0.00050000
26.870370,1.00116658,0.00050000
26.872685,1.00224260,0.00050000
26.875000,1.00238283,0.00050000
26.877315,1.00211190,0.00050000
26.879630,1.00111965,0.00050000
26.881944,1.00225415,0.00050000
26.884259,1.00148016,0.00050000
26.886574,1.00196871,0.00050000
26.888889,1.00288690,0.00050000
26.891204,1.00145222,0.00050000
26.893519,1.00260079,0.00050000
26.895833,1.00224256,0.00050000
26.898148,1.00123224,0.00050000
26.900463,1.00300202,0.00050000
26.902778,1.00148467,0.00050000
26.905093,1.00195475,0.00050000
26.907407,1.00179490,0.00050000
26.909722,1.00246986,0.00050000
26.912037,1.00167018,0.00050000
26.914352,1.00144378,0.00050000
26.916667,1.00261208,0.00050000
26.918981,1.00179193,0.00050000
26.921296,1.00216404,0.00050000
26.923611,1.00221654,0.00050000
26.925926,1.00250355,0.00050000
26.928241,1.00188347,0.00050000
26.930556,1.00181960,0.00050000
26.932870,1.00195782,0.00050000
26.935185,1.00189458,0.00050000
26.937500,1.00228486,0.00050000
26.939815,1.00191433,0.00050000
26.942130,1.00149314,0.00050000
26.944444,1.00159817,0.00050000
26.946759,1.00203217,0.00050000
26.949074,1.00206613,0.00050000
26.951389,1.00174245,0.00050000
26.953704,1.00184071,0.00050000
26.956019,1.00206897,0.00050000
26.958333,1.00212525,0.00050000
26.960648,1.00171492,0.00050000
26.962963,1.00166749,0.00050000
26.965278,1.00256931,0.00050000
26.967593,1.00146674,0.00050000
26.969907,1.00195449,0.00050000
26.972222,1.00214540,0.00050000
26.974537,1.00168405,0.00050000
26.976852,1.00233163,0.00050000
26.979167,1.00145517,0.00050000
26.981481,1.00254617,0.00050000
26.983796,1.00234957,0.00050000
26.986111,1.00193551,0.00050000
26.988426,1.00220722,0.00050000
26.990741,1.00177540,0.00050000
26.993056,1.00233902,0.00050000
26.995370,1.00248911,0.00050000
26.997685,1.00163097,0.00050000
27.000000,1.00216932,0.00050000
27.002315,1.00189718,0.00050000
27.004630,1.00259385,0.00050000
27.006944,1.00160710,0.00050000
27.009259,1.00244494,0.00050000
27.011574,1.00205611,0.00050000
27.013889,1.00207462,0.00050000
27.016204,1.00171470,0.00050000
27.018519,1.00235054,0.00050000
27.020833,1.00270539,0.00050000
27.023148,1.00161991,0.00050000
27.025463,1.00247490,0.00050000
27.027778,1.00296726,0.00050000
27.030093,1.00090221,0.00050000
27.032407,1.00259670,0.00050000
27.034722,1.00208073,0.00050000
27.037037,1.00170651,0.00050000
27.039352,1.00130548,0.00050000
27.041667,1.00175902,0.00050000
27.043981,1.00191772,0.00050000
27.046296,1.00237167,0.00050000
27.048611,1.00124097,0.00050000
27.050926,1.00239257,0.00050000
27.053241,1.00156208,0.00050000
27.055556,1.00257417,0.00050000
27.057870,1.00190081,0.00050000
27.060185,1.00143849,0.00050000
27.062500,1.00191779,0.00050000
27.064815,1.00162086,0.00050000
27.067130,1.00247297,0.00050000
27.069444,1.00179671,0.00050000
27.071759,1.00162405,0.00050000
27.074074,1.00201589,0.00050000
27.076389,1.00282063,0.00050000
27.078704,1.00177902,0.00050000
27.081019,1.00170773,0.00050000
27.083333,1.00127145,0.00050000
27.085648,1.00238462,0.00050000
27.087963,1.00138382,0.00050000
27.090278,1.00159982,0.00050000
27.092593,1.00168598,0.00050000
27.094907,1.00204385,0.00050000
27.097222,1.00233369,0.00050000
27.099537,1.00128516,0.00050000
27.101852,1.00150816,0.00050000
27.104167,1.00216094,0.00050000
27.106481,1.00217875,0.00050000
27.108796,1.00212576,0.00050000
27.111111,1.00256557,0.00050000
27.113426,1.00280951,0.00050000
27.115741,1.00174402,0.00050000
27.118056,1.00124115,0.00050000
27.120370,1.00132659,0.00050000
27.122685,1.00161717,0.00050000
27.125000,1.00212348,0.00050000
27.127315,1.00126654,0.00050000
27.129630,1.00173367,0.00050000
27.131944,1.00196248,0.00050000
27.134259,1.00213522,0.00050000
27.136574,1.00268927,0.00050000
27.138889,1.00282704,0.00050000
27.141204,1.00065451,0.00050000
27.143519,1.00145843,0.00050000
27.145833,1.00238354,0.00050000
27.148148,1.00256591,0.00050000
27.150463,1.00186018,0.00050000
27.152778,1.00199258,0.00050000
27.155093,1.00199527,0.00050000
27.157407,1.00167115,0.00050000
27.159722,1.00233290,0.00050000
27.162037,1.00124122,0.00050000
27.164352,1.00134610,0.00050000
27.166667,1.00247803,0.00050000
27.168981,1.00190707,0.00050000
27.171296,1.00127497,0.00050000
27.173611,1.00091832,0.00050000
27.175926,1.00274352,0.00050000
27.178241,1.00211046,0.00050000
27.180556,1.00123821,0.00050000
27.182870,1.00140028,0.00050000
27.185185,1.00169602,0.00050000
27.187500,1.00226209,0.00050000
27.189815,1.00211586,0.00050000
27.192130,1.00098034,0.00050000
27.194444,1.00259123,0.00050000
27.196759,1.00223335,0.00050000
27.199074,1.00164933,0.00050000
27.201389,1.00101120,0.00050000
27.203704,1.00166720,0.00050000
27.206019,1.00215256,0.00050000
27.208333,1.00130004,0.00050000
27.210648,1.00219191,0.00050000
27.212963,1.00203425,0.00050000
27.215278,1.00154221,0.00050000
27.217593,1.00202679,0.00050000
27.219907,1.00240740,0.00050000
27.222222,1.00191427,0.00050000
27.224537,1.00136586,0.00050000
27.226852,1.00164411,0.00050000
27.229167,1.00145082,0.00050000
27.231481,1.00168811,0.00050000
27.233796,1.00247194,0.00050000
27.236111,1.00128218,0.00050000
27.238426,1.00287196,0.00050000
27.240741,1.00113918,0.00050000
27.243056,1.00325403,0.00050000
27.245370,1.00241184,0.00050000
27.247685,1.00175042,0.00050000
27.250000,1.00138418,0.00050000
27.252315,1.00195912,0.00050000
27.254630,1.00058093,0.00050000
27.256944,1.00121081,0.00050000
27.259259,1.00261247,0.00050000
27.261574,1.00164742,0.00050000
27.263889,1.00177047,0.00050000
27.266204,1.00050264,0.00050000
27.268519,1.00147867,0.00050000
27.270833,1.00088571,0.00050000
27.273148,1.00131247,0.00050000
27.275463,1.00130974,0.00050000
27.277778,1.00118542,0.00050000
27.280093,1.00248625,0.00050000
27.282407,1.00126810,0.00050000
27.284722,1.00177129,0.00050000
27.287037,1.00215717,0.00050000
27.289352,1.00236169,0.00050000
27.291667,1.00191353,0.00050000
27.293981,1.00090640,0.00050000
27.296296,1.00227063,0.00050000
27.298611,1.00173764,0.00050000
27.300926,1.00219963,0.00050000
27.303241,1.00197082,0.00050000
27.305556,1.00192141,0.00050000
27.307870,1.00167715,0.00050000
27.310185,1.00158327,0.00050000
27.312500,1.00085997,0.00050000
27.314815,1.00099913,0.00050000
27.317130,1.00172657,0.00050000
27.319444,1.00172045,0.00050000
27.321759,1.00176881,0.00050000
27.324074,1.00184807,0.00050000
27.326389,1.00157656,0.00050000
27.328704,1.00127096,0.00050000
27.331019,1.00110395,0.00050000
27.333333,1.00167807,0.00050000
27.335648,1.00133435,0.00050000
27.337963,1.00116282,0.00050000
27.340278,1.00142989,0.00050000
27.342593,1.00170289,0.00050000
27.344907,1.00106926,0.00050000
27.347222,1.00191101,0.00050000
27.349537,1.00255087,0.00050000
27.351852,1.00149756,0.00050000
27.354167,1.00212177,0.00050000
27.356481,1.00189708,0.00050000
27.358796,1.00122695,0.00050000
27.361111,1.00265150,0.00050000
27.363426,1.00156683,0.00050000
27.365741,1.00160008,0.00050000
27.368056,1.00159805,0.00050000
27.370370,1.00169138,0.00050000
27.372685,1.00180847,0.00050000
27.375000,1.00183321,0.00050000
27.377315,1.00155305,0.00050000
27.379630,1.00139216,0.00050000
27.381944,1.00224736,0.00050000
27.384259,1.00160909,0.00050000
27.386574,1.00093323,0.00050000
27.388889,1.00149187,0.00050000
27.391204,1.00179706,0.00050000
27.393519,1.00173822,0.00050000
27.395833,1.00132386,0.00050000
27.398148,1.00144027,0.00050000
27.400463,1.00095803,0.00050000
27.402778,1.00166030,0.00050000
27.405093,1.00183774,0.00050000
27.407407,1.00247114,0.00050000
27.409722,1.00112770,0.00050000
27.412037,1.00164339,0.00050000
27.414352,1.00154557,0.00050000
27.416667,1.00044005,0.00050000
27.418981,1.00216142,0.00050000
27.421296,1.00206150,0.00050000
27.423611,1.00173604,0.00050000
27.425926,1.00167511,0.00050000
27.428241,1.00139063,0.00050000
27.430556,1.00165833,0.00050000
27.432870,1.00158858,0.00050000
27.435185,1.00160742,0.00050000
27.437500,1.00101099,0.00050000
27.439815,1.00048801,0.00050000
27.442130,1.00059421,0.00050000
27.444444,1.00192832,0.00050000
27.446759,1.00239022,0.00050000
27.449074,1.00201090,0.00050000
27.451389,1.00143640,0.00050000
27.453704,1.00082028,0.00050000
27.456019,1.00151318,0.00050000
27.458333,1.00107415,0.00050000
27.460648,1.00158846,0.00050000
27.462963,1.00147306,0.00050000
27.465278,1.00079211,0.00050000
27.467593,1.00180272,0.00050000
27.469907,1.00172404,0.00050000
27.472222,1.00188172,0.00050000
27.474537,1.00145708,0.00050000
27.476852,1.00116774,0.00050000
27.479167,1.00197562,0.00050000
27.481481,1.00142249,0.00050000
27.483796,1.00178108,0.00050000
27.486111,1.00135886,0.00050000
27.488426,1.00084896,0.00050000
27.490741,1.00117580,0.00050000
27.493056,1.00072406,0.00050000
27.495370,1.00091199,0.00050000
27.497685,1.00115107,0.00050000
27.500000,1.00105370,0.00050000
27.502315,1.00248719,0.00050000
27.504630,1.00089128,0.00050000
27.506944,1.00114942,0.00050000
27.509259,1.00154851,0.00050000
27.511574,1.00236337,0.00050000
27.513889,1.00137080,0.00050000
27.516204,1.00162273,0.00050000
27.518519,1.00121547,0.00050000
27.520833,1.00087036,0.00050000
27.523148,1.00100568,0.00050000
27.525463,1.00177060,0.00050000
27.527778,1.00126001,0.00050000
27.530093,1.00132419,0.00050000
27.532407,1.00129083,0.00050000
27.534722,1.00192908,0.00050000
27.537037,1.00208910,0.00050000
27.539352,1.00131686,0.00050000
27.541667,1.00104191,0.00050000
27.543981,1.00109321,0.00050000
27.546296,1.00055234,0.00050000
27.548611,1.00113251,0.00050000
27.550926,1.00156730,0.00050000
27.553241,1.00154836,0.00050000
27.555556,1.00097660,0.00050000
27.557870,1.00125210,0.00050000
27.560185,1.00105499,0.00050000
27.562500,1.00127214,0.00050000
27.564815,1.00174667,0.00050000
27.567130,1.00137503,0.00050000
27.569444,1.00087273,0.00050000
27.571759,1.00103600,0.00050000
27.574074,1.00088869,0.00050000
27.576389,1.00128565,0.00050000
27.578704,1.00105712,0.00050000
27.581019,1.00055531,0.00050000
27.583333,1.00091793,0.00050000
27.585648,1.00155535,0.00050000
27.587963,1.00064566,0.00050000
27.590278,1.00069353,0.00050000
27.592593,1.00133743,0.00050000
27.594907,1.00220302,0.00050000
27.597222,1.00134090,0.00050000
27.599537,1.00076589,0.00050000
27.601852,1.00101945,0.00050000
27.604167,1.00141342,0.00050000
27.606481,1.00190984,0.00050000
27.608796,1.00191828,0.00050000
27.611111,1.00065300,0.00050000
27.613426,1.00091002,0.00050000
27.615741,1.00103519,0.00050000
27.618056,1.00115114,0.00050000
27.620370,1.00145433,0.00050000
27.622685,1.00131109,0.00050000
27.625000,1.00108105,0.00050000
27.627315,1.00187762,0.00050000
27.629630,1.00116940,0.00050000
27.631944,1.00040206,0.00050000
27.634259,1.00112436,0.00050000
27.636574,1.00088306,0.00050000
27.638889,1.00101760,0.00050000
27.641204,1.00202583,0.00050000
27.643519,1.00135082,0.00050000
27.645833,1.00045232,0.00050000
27.648148,1.00116613,0.00050000
27.650463,1.00132037,0.00050000
27.652778,1.00087005,0.00050000
27.655093,1.00151089,0.00050000
27.657407,1.00083712,0.00050000
27.659722,1.00141358,0.00050000
27.662037,1.00078141,0.00050000
27.664352,1.00066307,0.00050000
27.666667,1.00148200,0.00050000
27.668981,1.00031684,0.00050000
27.671296,1.00206105,0.00050000
27.673611,1.00097235,0.00050000
27.675926,1.00002533,0.00050000
27.678241,1.00042797,0.00050000
27.680556,1.00058590,0.00050000
27.682870,0.99992602,0.00050000
27.685185,1.00177838,0.00050000
27.687500,1.00233725,0.00050000
27.689815,1.00066594,0.00050000
27.692130,1.00125339,0.00050000
27.694444,1.00200954,0.00050000
27.696759,1.00077635,0.00050000
27.699074,1.00132781,0.00050000
27.701389,1.00147886,0.00050000
27.703704,1.00017886,0.00050000
27.706019,1.00113569,0.00050000
27.708333,1.00153475,0.00050000
27.710648,1.00103593,0.00050000
27.712963,1.00106826,0.00050000
27.715278,1.00157921,0.00050000
27.717593,1.00163038,0.00050000
27.719907,1.00092579,0.00050000
27.722222,0.99999543,0.00050000
27.724537,1.00078679,0.00050000
27.726852,1.00091915,0.00050000
27.729167,1.00095450,0.00050000
27.731481,1.00102661,0.00050000
27.733796,1.00058432,0.00050000
27.736111,1.00094384,0.00050000
27.738426,1.00020170,0.00050000
27.740741,1.00204848,0.00050000
27.743056,1.00074357,0.00050000
27.745370,1.00068328,0.00050000
27.747685,1.00158730,0.00050000
27.750000,1.00082295,0.00050000
27.752315,1.00099427,0.00050000
27.754630,1.00198860,0.00050000
27.756944,1.00043629,0.00050000
27.759259,1.00089997,0.00050000
27.761574,1.00104621,0.00050000
27.763889,1.00131992,0.00050000
27.766204,1.00049442,0.00050000
27.768519,1.00061893,0.00050000
27.770833,1.00000742,0.00050000
27.773148,1.00128441,0.00050000
27.775463,1.00066422,0.00050000
27.777778,1.00057323,0.00050000
27.780093,1.00098463,0.00050000
27.782407,1.00138689,0.00050000
27.784722,1.00045213,0.00050000
27.787037,0.99986784,0.00050000
27.789352,1.00032876,0.00050000
27.791667,1.00107711,0.00050000
27.793981,1.00091720,0.00050000
27.796296,1.00039677,0.00050000
27.798611,1.00095935,0.00050000
27.800926,1.00060005,0.00050000
27.803241,1.00079968,0.00050000
27.805556,1.00036440,0.00050000
27.807870,1.00009011,0.00050000
27.810185,1.00087341,0.00050000
27.812500,1.00099842,0.00050000
27.814815,1.00076159,0.00050000
27.817130,0.99995189,0.00050000
27.819444,1.00107351,0.00050000
27.821759,1.00124958,0.00050000
27.824074,1.00044703,0.00050000
27.826389,1.00067278,0.00050000
27.828704,1.00068377,0.00050000
27.831019,1.00055623,0.00050000
27.833333,1.00071562,0.00050000
27.835648,1.00119242,0.00050000
27.837963,1.00099138,0.00050000
27.840278,0.99981560,0.00050000
27.842593,1.00054904,0.00050000
27.844907,1.00059871,0.00050000
27.847222,1.00013855,0.00050000
27.849537,0.99943437,0.00050000
27.851852,1.00110731,0.00050000
27.854167,1.00087329,0.00050000
27.856481,1.00088252,0.00050000
27.858796,1.00052426,0.00050000
27.861111,1.00128612,0.00050000
27.863426,1.00150308,0.00050000
27.865741,1.00125698,0.00050000
27.868056,1.00100407,0.00050000
27.870370,1.00146040,0.00050000
27.872685,1.00075045,0.00050000
27.875000,1.00094232,0.00050000
27.877315,1.00002768,0.00050000
27.879630,1.00045550,0.00050000
27.881944,1.00114174,0.00050000
27.884259,1.00107881,0.00050000
27.886574,1.00095028,0.00050000
27.888889,1.00059086,0.00050000
27.891204,0.99977312,0.00050000
27.893519,1.00035121,0.00050000
27.895833,1.00102646,0.00050000
27.898148,0.99979556,0.00050000
27.900463,1.00076066,0.00050000
27.902778,1.00021001,0.00050000
27.905093,1.00031542,0.00050000
27.907407,1.00000438,0.00050000
27.909722,1.00123199,0.00050000
27.912037,1.00065301,0.00050000
27.914352,1.00055384,0.00050000
27.916667,1.00179149,0.00050000
27.918981,1.00020809,0.00050000
27.921296,1.00067284,0.00050000
27.923611,1.00090460,0.00050000
27.925926,1.00065105,0.00050000
27.928241,1.00060955,0.00050000
27.930556,0.99982357,0.00050000
27.932870,1.00018530,0.00050000
27.935185,1.00014521,0.00050000
27.937500,0.99996376,0.00050000
27.939815,1.00066530,0.00050000
27.942130,0.99976735,0.00050000
27.944444,1.00099163,0.00050000
27.946759,1.00096360,0.00050000
27.949074,1.00038935,0.00050000
27.951389,1.00052233,0.00050000
27.953704,1.00067775,0.00050000
27.956019,0.99992522,0.00050000
27.958333,1.00037529,0.00050000
27.960648,1.00103529,0.00050000
27.962963,1.00038761,0.00050000
27.965278,1.00117783,0.00050000
27.967593,1.00079255,0.00050000
27.969907,1.00030548,0.00050000
27.972222,1.00028599,0.00050000
27.974537,1.00090023,0.00050000
27.976852,1.00037532,0.00050000
27.979167,1.00087694,0.00050000
27.981481,0.99932901,0.00050000
27.983796,1.00020300,0.00050000
27.986111,0.99963742,0.00050000
27.988426,1.00062318,0.00050000
27.990741,1.00036934,0.00050000
27.993056,1.00101133,0.00050000
27.995370,0.99995859,0.00050000
27.997685,1.00109054,0.00050000
