RA,DEC,dis_arcsec,img_possi,img_ps
179.35323,3.2664013,11987.10029156,,
180.21892,3.3525023,12094.683641412,,
179.89665,3.5416071,12755.206157543,,
178.91081,3.5646932,13417.83380132,,
179.27632,4.0808454,14919.872432397,,
180.16153,4.406649,15874.569683799,,
183.86795,3.116849,17877.550531742,,
182.90211,4.3330417,18768.891861827,,
184.22426,3.107001,18871.805327465,,
179.0763,5.190389,18978.189478467,,
176.30702,3.839609,19171.570489658,,
181.67384,5.504334,20708.85975534,,
184.55049,3.756836,21234.226933623,,
178.73822,5.960444,21931.427468613,,
177.16357,5.406996,21973.876199287,,
185.57048,2.7475364,22353.478095982,,
179.58502,6.2362924,22500.10676387,,
180.4931,6.396802,23096.521641484,,
185.02197,4.3494887,23904.039357232,,
183.77455,5.6749606,24523.841537392,,
179.2768,6.791329,24586.370221825,,
178.9608,6.8432713,24916.878900896,,
179.14622,6.967491,25269.659981129,,
182.57162,6.7097826,25860.9698924,,
182.57063,6.721368,25898.636583483,,
179.71075,7.4434834,26816.65093797,,
178.48286,7.3596992,27048.966572808,,
178.809,7.4404755,27124.793312867,,
179.12074,7.4885993,27143.095291041,,
173.85892,4.4000196,27179.121104936,,
178.89804,7.5274,27385.820646416,,
182.9095,7.1985726,27941.205096274,,
179.80289,7.7767687,28005.303313628,,
178.89989,7.789876,28320.114230174,,
182.19833,7.654663,28664.169191053,,
172.9157,3.8055928,28933.776570069,,
182.96655,7.5049095,29040.575176918,,
178.19643,8.16796,30108.220348284,,
181.79652,8.357489,30769.404973541,,
178.2589,8.402748,30887.881973276,,
180.25194,8.632825,31091.301614539,,
184.31743,7.523245,31204.364628151,,
183.8103,7.821832,31303.259870884,,
185.45624,6.9042335,31650.260005374,,
184.23003,7.807505,31944.672643316,,
171.65234,3.134344,32086.062252313,,
179.70816,8.982456,32353.764502214,,
173.05661,5.779264,32489.234039773,,
171.73067,3.8615022,32834.942177821,,
179.73509,9.165504,33009.475830246,,
184.09042,8.253269,33138.00722645,,
185.85764,7.406539,33958.000405874,,
178.15462,9.291155,34095.836245868,,
179.75838,9.527896,34311.3511376,,
185.29851,8.039974,34629.450510098,,
170.58292,2.6051302,35163.518267618,,
178.7152,9.763049,35447.083149953,,
178.51048,9.925541,36128.075187515,,
175.1842,8.967749,36610.897602477,,
186.44843,7.89211,36642.997835603,,
169.7113,-2.4813225,38089.969911144,,
172.75014,7.767836,38196.827960308,,
171.90341,7.111008,38737.040755182,,
187.07625,8.21392,38972.87908058,,
172.74074,8.075731,39033.776940501,,
180.34544,10.841533,39049.088817825,,
169.28477,-1.7623514,39087.071911606,,
190.6011,2.5253026,39219.76985222,,
171.82027,7.233446,39250.632436052,,
173.0828,8.854674,40389.209387606,,
189.22699,6.4839826,40540.378583807,,
190.82288,3.24744,40658.464702514,,
190.45107,4.453386,40862.295937577,,
189.22612,6.791197,41179.021276198,,
187.75485,8.473619,41282.488034511,,
189.43764,6.718688,41641.97218593,,
168.78531,-2.9492373,41728.315797,,
178.29926,11.539588,41985.228865722,,
168.51108,-2.1540396,42071.173124428,,
179.15903,11.772524,42487.561015966,,
186.45442,10.057316,42956.317310539,,
184.81602,11.171956,43753.230233454,,
172.82434,9.869012,43851.59617149,,
178.22888,12.152329,44203.658616379,,
189.82726,7.4862084,44393.573744632,,
172.0206,9.559093,44740.696317619,,
190.25479,7.109463,44843.309273818,,
190.19246,7.705871,45910.690813342,,
190.4105,7.628613,46373.20614004,,
172.69313,10.642926,46389.191666786,,
172.5201,10.713521,46948.487531853,,
172.26898,10.574318,47062.879858638,,
168.58833,6.565953,47318.555672069,,
191.35715,6.6893597,47370.345290853,,
190.44298,8.071885,47417.222328454,,
192.43791,4.8769493,48044.99984691,,
167.18748,3.8091514,48087.641286051,,
191.85762,6.2163887,48123.386496574,,
169.54646,8.378798,48124.196127445,,
172.4147,11.416212,49242.729642639,,
191.83644,7.1311917,49652.465745922,,
172.81999,11.8365755,49742.675351352,,
183.69467,13.624791,50787.715956391,,
192.29172,7.026198,50872.648983629,,
190.82631,9.168858,50946.33931556,,
172.12865,11.837515,51064.16049891,,
192.34528,7.455616,51811.029933678,,
170.9211,11.2194395,51825.531930833,,
177.54129,14.221948,51942.944803162,,
172.59735,12.420256,51944.891118979,,
176.97598,14.137595,52023.414018346,,
192.69333,7.2305603,52483.826541618,,
172.68024,12.651814,52512.225420276,,
190.84938,9.83629,52577.284124665,,
172.52827,12.609795,52654.648346225,,
178.46959,14.59298,52816.595165816,,
181.32549,14.627775,52871.044921548,,
183.63203,14.250149,52907.164158883,,
166.2263,5.320155,53088.857632344,,
165.69717,3.7499578,53194.76351188,,
177.41052,14.636725,53492.729833259,,
172.03694,12.62145,53600.240316634,,
179.41402,14.914833,53733.883239879,,
177.91882,14.799206,53789.716080271,,
166.65427,6.8207707,53854.148152758,,
178.36137,14.905749,53976.667781546,,
192.67683,8.11157,54050.494940911,,
191.89554,9.278645,54162.284389477,,
184.87091,14.415041,54717.183145085,,
168.4811,10.139373,55081.203358011,,
174.38046,14.292909,55211.405084462,,
174.396,14.3072195,55239.236246522,,
175.43263,14.69703,55351.543899354,,
167.50813,9.149237,55587.373975272,,
171.5947,13.16006,56070.818155385,,
172.55708,13.727315,56091.998554664,,
176.24147,15.149654,56153.966757705,,
189.24399,12.622235,56162.644540233,,
184.90436,14.893532,56386.341767119,,
167.2407,9.36742,56817.350284001,,
184.81587,15.052876,56835.022363887,,
173.00519,14.2374525,56991.560453701,,
167.16438,9.441504,57193.135318241,,
168.74998,11.443509,57580.325692141,,
176.07903,15.53484,57636.725262356,,
194.53366,6.857681,57739.456227475,,
195.80145,3.019009,57888.172201879,,
186.38124,14.839381,58049.608800968,,
172.98724,14.5665245,58081.428030394,,
173.35326,14.7392435,58097.878905432,,
172.58054,14.45405,58359.309234955,,
173.63617,14.973288,58467.675998794,,
191.23512,11.820713,58510.420754327,,
174.76495,15.518687,58886.312198376,,
171.82558,14.274281,59064.817061296,,
172.55762,14.694083,59163.241755016,,
173.49953,15.130725,59176.732000418,,
167.54037,10.831528,59231.189972173,,
195.70934,4.973133,59251.695574715,,
174.54369,15.579313,59345.267475063,,
171.4126,14.125839,59348.742354952,,
175.57893,15.932596,59469.43483973,,
167.76103,11.368817,59923.011814599,,
171.9722,14.693551,60123.788886071,,
189.43704,13.856234,60164.912301224,,
166.82655,10.427014,60275.612874326,,
185.39279,15.878062,60287.509331405,,
166.82579,10.483701,60402.777938074,,
186.55875,15.487237,60434.768973694,,
177.32965,16.587887,60463.753342414,,
196.63115,2.6524734,60607.582065235,,
166.79338,10.542336,60622.968038616,,
173.48865,15.56834,60638.514554602,,
172.67986,15.231159,60700.641969771,,
189.50783,14.003574,60741.764837642,,
167.5158,11.483167,60841.000486852,,
190.8733,13.041777,60909.485548245,,
167.7439,11.783245,60980.079264498,,
173.21252,15.655973,61308.536057473,,
196.79973,2.8348567,61309.56103955,,
195.85138,6.3600326,61377.424629668,,
196.44624,4.5865493,61404.440768922,,
164.38188,7.1188297,61657.889048202,,
196.82039,3.716624,61972.259242449,,
168.72069,13.149967,62134.897710985,,
188.75946,14.950876,62198.238861316,,
192.33755,12.216972,62265.283806308,,
171.84183,15.387587,62532.688074241,,
197.12389,3.069901,62599.596958044,,
196.8419,4.5199776,62715.235604261,,
165.78325,10.228886,62828.551900672,,
165.75972,10.216899,62872.103385853,,
190.20053,14.301199,63015.499297339,,
164.48647,8.387144,63311.287513717,,
197.41197,2.5236113,63317.851381452,,
190.36221,14.296861,63336.777108719,,
196.03049,7.3516517,63344.063721258,,
173.76965,16.50369,63395.650452181,,
172.9364,16.195179,63470.462158408,,
197.31267,3.4474745,63512.163099452,,
165.81297,10.604413,63528.784311756,,
184.89679,17.017496,63676.674189636,,
197.29182,3.8982499,63765.649750162,,
173.20638,16.40826,63803.785928672,,
166.76593,12.025067,64111.805116219,,
166.78157,12.087649,64220.308115274,,
166.64458,11.93636,64222.091815685,,
166.0411,11.239564,64264.082500828,,
166.77193,12.1021,64280.258694096,,
197.21811,4.826538,64303.391213207,,
166.64734,12.009607,64388.288895434,,
166.23572,11.553228,64433.757187943,,
166.54678,11.931903,64471.753443726,,
196.89392,6.0984364,64550.577617647,,
190.9899,14.277687,64611.102409764,,
197.05411,5.7187767,64657.32964623,,
197.34105,4.8362355,64738.199521664,,
197.5336,4.0778956,64753.365528481,,
166.57042,12.085058,64770.987091036,,
172.52042,16.514927,65111.97164055,,
197.42712,4.9862437,65178.422581729,,
197.61662,4.3502355,65265.277339863,,
197.86624,3.1468396,65276.449351835,,
198.08109,1.419532,65285.535364543,,
188.85236,15.954952,65484.92933038,,
190.31264,15.178075,65814.038052781,,
187.92464,16.548174,65879.390518677,,
195.42946,9.973187,65901.813694248,,
186.35217,17.223455,65966.864403795,,
172.6592,16.84667,66002.249116497,,
186.19872,17.288925,66004.487657726,,
163.05882,7.188837,66103.539206453,,
195.83827,9.456496,66183.488316381,,
197.08301,7.063614,66403.664311516,,
162.86856,6.9632716,66431.303280951,,
167.92406,14.226002,66885.401755683,,
162.85727,7.347662,66986.985623108,,
190.686,15.330771,67010.17103524,,
197.7793,5.6596766,67070.232292912,,
169.97864,15.813392,67149.685512486,,
165.17969,11.472239,67185.844467262,,
163.24184,8.358421,67223.932769852,,
185.76558,17.81672,67311.17124689,,
197.54996,6.565154,67325.267012595,,
195.62532,10.42904,67369.051391856,,
163.80733,9.581771,67498.890381976,,
176.50737,18.434582,67504.398219308,,
163.79494,9.611793,67590.830264078,,
197.23924,7.5954857,67650.242278333,,
197.48308,7.0181284,67673.534210749,,
172.67522,17.377838,67732.115898902,,
163.74707,9.622074,67756.617514551,,
165.69353,12.405277,67862.095808759,,
196.13533,9.902212,67904.785680158,,
189.66237,16.278782,67908.412603631,,
192.78687,13.991153,67923.023715073,,
163.72359,9.690899,67952.355901633,,
192.26802,14.46213,67966.424422585,,
163.5878,9.502121,68035.527007262,,
163.71866,9.728939,68035.99540384,,
165.1338,11.820085,68073.331597395,,
163.66527,9.669007,68092.513552002,,
163.6531,9.697642,68181.27184781,,
167.51192,14.407374,68325.433610379,,
163.5946,9.698509,68362.921762564,,
198.3856,4.8930845,68413.706702977,,
186.99535,17.744293,68515.363538063,,
163.13428,8.983622,68571.222655091,,
197.78368,7.048353,68714.871760585,,
168.69891,15.508345,68785.546802848,,
197.93076,6.729593,68807.108091258,,
167.44058,14.529524,68819.302183062,,
166.8501,14.056829,68967.846816714,,
162.53563,8.029058,69009.140585403,,
198.00525,6.6914425,69011.108672567,,
195.27406,11.876071,69338.230779227,,
198.06161,6.868731,69418.092833692,,
168.48936,15.676341,69705.421321542,,
162.67358,8.789427,69721.67862104,,
169.79163,16.552538,69739.334937916,,
189.44838,16.994307,69754.613177848,,
170.33655,16.951576,69991.293383702,,
197.56102,8.577393,70143.610239014,,
162.40063,8.532404,70198.35897338,,
162.41951,8.634987,70294.856605698,,
167.82114,15.400929,70353.342560534,,
162.789,9.424487,70393.301586326,,
194.32574,13.500497,70514.273903757,,
162.47498,8.972827,70646.945913349,,
166.58456,14.475195,70696.33356951,,
199.44995,2.9979384,70814.86516384,,
195.88628,11.755973,70820.987082801,,
198.10616,7.9082675,70936.927777098,,
191.13354,16.397078,71040.39960783,,
162.3271,8.930442,71051.880522223,,
198.1171,8.105567,71251.108549873,,
184.98616,19.210846,71365.332013987,,
195.14154,12.982093,71443.981328157,,
160.47977,3.9524448,71643.786932144,,
169.19855,16.981573,72143.919750731,,
160.25638,3.509114,72146.819779677,,
160.34146,4.0985317,72232.862283781,,
197.84679,9.411635,72376.859378246,,
172.72426,18.80791,72426.836614583,,
172.03874,18.551174,72474.934776649,,
192.9454,15.5545635,72482.277573994,,
189.13513,18.093458,72718.804639619,,
180.17459,20.216568,72782.245140191,,
181.56479,20.180975,72860.496776838,,
160.38239,5.1998825,72967.64652906,,
198.52121,8.390338,72979.755254682,,
181.85475,20.204132,73027.954637098,,
160.98535,7.2134833,73042.288612845,,
198.67407,8.122943,73102.780696174,,
160.95656,7.187557,73107.051179912,,
180.89574,20.318901,73216.08510632,,
185.10556,19.749907,73345.029011462,,
198.02785,9.781066,73557.120264419,,
163.7039,12.525713,73618.847388577,,
161.19154,8.207393,73661.931140298,,
189.96973,17.976723,73713.766897286,,
161.57436,9.0940895,73719.273683334,,
167.7614,16.550909,73735.332496708,,
168.11813,16.806988,73740.222122874,,
164.1325,13.142218,73781.716284685,,
200.52434,-1.3513749,74040.715597701,,
196.11604,13.0351515,74226.529189375,,
170.39131,18.37306,74364.522597036,,
200.58995,-2.4799447,74636.351047149,,
159.50882,3.2251909,74637.551649755,,
199.87964,6.305167,74941.045459001,,
170.89676,18.857994,75124.829129175,,
194.44977,15.305036,75344.921660729,,
187.7507,19.52467,75423.203776529,,
161.14044,9.330511,75477.230897346,,
182.9167,20.8056,75600.241671765,,
167.48253,17.044222,75730.91280745,,
167.64511,17.224483,75915.26369555,,
159.89716,6.521798,75933.26884704,,
184.60316,20.676796,76179.833217425,,
174.84605,20.562775,76218.04077229,,
199.48048,8.498213,76274.154567125,,
160.51631,8.499236,76286.120044391,,
166.74268,16.710909,76365.94711993,,
160.0902,7.522044,76425.4460736,,
169.17989,18.39287,76478.911559286,,
171.83577,19.706354,76566.023840968,,
172.67073,20.032799,76606.603367413,,
196.75046,13.409992,76810.422121609,,
173.14873,20.273329,76872.471381351,,
187.14598,20.183628,76901.236806689,,
195.98964,14.450162,77127.757253417,,
196.28557,14.232072,77401.262859507,,
159.88004,7.924734,77630.567033112,,
188.44551,19.918028,77642.720638319,,
198.52261,11.269902,77682.52587016,,
175.34258,21.110415,77742.5146618,,
184.76425,21.122791,77865.941491017,,
199.32478,9.906834,77866.181960423,,
171.49716,20.015894,78043.213888109,,
184.77124,21.199629,78140.740988289,,
184.74106,21.237776,78251.887898765,,
197.44212,13.326352,78565.783651751,,
190.61064,19.224524,78699.447002604,,
188.72742,20.151934,78797.787677848,,
190.11069,19.533834,78855.364113247,,
158.08902,-1.496112,79054.163649308,,
201.53667,4.466521,79104.137224572,,
158.61412,5.2768,79191.368330922,,
190.69894,19.357025,79262.424118492,,
188.25458,20.495464,79303.581141922,,
181.51372,21.99647,79365.291836932,,
158.52144,5.5493474,79743.590265806,,
193.68468,17.615202,79819.86658181,,
186.03583,21.45995,80114.336702701,,
182.72404,22.171595,80387.752348129,,
202.18146,2.6938448,80410.470522905,,
170.09232,20.250315,80828.427963356,,
189.89172,20.275642,80885.595479176,,
189.89539,20.274895,80888.76514007,,
196.37486,15.684843,81090.538189163,,
158.19148,5.89272,81191.06907238,,
190.94542,19.85554,81235.546248033,,
181.84465,22.495583,81241.823554517,,
187.149,21.487305,81330.62754423,,
175.71237,22.233566,81441.416483589,,
188.60101,21.005238,81446.623877625,,
181.98724,22.642254,81809.001887731,,
198.23622,13.815253,81848.151430442,,
171.07983,21.049326,82015.672695984,,
187.04057,21.762941,82154.63168996,,
158.54082,8.010019,82220.763203982,,
160.99997,12.916076,82222.407528197,,
199.4576,12.255821,82326.490721512,,
157.8982,6.0283537,82329.7753534,,
158.44308,7.922007,82444.380153353,,
179.89316,22.910881,82480.020085515,,
191.3823,20.056261,82601.080662549,,
193.90625,18.53493,82886.664633125,,
201.13089,9.468875,83039.483406612,,
164.92378,17.684654,83092.360796478,,
182.96848,22.933899,83213.733651851,,
165.54001,18.231733,83217.850087923,,
168.10333,19.98604,83281.386575905,,
184.30287,22.786009,83402.76325845,,
187.99011,21.898478,83675.180393123,,
182.14919,23.183142,83797.468339332,,
187.22078,22.231592,83945.437021631,,
160.90279,13.727461,84126.827879085,,
157.1315,5.3470006,84429.270443317,,
161.3681,14.623758,84686.347741921,,
199.82597,12.948079,84730.427669004,,
192.24966,20.257273,84740.630330466,,
168.23207,20.561602,84829.527908828,,
191.48409,20.771832,85001.858435982,,
188.19467,22.243593,85078.708164368,,
157.44867,7.260631,85079.329546264,,
160.70567,13.99904,85248.645381066,,
202.15381,8.5873,85253.566093248,,
188.57874,22.199587,85395.988914965,,
173.56201,22.879627,85396.399636691,,
157.22252,7.013957,85600.349708907,,
167.54207,20.422895,85619.858520148,,
199.19052,14.377805,85735.702468515,,
161.12022,14.890695,85953.298556937,,
159.96587,13.272682,85968.919060039,,
156.80547,5.8721814,85991.249745651,,
202.93837,6.8706226,86010.813174996,,
156.35307,3.6808796,86095.549003767,,
162.75322,16.880753,86227.541609641,,
202.84143,7.4736423,86294.347918362,,
156.6422,5.5672116,86313.202397538,,
157.00258,7.1184616,86459.994381117,,
188.42207,22.60909,86578.066352223,,
156.81589,6.856942,86843.138994357,,
158.08504,10.626664,87266.982831884,,
172.60437,23.192568,87411.593314103,,
156.33205,5.6024294,87425.319375443,,
186.59561,23.439728,87478.255289868,,
203.26097,7.2930555,87540.239782257,,
193.67015,20.316036,87568.62235721,,
180.44872,24.34557,87658.030843804,,
186.90242,23.423296,87710.61961606,,
156.53123,6.7492924,87721.686697284,,
155.75015,2.8553088,87866.200334933,,
156.175,5.46874,87871.92052353,,
157.49536,9.726317,87897.175041623,,
197.62158,17.200779,87956.729173046,,
162.1858,17.037067,88044.76192875,,
180.44626,24.479645,88140.462317683,,
156.10905,5.6948724,88277.556983472,,
155.56686,2.6153655,88431.028271528,,
185.92464,23.895575,88477.962070214,,
186.3964,23.836903,88674.203355877,,
204.54225,3.1778214,89044.175455006,,
155.54434,3.917809,89094.334139278,,
155.73624,5.061285,89116.974456031,,
194.42738,20.339247,89130.380980228,,
185.44585,24.19909,89165.788876446,,
188.57611,23.347664,89243.731003228,,
201.10172,13.53576,89647.189141181,,
195.46349,19.764854,89651.032069004,,
155.44276,4.5888395,89842.141847237,,
160.19983,15.556433,89948.977130438,,
193.00363,21.58389,90133.56302533,,
155.49481,5.4683347,90255.957259348,,
201.97075,12.458988,90375.982662914,,
155.42203,5.282413,90376.968450118,,
157.25305,10.917126,90378.219323224,,
197.24774,18.537685,90403.369957249,,
182.00401,25.087664,90584.679220625,,
155.42694,5.758654,90712.671902219,,
168.43803,22.605423,90906.715518028,,
174.9413,24.816961,91062.958287041,,
193.28358,21.76764,91193.161627492,,
174.79688,24.831667,91213.416873257,,
187.69685,24.231216,91273.629858909,,
183.85718,25.117998,91416.315863592,,
158.52635,14.03964,91702.986826333,,
193.22037,22.06165,91975.625751312,,
159.29588,15.327018,92009.064655184,,
201.92274,13.771234,92546.763524002,,
194.42079,21.594229,92785.634956012,,
159.91487,16.538746,92876.100451076,,
175.3621,25.41645,92910.38986602,,
178.46524,25.77034,92926.375556096,,
154.48712,4.3320193,93073.469675371,,
155.38205,8.156963,93074.338867984,,
155.23582,7.806108,93208.222017601,,
180.48221,25.889698,93217.962592374,,
161.08841,18.05263,93291.164764421,,
156.27695,10.974525,93616.927201643,,
201.30411,15.426238,93925.703370603,,
205.06157,7.7899075,94210.015241855,,
154.64813,6.8369427,94314.997964613,,
187.92853,25.078236,94407.075730739,,
184.83888,25.847084,94555.729411388,,
156.43292,12.147814,94874.500094934,,
154.85567,8.279022,94996.073421458,,
187.93073,25.30634,95189.755243931,,
206.45389,2.7398555,95706.788463111,,
176.97609,26.484756,95919.93604392,,
174.3208,26.165636,96236.452526516,,
187.75397,25.736128,96488.632539991,,
166.6513,23.569567,96833.347779908,,
186.32854,26.34892,97363.184201242,,
169.92348,25.247072,97418.387077655,,
181.68703,27.014858,97428.698556752,,
155.15637,11.145681,97501.432810731,,
180.47076,27.235355,98060.803578918,,
154.48521,9.919257,98115.164185488,,
190.13039,25.551395,98497.326748594,,
175.74467,27.113989,98715.086401074,,
173.28061,26.648941,98722.062394192,,
191.64871,25.038582,98842.793136471,,
157.74443,16.58044,98995.328311865,,
154.0368,9.415291,99021.11575225,,
181.11028,27.683203,99733.320149653,,
155.34178,13.221131,100016.63025744,,
158.98389,18.851559,100598.0888692,,
195.16321,23.776962,100661.96722377,,
153.35835,8.847619,100692.2361458,,
195.16849,23.830505,100831.68080488,,
189.1548,26.63015,100982.51218959,,
154.37152,12.138167,101451.42003194,,
173.37999,27.515812,101665.39604536,,
154.39331,12.358267,101701.9077132,,
207.30972,7.7953596,101944.84514413,,
160.33899,20.804708,101958.17992139,,
174.59937,27.874002,102064.11583598,,
159.87436,20.401894,102069.65144999,,
171.69963,27.209335,102076.2416566,,
181.87144,28.302418,102092.82191148,,
169.2621,26.494547,102388.65134845,,
204.61119,14.882905,102669.98957904,,
158.88715,19.659403,102739.22737487,,
153.37117,10.717725,102808.42358317,,
155.6753,15.502229,102920.14786429,,
158.77261,19.636545,102978.51375096,,
183.7703,28.440851,103208.28132233,,
170.04053,27.094553,103451.31772332,,
160.15045,21.246609,103530.72379572,,
159.19804,20.596523,104212.06310479,,
160.13516,21.504848,104227.17962014,,
159.44193,20.878036,104306.53704754,,
151.73445,6.9296813,104523.93233151,,
154.43916,14.315096,104613.62462545,,
208.4455,6.2644095,104654.69386295,,
155.56474,16.264715,104666.74076832,,
154.82756,15.151892,104845.94669244,,
155.12323,15.744668,105012.42413128,,
153.57776,12.840686,105026.44320862,,
170.86807,27.84649,105088.97517838,,
153.95538,13.75178,105214.71480288,,
192.87656,26.469467,105230.48708645,,
155.9872,17.229017,105312.46606518,,
155.1523,16.04061,105467.78961331,,
166.7853,26.425959,105594.54827306,,
205.7622,14.568259,105656.56499483,,
154.44539,15.039857,105815.94726805,,
159.76237,21.840364,105962.95317051,,
205.46912,15.635749,106596.26987327,,
153.871,14.590309,106828.0937921,,
166.1616,26.521105,106850.45096926,,
156.79706,19.145737,107067.71116888,,
154.55933,15.971641,107111.22223987,,
155.46848,17.429464,107197.60670774,,
157.38974,20.15956,107768.29835955,,
157.42691,20.412691,108255.22017468,,
209.43413,6.607785,108366.41354667,,
150.67953,7.410733,108581.87381038,,
210.05658,-2.6651332,108588.61704835,,
209.04272,8.761466,108809.55859037,,
157.53545,20.776545,108823.71944235,,
179.22156,30.230946,108864.06902637,,
167.80817,27.913122,108943.83526954,,
164.54268,26.36891,109018.63498074,,
151.39522,10.425131,109057.68597065,,
201.92612,21.466663,109113.11916908,,
154.76485,17.460995,109288.71411092,,
153.46826,15.38386,109392.34370683,,
174.82573,29.99099,109415.14293976,,
209.28947,8.505398,109418.2056049,,
166.39542,27.465712,109489.71299652,,
173.37769,29.755356,109502.59833514,,
152.88779,14.435202,109643.12592699,,
171.8073,29.474247,109774.38777902,,
209.64867,7.6458716,109914.05526678,,
160.66678,24.119274,109962.50562155,,
151.3339,11.116942,110069.30333651,,
151.78271,12.337805,110132.36244832,,
154.67325,17.768183,110149.95727267,,
163.27934,26.014479,110182.76258103,,
156.95439,20.77094,110304.11497908,,
195.21562,27.068031,110762.47364449,,
167.15454,28.248589,110921.73130294,,
149.57605,5.1275606,110923.73824137,,
166.58649,28.008396,110946.43933024,,
152.09666,13.895754,111316.20700123,,
172.16629,30.063034,111507.55866807,,
183.96141,30.76272,111570.93637803,,
160.35487,24.538374,111773.67699332,,
208.68663,12.493963,111873.47811908,,
151.1197,12.036253,111914.64275036,,
155.09128,19.233624,111924.8005838,,
172.83513,30.364496,112030.86663379,,
152.65923,15.481373,112042.24874694,,
210.03668,8.674871,112145.7488256,,
204.92625,19.41254,112346.98362144,,
159.77902,24.312,112405.5109956,,
173.55309,30.627323,112442.02048946,,
170.8522,30.125513,112890.79810226,,
155.08899,19.699593,112909.12454575,,
200.94257,23.914099,112955.39131147,,
148.86627,4.167537,112981.10481269,,
155.60826,20.430235,113077.69753046,,
153.58336,17.676586,113139.947876,,
168.5674,29.483356,113168.22280565,,
154.78493,19.428736,113180.0311266,,
205.87642,18.575388,113310.83763319,,
155.62602,20.78576,113815.41745028,,
185.24248,31.269573,113983.29560427,,
156.62953,22.00858,114020.12867417,,
170.93973,30.556746,114288.3260713,,
161.8805,26.527418,114300.29039679,,
154.23796,19.274824,114389.27672124,,
205.36464,19.817793,114404.85413889,,
153.94676,18.88823,114434.11239409,,
186.23215,31.25944,114526.24030115,,
162.91635,27.26886,114576.20484676,,
148.24976,3.5462031,114937.49806139,,
211.20444,7.3494706,115103.04907258,,
209.715,12.409135,115136.24069909,,
173.54317,31.416374,115223.14553923,,
211.50177,6.017805,115247.70149796,,
209.14737,13.873331,115260.71915862,,
156.5776,22.596296,115545.283381,,
180.79489,32.15476,115788.70842948,,
163.1462,27.841217,115892.2479298,,
168.33185,30.218248,115894.91767763,,
167.96233,30.108944,115975.10831939,,
169.78795,30.827541,116338.51052285,,
169.88712,30.891226,116453.8365798,,
162.12381,27.42491,116472.42040078,,
180.98914,32.34888,116504.48763728,,
154.06299,20.084158,116539.14779738,,
153.58711,19.441927,116557.05148569,,
148.57591,8.27295,116592.32549456,,
160.65009,26.492506,116598.01364761,,
199.54176,26.495422,116989.84429664,,
154.5106,20.924763,117098.6596301,,
186.24303,32.0166,117201.50045511,,
167.3781,30.304876,117346.27838736,,
169.25386,30.96593,117366.32939561,,
176.37344,32.422237,117368.7409646,,
148.86545,10.208856,117378.46620525,,
156.65007,23.431509,117383.46388355,,
157.33148,24.160336,117563.48762534,,
149.05264,11.041028,117622.72658257,,
156.50963,23.467848,117813.5341939,,
163.31784,28.60164,117908.30338877,,
160.05385,26.538122,117925.82884042,,
167.49236,30.538937,117974.59609507,,
148.69241,10.230012,117988.23521542,,
152.06218,17.893356,118020.12940906,,
148.59698,10.016858,118100.50321654,,
157.23886,24.332018,118213.3327351,,
185.78436,32.413624,118332.8041866,,
161.22015,27.51525,118420.1095427,,
208.69887,16.849627,118486.16101256,,
187.06717,32.23448,118506.04446631,,
201.5922,25.528425,118656.56512498,,
187.51114,32.19039,118667.22891433,,
147.21992,3.737195,118687.67511828,,
186.43965,32.423164,118756.52518103,,
174.60071,32.592873,118758.07251841,,
211.93605,8.870172,118868.54097742,,
176.69048,32.881138,118903.16774715,,
154.98526,22.386574,119090.14365616,,
155.24673,22.760654,119279.1320655,,
167.93501,31.108065,119324.84454987,,
164.15013,29.548923,119483.74569842,,
152.77667,19.834246,119627.28915299,,
212.10188,9.452354,119956.78102436,,
147.83548,9.232932,119974.54973364,,
194.42464,30.41202,120100.09059945,,
187.68893,32.582733,120168.4243214,,
211.37125,12.067113,120203.30834089,,
170.40205,32.168713,120319.75792505,,
154.7032,22.68721,120501.06257321,,
153.65256,21.508718,120663.77586591,,
166.02263,30.840303,120864.48735803,,
154.19075,22.331543,121031.08851877,,
210.79492,14.2183275,121045.70113987,,
163.7014,29.842474,121102.77419734,,
160.18161,27.79496,121218.29516293,,
149.37234,14.7965145,121317.36665396,,
168.30287,31.8885,121509.17094093,,
146.40874,3.6686747,121563.47278219,,
167.90067,31.78514,121619.90256805,,
151.26454,18.599098,121654.22241381,,
179.62016,33.806946,121711.77441146,,
162.13844,29.234219,121833.55245294,,
149.07993,14.529052,121877.92442729,,
149.02411,14.433872,121925.61359584,,
212.52129,10.070069,121969.79283211,,
163.06882,29.81185,122024.56324542,,
167.85092,31.910011,122093.6219668,,
184.99257,33.6167,122192.23552459,,
169.44432,32.49653,122358.14979406,,
147.06685,9.052037,122468.20310006,,
161.47778,29.092825,122572.72178103,,
149.20921,15.336989,122616.92921077,,
182.7982,33.97254,122665.65762652,,
197.93228,29.58857,123021.26142003,,
145.94685,3.3312557,123106.07859941,,
146.82768,8.896025,123164.31615491,,
150.27417,17.775993,123168.64099998,,
168.12572,32.343052,123229.77899658,,
149.41667,16.33346,123462.67564299,,
211.89658,13.438257,123604.39084039,,
149.22057,16.036896,123622.33347227,,
156.64304,25.920477,123626.41291363,,
173.01285,33.78667,123902.75603336,,
209.97742,17.835545,124030.50068077,,
145.7853,4.767024,124218.3326564,,
202.05711,27.294016,124382.85931084,,
162.26584,30.201332,124539.29512911,,
145.64896,4.4584694,124574.05699933,,
147.18236,11.698332,124630.00437886,,
214.22403,6.3385906,125048.18030781,,
160.13293,29.140497,125173.07304754,,
148.09781,14.667773,125231.11709658,,
175.99646,34.63671,125418.9377175,,
163.9464,31.413523,125641.74458702,,
174.40358,34.54183,125771.76157193,,
173.59564,34.54569,126222.06461204,,
150.6191,20.07771,126262.31101909,,
161.3956,30.298262,126308.81472123,,
209.4693,20.02596,126420.99543666,,
162.15178,30.803013,126559.18871398,,
175.35971,34.892647,126579.70154157,,
156.03633,26.632736,126826.53195554,,
160.57,30.093145,127151.78841595,,
157.87079,28.387905,127505.51802678,,
213.9338,10.893568,127580.80269176,,
157.13306,27.861439,127627.71110933,,
149.37854,18.870462,127734.95974395,,
149.14651,18.503176,127804.37360603,,
157.18098,27.991161,127872.99225925,,
180.74675,35.518044,127889.49987815,,
186.99744,34.96725,128062.46038701,,
163.90933,32.18448,128131.34838956,,
155.67567,26.827055,128140.60411126,,
151.27066,21.9912,128160.94591583,,
180.18364,35.655807,128362.38198791,,
147.80081,16.285019,128461.1518931,,
187.2083,35.231457,129123.56174488,,
215.02246,8.38654,129194.82582192,,
145.09409,8.948629,129215.65243248,,
156.111,27.650967,129287.38696189,,
149.10649,19.35273,129382.61946778,,
174.74864,35.644367,129522.12281653,,
155.82454,27.573936,129721.08045157,,
148.56609,18.756363,129980.83264702,,
175.18427,35.871574,130141.23972844,,
147.88835,17.58898,130161.13891389,,
161.62044,31.70705,130184.31738026,,
179.31943,36.167374,130222.45016595,,
206.55324,25.523903,130229.52874283,,
148.75398,19.274765,130297.39874839,,
155.00493,27.08432,130322.85839495,,
148.68039,19.236683,130451.81222455,,
146.33418,14.312092,130496.78380588,,
148.01067,18.100464,130594.1170076,,
148.6052,19.423891,130997.95164532,,
186.00362,35.981762,131084.48271677,,
148.77954,19.781565,131102.18814531,,
216.02309,6.042738,131251.05103197,,
158.89735,30.460178,131289.80483584,,
156.61777,28.925165,131567.17332537,,
147.20978,17.319792,131855.30254677,,
149.80771,21.8044,131868.03114968,,
148.46515,19.70677,131903.5665566,,
181.1926,36.624702,131909.02440984,,
154.31319,27.12892,132031.5516996,,
155.78471,28.477404,132159.16248937,,
155.29619,28.212034,132540.12770428,,
144.76955,11.521352,132601.14173431,,
145.82138,14.7073145,132668.23239933,,
149.06119,21.132185,132719.11891381,,
149.80508,22.25715,132758.52476131,,
145.92992,15.281411,133052.76399018,,
162.21146,33.006275,133240.489109,,
144.2301,10.231001,133256.74120892,,
207.3307,26.044975,133363.93607132,,
148.23647,20.19544,133432.59926792,,
152.2478,25.641031,133479.09318297,,
146.17497,16.212471,133518.51762284,,
142.9694,3.7017825,133879.57686704,,
156.95747,30.091618,134035.09042123,,
161.98872,33.161266,134062.82494762,,
162.51569,33.420734,134070.95785672,,
193.66502,35.049664,134277.32434701,,
200.41869,31.979776,134461.82565784,,
145.58377,15.593394,134580.48605017,,
147.31665,19.256245,134584.15970433,,
181.08342,37.371815,134586.80615015,,
187.21437,36.804893,134664.85836376,,
181.36775,37.40977,134751.99180877,,
174.98769,37.152855,134787.77849095,,
149.27661,22.587639,134881.42269143,,
143.31728,8.236918,134888.27309549,,
183.73238,37.319035,134921.37516355,,
144.02815,11.44363,135046.19252824,,
148.90189,22.152962,135094.74517117,,
169.06932,36.12942,135108.29072822,,
169.18439,36.193363,135223.65281594,,
162.776,33.951553,135353.03733414,,
169.05457,36.22474,135447.74561016,,
181.29741,37.62,135500.60082507,,
144.8341,14.381818,135501.99898129,,
145.9901,17.208998,135515.02784516,,
148.2908,21.451168,135526.61195159,,
146.83092,18.94127,135547.59098381,,
146.84967,19.098454,135743.05482646,,
207.62263,26.84701,135956.67808598,,
209.60727,24.811337,136408.18017023,,
212.62079,20.518616,136527.74873176,,
142.14583,-2.585099,136544.87002699,,
212.57632,20.687918,136690.29592843,,
169.08174,36.670444,136949.33157185,,
143.12529,10.153705,136997.43431464,,
181.21774,38.054535,137055.82381111,,
212.82982,20.535597,137175.65346392,,
169.02808,36.76906,137334.77217129,,
154.21542,29.194447,137454.60264753,,
148.5279,22.936745,137652.00828283,,
144.1639,14.386485,137714.58436106,,
179.31801,38.250355,137719.8115612,,
145.2223,17.08839,137768.97936252,,
154.17978,29.314846,137841.45705193,,
208.16135,27.11056,137886.38765863,,
146.66565,20.069939,137891.04622983,,
142.81696,9.944507,137892.54387013,,
213.14691,20.410555,137903.56619186,,
145.63356,18.106758,137949.49240669,,
155.74709,30.699139,138148.23504004,,
187.02666,37.829224,138168.05860848,,
144.91841,16.70389,138203.56662653,,
143.45448,12.818017,138349.56042498,,
143.92245,14.635205,138802.29679551,,
215.61746,15.882751,138838.12703983,,
164.37007,35.724995,138864.5671685,,
144.12761,15.330415,138969.90374043,,
143.13763,12.442624,139037.244675,,
145.78954,19.230692,139187.25415193,,
144.82207,17.2309,139236.83935983,,
148.9475,24.319418,139239.25151261,,
205.01526,30.521965,139254.85847531,,
142.20561,9.16267,139418.3965509,,
159.12064,33.439445,139570.14769029,,
149.4529,25.224953,139762.31992399,,
151.16054,27.248726,139868.35993232,,
176.88933,38.750244,139879.11253924,,
143.53273,14.596717,140041.04697841,,
142.78123,12.460083,140259.17029222,,
150.60664,26.862625,140364.57663262,,
174.6797,38.68369,140367.39613982,,
216.86789,13.82303,140496.62407037,,
213.80557,20.870518,140640.61516053,,
144.01198,16.482277,140811.03762884,,
142.04051,10.513473,141033.50917443,,
144.00198,16.637253,141046.95211545,,
143.1609,14.415204,141060.76765197,,
143.91985,16.73777,141443.23546016,,
142.34222,12.224659,141518.29069159,,
159.05519,34.074444,141564.75981843,,
143.76608,16.613209,141772.9292508,,
155.60367,31.973354,141899.5341715,,
187.61203,38.802708,141935.08563957,,
180.09903,39.50327,142212.14570411,,
142.37482,13.086377,142255.79567826,,
160.80215,35.22763,142259.90703607,,
210.8587,26.067104,142365.20606821,,
142.61745,13.9713545,142372.43032969,,
148.70657,25.54758,142412.14403994,,
191.09364,38.23849,142478.65988586,,
215.36496,19.091625,142522.9455832,,
142.7967,14.876201,142791.02780576,,
142.38806,13.704895,142852.4433135,,
216.27238,17.432058,142988.7867365,,
184.67288,39.504547,143045.92747468,,
171.67989,39.00748,143085.99477615,,
150.92453,28.424013,143171.12584722,,
143.11948,16.094074,143197.53653061,,
215.69122,18.942232,143309.87375551,,
142.51822,14.584358,143378.68628565,,
140.12137,-0.5192458,143573.20561063,,
206.4718,31.10752,143876.20298934,,
155.61092,32.712013,143913.74272247,,
149.82849,27.579103,143920.85755032,,
191.81104,38.53375,144117.00622631,,
142.77528,16.072996,144289.14010304,,
170.74303,39.17644,144300.01924917,,
193.09998,38.230656,144308.11191274,,
144.465,19.925745,144320.43957477,,
140.64891,8.478211,144390.939399,,
170.82767,39.24975,144496.97369549,,
142.12178,14.46552,144560.56838923,,
151.1519,29.250174,144584.57554388,,
142.48636,15.695083,144771.9012014,,
169.73822,39.121334,144845.9637238,,
149.53023,27.695848,144927.28734295,,
142.48126,15.933866,145076.093842,,
141.7733,13.870922,145082.62746661,,
141.73457,13.755834,145092.09787199,,
152.59492,30.852861,145247.436725,,
154.34341,32.33052,145399.09100639,,
149.08086,27.430668,145471.45992725,,
212.47607,25.507767,145488.48197628,,
142.16046,15.399707,145491.03462053,,
149.20338,27.58592,145503.7755871,,
148.49855,26.963478,145947.05541448,,
143.70937,19.489433,145978.92960509,,
141.4336,13.711661,146054.79161428,,
143.74303,19.64015,146100.2970157,,
148.39005,26.913492,146120.45452833,,
205.48573,32.774296,146248.36332997,,
143.25902,18.81301,146392.64214358,,
192.21654,39.098812,146408.88902177,,
141.76964,15.310646,146673.32583193,,
142.64977,17.761938,146863.0236697,,
195.17049,38.340424,146876.61034544,,
166.89651,39.03002,147007.97245622,,
141.63216,15.246865,147053.53559378,,
202.72095,34.919155,147090.10116963,,
143.28139,19.375912,147136.56853175,,
150.45743,29.741514,147386.62113167,,
150.35165,29.64442,147406.18511565,,
152.38312,31.52754,147422.54226976,,
220.48555,6.7804785,147429.96444809,,
149.40042,28.843517,147834.85563641,,
138.94043,-1.6192626,147908.98130485,,
147.59724,26.808043,147961.48890898,,
140.40753,12.260824,148130.2737012,,
159.39835,36.55045,148462.65108842,,
217.90485,17.850761,148747.95538065,,
220.6473,8.221859,148782.7234896,,
140.88188,14.600759,148827.62198033,,
193.81677,39.446987,149115.68547271,,
139.68082,10.531848,149197.12249572,,
140.76744,14.911423,149541.53104495,,
178.31451,41.51706,149562.19779963,,
141.8037,17.849094,149675.7105882,,
152.15718,32.31087,149909.07394424,,
148.87064,29.28227,150124.7428112,,
219.45822,15.060364,150451.22045073,,
217.11098,20.794289,150465.73881128,,
160.45863,37.736584,150540.30199395,,
142.48425,20.03417,150568.76874103,,
152.80289,33.13091,150677.35779565,,
142.35239,19.83402,150684.92708126,,
189.63821,40.935646,150694.46645432,,
152.81065,33.235714,150936.43838781,,
149.1619,30.030716,151134.9560457,,
152.31596,32.9774,151290.1454235,,
154.5002,34.65681,151416.07509792,,
142.12177,19.877094,151462.34790921,,
151.60492,32.528385,151648.45246381,,
164.65102,39.88355,152173.31934427,,
141.74358,19.554148,152179.51462191,,
139.24991,12.565495,152345.06693313,,
141.3663,18.816362,152348.865432,,
141.21384,18.560928,152490.24560162,,
181.22084,42.445892,152856.39859558,,
138.99281,12.146232,152860.5268122,,
139.97842,15.914928,153252.7283742,,
138.41006,10.244928,153392.55876589,,
161.76561,39.22614,153463.83573932,,
149.47783,31.3956,153599.38153909,,
155.67354,36.306305,153902.86814191,,
157.04561,37.15465,154029.07309122,,
141.09624,19.442442,154050.80620257,,
191.0117,41.63148,154097.68538897,,
138.23506,10.444087,154141.8413574,,
141.0607,19.569382,154336.87581428,,
221.20592,13.486569,154725.31486492,,
138.66168,13.472301,155160.10983377,,
148.6575,31.384808,155476.53830532,,
137.90712,10.930818,155632.28661677,,
137.65184,9.891268,155787.77979472,,
154.10612,35.981373,155821.52938146,,
140.91252,20.31223,155836.59023236,,
192.96312,41.729248,156028.49548343,,
138.0413,12.128379,156103.65955608,,
138.15788,12.681234,156168.44150939,,
177.03072,43.317783,156237.47564836,,
220.58107,16.952522,156267.19028823,,
152.08746,34.702156,156268.56817516,,
152.16344,34.78002,156321.12139346,,
189.26097,42.66742,156497.64005055,,
137.98502,12.669787,156748.44413686,,
181.69757,43.516163,156753.50426309,,
186.38649,43.232883,156995.1828219,,
201.42624,38.991043,157152.51419169,,
150.43767,33.770733,157294.19886465,,
151.77016,34.912838,157463.0676608,,
137.00116,8.951336,157471.32914188,,
138.08339,13.857645,157471.51071019,,
151.73225,34.888523,157475.87987479,,
221.34296,15.910751,157606.44316079,,
137.87447,13.232412,157612.94721772,,
137.25676,10.592512,157641.94371721,,
199.14334,40.20534,157756.899208,,
138.5562,15.799173,157821.07684251,,
137.839,13.381573,157865.74046528,,
137.60162,12.456393,157879.31968418,,
155.65274,37.675983,157880.11465947,,
152.30292,35.484158,157914.13092329,,
151.1414,34.60404,157942.47645495,,
137.06706,10.156573,158002.16848577,,
136.95496,9.654633,158065.17384586,,
136.73927,8.507035,158135.40779163,,
156.17297,38.077908,158179.64656996,,
137.01001,10.157597,158201.48565374,,
219.59978,20.905174,158264.97577604,,
144.3937,27.75751,158359.00612819,,
141.54474,23.293491,158422.19483015,,
137.82797,13.9611025,158429.87578922,,
148.60844,32.605915,158473.24502483,,
178.03748,44.01842,158591.47693759,,
139.42241,19.096926,158878.49311067,,
137.70256,14.089885,158972.64884153,,
184.1427,44.04948,159134.46175278,,
204.63588,37.943264,159142.05146809,,
152.28653,35.94784,159187.18837262,,
137.38208,13.1225815,159191.51302145,,
135.97389,4.7249303,159217.88916147,,
155.54866,38.099064,159280.92800801,,
151.23674,35.202736,159301.25874885,,
139.71022,20.111515,159308.53216197,,
137.35947,13.181779,159319.59815858,,
150.76709,34.839695,159323.08525256,,
172.49652,43.76481,159388.91696142,,
152.36293,36.13406,159539.63892328,,
137.1476,13.065174,159940.81992321,,
224.45163,-0.9160957,160052.74044161,,
136.07704,7.773682,160081.22756292,,
152.58345,36.533726,160197.57957749,,
174.38292,44.232273,160250.95592825,,
151.07657,35.471622,160326.6460714,,
152.66373,36.653255,160370.26935768,,
217.43892,26.224535,160486.96185316,,
147.87877,32.77466,160538.36953038,,
167.06424,43.096497,160663.77597904,,
223.1996,12.526338,160678.88644848,,
139.16202,19.92355,160779.00372906,,
143.1081,27.215094,160793.18850896,,
138.58728,18.71,161057.07933157,,
187.82434,44.256985,161286.37439071,,
138.19576,17.879179,161322.05304917,,
174.64665,44.5688,161358.95803812,,
138.70618,19.497553,161666.0879429,,
196.86444,42.275623,161711.13842413,,
141.7293,25.597006,161727.50440673,,
135.1362,3.3862448,161871.20879639,,
153.4921,37.78236,161956.15244063,,
141.62152,25.574331,161995.47942173,,
152.4536,37.112366,162016.07871829,,
190.29123,44.143864,162308.33912643,,
182.44948,45.042175,162339.93248311,,
224.5077,8.496862,162518.04585523,,
173.52498,44.82194,162678.68763226,,
135.22261,7.448628,162945.31618312,,
146.66318,32.75225,163301.21786869,,
141.71983,26.493814,163324.08576116,,
147.81036,33.89613,163350.31881611,,
191.79976,44.14265,163355.77025235,,
138.19724,19.57587,163381.1358364,,
157.39067,40.465347,163388.89701823,,
224.73378,8.6436615,163392.73283659,,
147.77728,33.988697,163645.30197991,,
141.23836,26.016714,163848.51582915,,
145.41753,31.731522,163992.52229764,,
136.48827,15.115033,164021.35345558,,
224.8741,9.01877,164092.32297218,,
169.33432,44.73375,164607.30691077,,
137.91046,19.860628,164651.30093483,,
137.9125,19.881308,164671.05842998,,
219.92377,24.553356,164768.68401148,,
145.73232,32.440544,164797.26128628,,
137.92723,20.09816,164900.86563163,,
166.64319,44.250507,164950.45599124,,
220.25867,24.0939,165028.55331559,,
137.77646,19.8529,165066.33394542,,
223.84145,15.074325,165088.445794,,
134.27365,4.2895937,165177.44785182,,
137.62622,19.689112,165337.94718958,,
137.15773,18.471792,165372.22554798,,
137.51251,19.49343,165457.41565066,,
146.67351,33.810978,165719.11159106,,
168.92311,45.012638,165851.58313394,,
137.46848,19.76336,165931.96424906,,
168.31667,44.917473,165945.2212114,,
134.13676,5.257079,165947.87713802,,
133.95578,3.536449,166137.57316734,,
195.93274,43.91955,166177.02375645,,
145.911,33.280285,166262.23306042,,
137.98645,21.332611,166337.95734585,,
137.45561,20.19448,166514.37416664,,
164.44104,44.142265,166556.31950716,,
146.4732,33.997414,166609.46169968,,
149.09377,36.376217,166698.53008421,,
166.32541,44.75772,166942.34347642,,
206.70096,39.51201,167153.09178029,,
184.99106,46.28102,167358.26584378,,
225.88895,8.456205,167363.13808772,,
149.20277,36.754364,167436.6779632,,
140.46457,26.84135,167461.34514233,,
137.16887,20.247839,167488.82620895,,
155.39851,40.849583,167567.6832154,,
141.19151,28.064407,167608.52010138,,
137.17517,20.385178,167642.34107053,,
147.06688,35.024284,167695.43361143,,
225.93658,9.148557,167896.20048398,,
140.39442,26.985098,167907.44343196,,
150.05574,37.615047,167958.16484126,,
187.40114,46.238144,168096.85852628,,
224.7675,15.112095,168233.48125244,,
140.77707,27.89255,168438.76049359,,
144.40662,32.847492,168873.12221522,,
176.24759,46.805664,168915.16694273,,
226.84091,3.5931664,169007.16842517,,
201.26968,42.92677,169101.3539123,,
190.76114,46.120014,169492.53531978,,
226.8968,4.825845,169511.7493499,,
136.2624,19.700111,169699.63504982,,
177.97603,47.141903,169830.22083053,,
141.18256,29.268625,169853.1612189,,
140.92685,28.930677,169915.08526787,,
226.63686,8.755414,170151.08682208,,
139.78339,27.420254,170375.46896119,,
190.15886,46.503902,170461.06672996,,
226.67726,9.151992,170500.70462575,,
137.2702,22.837763,170611.49818779,,
146.71024,36.01782,170854.84504639,,
227.10692,6.6305637,170862.97251549,,
186.29425,47.164085,170940.56387354,,
132.52538,3.6605835,171294.26085404,,
132.48111,3.5526698,171430.69445039,,
145.73349,35.3726,171479.92603605,,
148.74303,37.97716,171489.18430376,,
203.50543,42.74139,171588.57760243,,
133.92824,13.971209,171658.33686302,,
132.90463,8.9575615,171869.22886621,,
142.35799,31.886198,171904.05028495,,
227.01176,9.859905,172064.31324242,,
133.95132,14.588344,172093.75823677,,
132.40706,5.556158,172217.96766327,,
156.15549,42.81582,172299.63147505,,
141.27362,30.748842,172428.63877762,,
132.91833,10.157834,172480.29186841,,
141.30241,30.857338,172563.91407341,,
132.84256,9.930808,172614.76067462,,
140.09467,29.226599,172711.47262418,,
141.72903,31.497612,172720.60334017,,
146.20955,36.373257,172792.12267686,,
141.67903,31.536093,172925.02448579,,
218.7261,31.017838,172949.97397613,,
227.88496,5.029964,173102.84148027,,
228.08333,-0.899306,173122.79674575,,
138.89827,27.57551,173129.62808453,,
227.85786,5.5300217,173155.34970203,,
141.44775,31.364935,173180.0452344,,
132.1967,6.2164717,173188.87007674,,
225.09346,18.945549,173194.16848761,,
227.7659,6.7093043,173236.01828202,,
132.3523,8.086913,173393.89736886,,
165.05913,46.38563,173534.34116107,,
131.8744,3.4802477,173592.91153725,,
155.43936,42.921257,173657.86990037,,
145.06264,35.702755,173748.63948219,,
215.61566,35.05352,173809.10317809,,
158.83884,44.48314,173847.6690313,,
141.01988,31.215801,173993.7408483,,
158.99745,44.634956,174130.75564922,,
131.95795,6.5087066,174143.5660888,,
139.91759,29.87902,174379.89375304,,
147.75531,38.423492,174601.48466914,,
158.40982,44.5666,174646.69708131,,
147.52466,38.293713,174739.74762372,,
201.29385,44.7674,174907.72859736,,
141.92267,32.83293,174927.16294713,,
132.06462,9.214318,174956.87227342,,
131.9397,8.497596,175042.70531981,,
228.26768,7.010479,175135.08449219,,
148.3763,39.122974,175156.77018566,,
132.47502,11.971469,175160.53162712,,
131.42438,3.6683736,175244.84339076,,
213.30006,37.839764,175303.64365968,,
134.12642,18.709219,175470.47814225,,
132.14987,10.905695,175607.86484423,,
132.04922,10.625504,175790.99351802,,
131.41281,6.1243334,175949.91163934,,
157.19589,44.498634,176001.77560204,,
138.19,28.11183,176025.21019841,,
228.42836,7.9200354,176080.69600536,,
132.1942,12.273441,176335.60624529,,
132.2992,12.830736,176362.13386534,,
131.08733,3.8597102,176493.19963135,,
147.35808,38.91611,176640.89782877,,
142.01245,33.829815,176769.06064421,,
139.91342,31.187496,176825.17857707,,
144.47797,36.48077,176848.82371526,,
176.19986,49.01788,176858.02643374,,
131.41049,8.863358,177084.58659688,,
130.93817,4.1538625,177092.10582971,,
141.43677,33.344193,177179.07903472,,
152.06142,42.35085,177261.97222972,,
136.86554,26.712706,177543.19174003,,
186.19978,49.07143,177700.9018819,,
145.15569,37.4812,177703.91407529,,
164.12885,47.397243,177749.5949547,,
228.30286,11.889209,177799.51506323,,
137.6031,28.225557,177865.6844464,,
140.75252,32.945538,178081.63996622,,
132.0297,13.944214,178108.40583424,,
182.6277,49.44038,178170.92273914,,
144.51382,37.088993,178177.36327146,,
171.9199,49.036068,178301.02931251,,
130.98093,8.409638,178387.54456324,,
131.97469,14.162688,178464.08703247,,
134.93912,23.412926,178539.03464566,,
229.41594,5.5209904,178715.66116881,,
229.13774,8.2134905,178719.18666148,,
229.64531,0.2081379,178724.2724274,,
223.09166,27.618334,178849.00090941,,
202.39943,45.58944,178864.39558324,,
139.75047,32.05235,178892.21053433,,
223.47328,26.974348,178931.65294649,,
184.14043,49.596973,179006.87794206,,
172.92445,49.354893,179022.33822062,,
139.75204,32.14526,179065.9810044,,
135.67685,25.456604,179146.45578512,,
140.17336,32.874252,179402.61136642,,
131.9251,15.168159,179435.60938147,,
135.30785,24.893867,179445.17231086,,
140.05513,32.76476,179488.23309469,,
211.5507,40.929016,179716.8313334,,
155.46503,44.97299,179790.89719291,,
229.40431,9.127078,180083.25996928,,
136.90875,28.440886,180177.01275727,,
135.16905,25.180187,180266.13464831,,
136.88165,28.479134,180315.92130598,,
136.12822,27.262548,180530.96766719,,
130.4132,8.974251,180652.99276973,,
230.18294,-1.3092895,180703.47494724,,
143.89384,37.63245,180794.40075537,,
230.25452,-1.4372355,180970.22656219,,
134.20811,23.679657,181135.60318988,,
129.70314,-2.4178717,181221.12172592,,
147.40605,40.75242,181223.52237219,,
142.36818,36.367733,181365.90237006,,
229.58684,10.430155,181397.5403189,,
139.62886,33.268085,181552.13945076,,
230.0539,7.208242,181555.55913586,,
173.40417,50.14953,181675.21282524,,
164.69421,48.71954,181728.74479808,,
149.72575,42.572754,181824.19589989,,
167.19418,49.30001,181853.37399511,,
139.54337,33.34933,181926.81367286,,
184.60342,50.428646,182092.42163538,,
153.47307,44.839615,182239.05607322,,
138.71083,32.4023,182247.55532366,,
222.13918,31.34475,182542.92533256,,
135.85101,28.148901,182710.8221299,,
134.64609,25.830725,182751.23830318,,
144.1854,38.864788,183047.00038275,,
135.91747,28.513771,183099.11428395,,
155.13472,45.919415,183105.91427732,,
144.27669,38.986336,183141.93143372,,
223.58,29.641891,183522.79083863,,
134.22195,25.52569,183588.39361401,,
169.75053,50.25608,183643.95526674,,
137.20485,31.006111,183701.40996735,,
135.79782,28.724787,183774.3863764,,
133.7672,24.8552,184041.11053064,,
231.18045,2.6303215,184424.40892875,,
230.62518,9.2184725,184427.51810755,,
161.92538,48.82589,184516.25676948,,
133.56146,24.764626,184543.99834309,,
134.74869,27.29198,184577.50638294,,
226.04851,25.772842,184741.87099498,,
230.57077,10.278109,184761.83290066,,
159.57565,48.192326,184817.13544306,,
165.29019,49.848686,185094.15666955,,
224.18987,29.582518,185122.92817028,,
134.57663,27.34316,185154.80596666,,
131.25476,19.413029,185556.93855752,,
176.1561,51.451828,185596.04816809,,
227.38435,23.4605,185770.92531875,,
157.15382,47.646656,185838.53190387,,
134.4713,27.816317,186166.57483591,,
168.25227,50.75913,186237.58105101,,
139.57701,35.707184,186543.67442794,,
130.3722,17.464924,186616.13524611,,
139.4724,35.66067,186701.70618215,,
141.91844,38.334778,186737.30679326,,
139.4052,35.6265,186794.98727416,,
136.59727,31.882961,186868.35782407,,
141.88022,38.37759,186917.55737112,,
128.06801,-0.1232216,186955.53758995,,
128.07799,-2.236151,187042.2695292,,
201.46368,48.56518,187144.4104139,,
130.98677,20.13479,187163.57695336,,
132.4023,24.184002,187334.11652097,,
231.76205,6.392771,187352.09165728,,
134.73714,29.19422,187518.10165704,,
141.91896,38.700054,187554.33409438,,
232.06647,-2.7474475,187624.02521069,,
164.32242,50.460064,187913.42669263,,
166.41615,50.909786,187920.47941553,,
129.28833,14.579984,187939.67932665,,
129.69804,16.393496,187954.70121151,,
226.48392,27.172668,188009.29137661,,
167.30228,51.16876,188236.57886016,,
168.37509,51.360394,188258.00297812,,
130.46451,19.564388,188284.77263542,,
168.20253,51.34508,188304.24460016,,
130.56877,19.991068,188372.1715113,,
167.70532,51.280003,188373.31326342,,
229.63312,19.469912,188510.33637027,,
131.14012,21.875633,188539.70764969,,
135.94702,31.957983,188737.94246812,,
130.25798,19.39552,188793.38624337,,
231.85712,9.724551,189002.94388566,,
168.81198,51.69598,189183.70450232,,
127.895584,8.184104,189205.95232916,,
131.25613,22.79468,189217.50997149,,
141.68568,39.252846,189306.87809623,,
151.48866,46.260227,189318.70342887,,
148.48871,44.570057,189368.93183665,,
152.63057,46.896614,189502.4727164,,
139.00986,36.582157,189684.6314645,,
167.39864,51.61974,189737.27457281,,
232.45393,6.458667,189838.4606286,,
130.77658,22.154629,190004.2491657,,
166.26111,51.5076,190079.12574328,,
146.82275,43.751953,190083.48359362,,
132.36974,26.332521,190239.33197287,,
128.32744,13.163155,190271.18059139,,
159.09995,49.752384,190343.24751581,,
143.2251,41.115807,190376.30648711,,
132.18277,26.04005,190407.84936668,,
149.93164,45.806038,190421.12340572,,
131.68819,24.966768,190512.68795691,,
128.35713,13.7364235,190542.34598854,,
133.31589,28.545639,190590.64246671,,
129.92984,20.17738,190633.79845219,,
232.93301,3.0894754,190785.19864999,,
156.07037,48.90284,191052.74602304,,
145.56529,43.27246,191134.84566559,,
146.39745,43.86633,191143.58522998,,
145.08138,42.9518,191228.31911131,,
126.875946,-0.2856995,191248.51803729,,
167.41913,52.07039,191285.42300568,,
133.88878,30.099586,191325.60040418,,
167.15884,52.069923,191442.17509606,,
155.05022,48.633488,191474.756776,,
156.44685,49.404858,192169.5457164,,
126.88664,6.4836535,192196.36046973,,
126.73077,4.648434,192275.04208381,,
141.449,40.34727,192290.03841779,,
128.20113,15.604236,192392.68183661,,
232.82521,9.82472,192455.21449504,,
233.41922,3.0731416,192529.24534123,,
135.47931,33.42307,192532.40486363,,
228.6061,25.874048,192568.08658996,,
230.49335,20.757359,192586.87630314,,
227.76523,27.771955,192620.67970917,,
233.04663,8.43514,192641.30830748,,
160.24298,50.869167,192825.45725705,,
131.28192,25.87616,192909.42869682,,
183.13065,53.54412,192986.15505244,,
129.51982,21.260855,193058.37405621,,
229.3613,24.46637,193117.45382104,,
126.37324,-2.423016,193192.13310562,,
126.740135,8.200004,193305.22511459,,
129.10202,20.170675,193317.76583448,,
233.41563,7.0600405,193454.66779221,,
126.2668,3.1660295,193670.406486,,
138.74522,38.354225,193951.82347416,,
207.5357,48.331406,193959.40180789,,
146.86363,45.3199,194142.13595322,,
230.84157,21.186682,194145.07586002,,
130.32924,24.539808,194161.28905068,,
138.62445,38.418064,194362.77079922,,
168.17778,53.14872,194595.46336698,,
127.14143,13.618644,194648.84200601,,
162.09857,51.95356,194736.94759669,,
205.18542,49.66749,194932.56409407,,
141.506,41.57618,194982.65330495,,
150.36871,47.656036,194983.96010048,,
166.80219,53.085186,195169.50815456,,
126.24554,8.505161,195174.16733491,,
135.10135,34.390648,195226.25215146,,
125.77853,-2.6492116,195356.11438584,,
128.19363,19.248203,195425.31741307,,
141.4571,41.753613,195493.04797921,,
139.46275,39.85818,195518.76535801,,
144.4546,44.30648,195804.52933173,,
144.86566,44.620102,195846.60823107,,
145.0292,44.741646,195860.68322363,,
131.08095,27.684052,195896.81385836,,
146.2869,45.635117,195963.84744073,,
146.0935,45.56274,196106.8919232,,
155.81941,50.46171,196191.03740183,,
125.58128,3.8068368,196232.8120582,,
130.80469,27.534563,196513.73597913,,
234.43565,4.942217,196516.12725482,,
125.452286,3.2888577,196613.56269104,,
125.87997,9.142885,196721.45089076,,
125.72666,7.731308,196729.51061739,,
130.13123,26.388693,197040.93372622,,
131.46126,29.3374,197086.86229604,,
232.15558,19.838083,197108.78779487,,
125.46623,6.012301,197128.72409702,,
125.25698,3.1757152,197298.70348464,,
125.46138,6.6049824,197312.52559072,,
234.81505,-2.2970612,197451.01075624,,
133.20953,32.77261,197468.1785108,,
125.21695,3.674205,197518.08779239,,
131.25317,29.313055,197651.92299251,,
125.17216,3.5457487,197658.33757539,,
234.72913,5.3970175,197670.88736274,,
153.79074,50.156364,197685.97019632,,
150.37726,48.62412,197741.37718743,,
232.26071,20.175835,197764.32480226,,
125.251236,5.6017694,197790.91340289,,
148.54283,47.727577,197944.59037268,,
129.16287,24.731892,197993.95506869,,
126.2402,14.005813,197994.85606961,,
146.95558,46.823803,198002.53129549,,
125.08651,3.8792498,198020.3484326,,
231.42134,23.168447,198070.2535438,,
137.71747,39.303074,198273.46327304,,
133.50877,33.758636,198300.97009725,,
137.9496,39.597088,198353.11716702,,
132.07227,31.3617,198353.97329938,,
138.8738,40.587074,198386.28862435,,
143.76997,44.862442,198458.05759896,,
143.11916,44.44335,198629.78372496,,
125.19771,7.83938,198644.82273881,,
132.69423,32.70824,198757.64257781,,
149.80371,48.709564,198814.84839516,,
142.75116,44.243755,198837.14965159,,
134.11995,35.007915,198846.96272437,,
142.73317,44.24967,198885.7318361,,
142.74403,44.39856,199227.71245556,,
128.77188,24.760225,199237.45712464,,
233.38406,17.575043,199248.58888042,,
158.11702,52.273247,199449.09433837,,
233.87376,15.617954,199451.33384643,,
151.35014,49.684822,199456.46220803,,
125.13598,9.466363,199480.60730083,,
156.64742,51.920757,199844.51186977,,
151.50787,49.9013,199878.18091115,,
130.52124,29.562061,200114.44307501,,
233.43015,18.528133,200171.61116182,,
125.18611,11.542557,200256.56799819,,
228.93326,30.751705,200260.10995163,,
128.8553,25.925125,200346.0588093,,
147.4323,47.988934,200392.95129333,,
233.58334,18.28103,200478.84252814,,
133.18207,34.605503,200588.794883,,
137.97498,40.69805,200601.76895941,,
128.5287,25.299921,200611.55031048,,
155.10039,51.672142,200772.42095815,,
124.860756,10.234661,200778.79688769,,
137.21965,40.00967,200858.76492916,,
125.373024,13.984871,200965.9803286,,
175.50084,55.719414,201022.84806116,,
126.27965,18.549835,201153.77699141,,
124.64404,9.316447,201155.62689559,,
138.97282,41.978516,201195.80274688,,
125.426926,14.835136,201313.97727017,,
129.10136,27.42749,201448.73831618,,
128.45714,25.86596,201493.12307348,,
148.2261,48.8803,201628.9862964,,
132.26367,33.84247,201748.56343367,,
140.07732,43.35252,201982.46440814,,
141.70622,44.729282,201999.97400164,,
233.4431,20.668758,202074.40960992,,
140.96979,44.164207,202084.39663041,,
128.07506,25.620544,202378.85667589,,
129.12337,28.328217,202535.52215335,,
125.27252,16.01996,202631.36376006,,
131.21692,32.63729,202673.53220685,,
183.27116,56.239326,202686.14026039,,
124.13437,8.65241,202703.54908042,,
158.74333,53.503483,202812.75016627,,
131.53479,33.297615,202835.3042252,,
155.16112,52.359886,202838.36936974,,
131.19296,32.701977,202838.68883548,,
158.28537,53.380787,202848.22572175,,
139.79901,43.496807,202874.60078891,,
125.696045,18.291801,202888.82016253,,
138.04866,41.89687,202993.03575325,,
135.59717,39.233162,203040.76928544,,
232.4008,24.925686,203061.8620617,,
150.53377,50.57486,203156.60738817,,
131.0404,32.666367,203202.16187245,,
168.37509,55.66279,203262.62747995,,
128.74356,28.051487,203306.241613,,
131.33359,33.322533,203419.13310746,,
140.57349,44.43849,203502.14776617,,
152.16699,51.415504,203503.80277001,,
131.9711,34.507153,203608.99582623,,
123.904175,8.963287,203633.19448339,,
167.16136,55.605473,203689.55713356,,
128.38403,27.549047,203748.96714117,,
134.82077,38.64842,203751.48334058,,
155.24681,52.7247,203879.09059482,,
132.01154,34.744183,203890.90110042,,
131.25641,33.51671,203932.31947992,,
140.19836,44.312874,203947.59134967,,
152.08403,51.53651,203968.87333392,,
131.6366,34.190212,203982.65432669,,
129.18195,29.55827,203987.12836124,,
156.55257,53.268032,204202.88824759,,
135.54326,39.82994,204336.27022246,,
131.29414,33.87174,204390.26820132,,
124.80886,16.640413,204635.01517067,,
150.12027,50.908535,204682.42987629,,
147.80199,49.771484,204738.17567915,,
130.4848,32.69398,204770.39815073,,
130.46182,32.67529,204805.4784405,,
138.63704,43.337982,204894.62689176,,
123.08637,0.5252393,204894.71486035,,
149.62036,50.74849,204902.44129828,,
150.06075,50.98587,204986.49962595,,
155.68759,53.299343,205201.57890026,,
130.44295,32.908028,205208.58604686,,
130.60005,33.27565,205338.87925093,,
130.5405,33.18176,205357.6556336,,
131.70638,35.151466,205361.50496542,,
141.202,45.750446,205400.01663607,,
130.14749,32.53288,205459.3723247,,
130.60706,33.375496,205472.94935858,,
130.23894,32.71859,205484.1794926,,
125.60469,21.192272,205647.66732747,,
133.84991,38.43637,205689.46758277,,
130.13702,32.670372,205693.04222633,,
128.33054,29.02086,205768.06400362,,
125.09131,19.385204,205777.14836052,,
130.54538,33.486404,205810.91082702,,
130.14957,32.877388,205967.99358855,,
128.01347,28.571127,206130.17632919,,
139.66759,44.80651,206131.40766151,,
123.80789,13.80654,206257.10761343,,
126.64399,25.245617,206379.22132515,,
195.53392,55.949463,206468.49800458,,
128.26,29.421526,206493.65782832,,
134.45985,39.67969,206570.85910847,,
130.9608,34.6934,206585.4989164,,
129.74602,32.62833,206710.81295739,,
149.88818,51.550625,206851.51116303,,
237.43692,2.7013638,206919.25742715,,
133.6278,38.825912,206944.900546,,
134.31274,39.705563,206965.7832001,,
129.58844,32.63518,207157.00583302,,
172.92683,57.27508,207197.42855485,,
188.10042,57.22156,207320.07789097,,
134.51097,40.23806,207523.99908281,,
236.54733,13.93801,207557.64502654,,
129.40819,32.620342,207634.70851482,,
137.9741,43.99649,207711.39171031,,
129.58102,33.02893,207757.33223311,,
234.0594,24.50877,207791.07540795,,
129.51256,32.996216,207897.48804646,,
129.31131,32.685,207997.43523232,,
132.29745,37.654434,208097.51571991,,
133.88448,39.772087,208099.72884431,,
142.65227,47.947525,208176.93956462,,
152.01215,52.953735,208293.45179033,,
129.20627,32.747295,208379.07704604,,
133.58247,39.550583,208398.48701673,,
156.10732,54.464058,208437.98422851,,
158.91211,55.298996,208496.11705463,,
122.10427,-2.3896036,208537.1430776,,
126.248955,26.113787,208552.47975733,,
129.20622,32.891693,208589.42332376,,
129.10971,32.711964,208595.4537167,,
129.26318,33.00432,208596.73272559,,
129.14159,32.830967,208679.7694434,,
129.1526,32.869373,208705.15901397,,
138.14142,44.63171,208774.69141539,,
129.11525,32.879208,208822.76490327,,
129.12497,32.914043,208846.5582299,,
128.93997,32.695164,209042.20717708,,
130.46793,35.53134,209224.47948669,,
128.7993,32.67701,209406.9234264,,
125.07602,23.455408,209465.9529013,,
131.09981,36.782185,209630.2627277,,
128.78136,32.852116,209708.16833065,,
128.8764,33.042686,209720.25229028,,
128.66725,32.75416,209884.36179236,,
133.9259,40.815964,209989.00482415,,
155.87099,54.88281,209996.87100948,,
124.88574,23.425892,210042.91914983,,
128.51805,32.63391,210128.08556333,,
124.228165,21.214762,210146.90286322,,
160.52959,56.298615,210446.26413208,,
140.7808,47.58189,210579.11850087,,
124.51576,22.749146,210586.90865066,,
124.40551,22.573557,210779.41318257,,
132.191,39.0612,210845.64885673,,
146.9705,51.5445,210865.57653106,,
128.19469,32.65523,211059.7229269,,
133.07802,40.34866,211077.75977695,,
128.22392,32.72686,211079.11983075,,
128.18456,32.65383,211086.01711963,,
130.7782,37.179077,211111.20867229,,
133.58559,41.015636,211155.22086081,,
182.6166,58.681427,211383.96281198,,
121.28474,-1.1587512,211400.56601444,,
128.05562,32.667835,211465.52999467,,
127.98406,32.544865,211493.64131217,,
199.35156,56.672832,211595.20093081,,
235.91687,22.407825,211666.75088111,,
121.19594,0.0170649,211694.62153974,,
141.87791,48.910007,211915.12411725,,
128.20584,33.332695,211989.39658487,,
238.8269,3.4156759,211998.44244942,,
138.29234,46.240788,212087.71288409,,
144.9557,50.94869,212216.74462292,,
128.46483,33.982025,212216.90250394,,
147.09186,52.105495,212251.48722167,,
153.19814,54.75361,212385.76324016,,
121.411995,8.802048,212397.07436987,,
152.81755,54.69156,212615.11394193,,
127.58862,32.605225,212684.40299975,,
237.47469,17.122446,212687.87072761,,
130.8068,38.208668,212768.82500813,,
127.76589,33.12484,212913.02939457,,
136.05627,44.6017,212971.96922365,,
122.16256,15.802387,213081.07859629,,
130.30562,37.665436,213117.56097359,,
161.0644,57.23139,213140.51881526,,
134.40216,43.032608,213262.47790185,,
238.87978,8.352448,213285.49402697,,
124.25122,24.703691,213295.04821894,,
239.0028,6.940708,213317.02317439,,
166.20174,58.23817,213322.65558059,,
127.579,33.06189,213344.38733649,,
239.0957,5.763438,213368.08816379,,
127.61303,33.164394,213392.88285285,,
239.13403,5.389456,213427.06974126,,
238.97308,7.796458,213448.04182462,,
238.83318,9.550719,213524.32387841,,
127.949715,33.91346,213525.84962886,,
239.10333,6.4447756,213551.12871739,,
133.93965,42.716625,213653.15881543,,
144.73311,51.393776,213742.27830883,,
153.60147,55.337284,213745.06027802,,
121.559135,13.585759,213913.69221691,,
239.24629,6.1661944,213995.988406,,
176.70717,59.423336,214125.15969264,,
125.256195,28.434387,214185.78404174,,
129.0145,36.313877,214267.75265183,,
239.2323,7.4387555,214268.26266589,,
124.24024,25.660664,214287.90670932,,
136.67651,45.821415,214332.02897888,,
132.43375,41.34308,214431.51883616,,
239.22728,8.356467,214519.80384077,,
237.8747,17.853386,214528.70384204,,
125.22432,28.68762,214572.99521246,,
122.37365,19.238697,214678.93002781,,
123.42591,23.482246,214750.22334569,,
122.5639,20.171928,214753.26953759,,
127.14088,33.200024,214754.83319623,,
129.27701,37.08256,214796.87350635,,
129.54654,37.564064,214879.25599277,,
120.32193,-1.7540324,214897.57341694,,
239.61885,3.851518,214900.86332979,,
120.68354,8.571772,214903.70322761,,
120.67792,8.576394,214925.09738808,,
127.21187,33.55595,215051.27259058,,
129.7601,38.005264,215056.6721698,,
172.65941,59.470127,215088.0180808,,
235.55612,27.05138,215112.47987471,,
122.71272,21.26334,215132.77294456,,
130.42938,39.056152,215144.65336032,,
128.35973,35.78343,215177.6875525,,
239.6949,4.503473,215273.65176407,,
129.72487,38.08697,215279.70117329,,
129.44403,37.66044,215296.32305115,,
239.51886,7.5053425,215306.50017659,,
239.52197,7.502697,215316.83775956,,
129.38686,37.643234,215414.15829652,,
151.83156,55.274372,215480.34294763,,
120.163284,-2.7273624,215547.93500214,,
132.76654,42.35705,215579.70059478,,
135.20836,45.047375,215666.42976049,,
239.73978,6.580957,215855.24962185,,
126.43722,32.600903,215913.64996821,,
120.85125,12.716088,215944.46464174,,
239.63683,8.495885,216016.11366054,,
150.718,55.03901,216047.63857824,,
231.40234,36.760075,216048.8967167,,
239.6724,8.262657,216070.97132774,,
239.6648,8.424112,216093.16785494,,
125.57834,30.9763,216276.84904093,,
120.66267,12.029437,216289.57296109,,
128.9707,37.612705,216427.5076176,,
122.13688,20.563463,216464.07609669,,
123.085625,24.194809,216490.50850899,,
240.07538,4.535574,216642.97299526,,
123.939606,27.279718,216898.6332236,,
126.11358,32.675457,216924.69008754,,
124.41797,28.645933,216941.5685719,,
120.3363,10.924207,216969.97486936,,
127.87235,36.136623,216999.60721922,,
185.40475,60.136395,217017.17258801,,
122.684944,23.408123,217052.45026618,,
122.753334,23.687784,217084.13555401,,
142.00648,51.090683,217192.43809539,,
121.969284,20.860668,217246.41348727,,
139.84572,49.686283,217310.42628992,,
121.88891,20.630974,217332.40396539,,
123.959625,27.801977,217396.4313871,,
240.1972,6.2883816,217420.06168655,,
149.92126,55.193226,217439.53428589,,
239.3459,14.555796,217547.33865704,,
126.416275,33.89014,217712.74779014,,
127.70326,36.366665,217790.97993218,,
122.93868,25.129963,217835.36433053,,
128.7618,38.171703,217852.11425439,,
240.43642,4.1796193,217882.14821441,,
131.61353,42.248505,217996.88290802,,
121.751884,20.926554,218011.59223206,,
141.68721,51.21851,218028.38026334,,
119.45958,-2.4800963,218054.62617505,,
119.89493,10.133001,218223.1932395,,
128.25818,37.60031,218234.6292522,,
128.56068,38.23196,218458.27721241,,
126.79268,35.182728,218489.94168943,,
219.68782,50.538002,218588.99603815,,
125.578445,32.803493,218601.75645293,,
125.52131,32.812557,218774.75289856,,
119.583244,8.6124735,218818.32568459,,
121.43759,20.665737,218844.65243535,,
127.6304,37.108734,219101.72116058,,
125.41839,32.847107,219109.99220081,,
236.63684,27.812426,219221.38886849,,
121.29485,20.668184,219316.54532814,,
155.10733,57.611767,219345.11275003,,
172.53142,60.66535,219377.33470611,,
128.0274,37.967567,219399.54467004,,
125.57431,33.422997,219425.08649339,,
125.58082,33.461895,219458.25055209,,
125.50404,33.54368,219780.6757845,,
125.073715,32.689354,219881.65019839,,
121.161766,20.867308,219905.17727268,,
121.49174,22.25482,219917.40288073,,
125.8272,34.31775,219920.89527735,,
240.74892,8.497472,219962.06686385,,
132.052,43.895172,220104.79069689,,
122.62969,26.548748,220179.55607606,,
146.00177,54.444447,220241.11220776,,
133.4506,45.5134,220280.65312168,,
240.92381,8.369907,220545.32512995,,
150.51552,56.482506,220573.40921992,,
118.87679,5.8081684,220627.08808115,,
222.12212,49.629475,220631.22997746,,
125.5364,34.25322,220635.63547572,,
118.766335,3.4200747,220642.81691788,,
241.16724,5.2561355,220679.2187222,,
122.19317,25.692892,220708.96216611,,
126.03938,35.325474,220728.75955547,,
125.9121,35.252728,220972.39324312,,
133.95049,46.37633,221007.84032377,,
120.82876,21.179148,221235.59294943,,
121.42906,23.632437,221270.08328855,,
120.29692,18.823084,221319.61257042,,
126.79054,37.129856,221325.10411655,,
119.53993,14.660497,221442.38465459,,
119.725266,15.91011,221473.06321646,,
125.65067,35.145405,221534.37642287,,
232.21898,38.949066,221564.59034094,,
240.12274,17.135723,221664.64976161,,
118.72462,8.079059,221711.63707369,,
125.95943,35.90879,221762.49956471,,
118.76699,9.347968,221939.67458833,,
125.90607,35.995808,222028.24235452,,
118.749275,9.468381,222041.07206644,,
133.64487,46.610546,222111.10432153,,
118.55946,7.454701,222133.69628831,,
122.732704,28.784245,222162.06179904,,
118.38794,4.8116364,222196.05495353,,
131.56912,44.45615,222231.09081994,,
118.74323,10.134942,222285.52972581,,
118.52092,7.533297,222290.93002929,,
175.93744,61.678963,222323.4775376,,
118.28137,3.6045928,222406.54925063,,
126.49694,37.34686,222413.08149988,,
119.54352,16.517664,222436.6526934,,
118.25141,3.0050476,222447.30296305,,
122.45544,28.29644,222487.60349483,,
189.83215,61.35371,222524.71390141,,
126.508316,37.44567,222529.22716797,,
118.40484,7.1282344,222603.78234827,,
125.94554,36.496872,222633.23517277,,
241.82248,3.5034213,222767.36935102,,
145.59016,55.177967,222817.39130503,,
118.28974,6.5245347,222875.27309013,,
239.86205,20.37107,222917.06146729,,
133.37051,46.802757,223061.66550279,,
238.9276,24.400654,223071.77885033,,
119.88266,19.394516,223087.44880687,,
120.026794,20.166946,223140.52255983,,
118.33972,8.324288,223147.26238063,,
133.90688,47.388443,223191.3584438,,
118.58566,11.137154,223202.39038695,,
121.41866,25.855825,223285.92180005,,
118.57088,11.267618,223303.72238975,,
119.46871,17.573595,223312.73568451,,
118.09465,5.2991605,223329.58034289,,
118.20991,7.347695,223351.82978062,,
120.339714,21.886637,223375.97508194,,
118.55292,11.497747,223455.24018024,,
118.33399,9.479799,223513.49698445,,
118.205925,8.1289425,223568.60115521,,
132.07448,45.747757,223635.70044598,,
118.18825,8.351066,223692.65156517,,
150.9919,57.71757,223755.54736679,,
120.78508,24.135862,223759.42612573,,
131.73877,45.46039,223789.01562454,,
127.80777,40.44107,223882.16598333,,
125.86451,37.239746,223912.79439806,,
170.7091,61.811295,223968.16213475,,
117.874344,4.9570236,224060.18056077,,
129.84717,43.39656,224109.59995791,,
117.79353,4.0629997,224216.44102863,,
124.19013,34.172153,224260.94079584,,
117.993835,7.976741,224281.619288,,
118.3448,11.826178,224313.36030437,,
125.551,36.998646,224393.0227889,,
117.76271,4.9838104,224464.53793126,,
125.46367,36.961227,224570.68376337,,
122.749504,31.082283,224639.36074943,,
118.621,14.741036,224651.35370885,,
117.918144,8.460394,224682.2491808,,
117.697266,4.9595714,224695.03550258,,
117.91671,8.545318,224711.21812164,,
125.360535,36.98606,224878.56883709,,
117.56624,2.813388,224891.29938185,,
117.58308,3.6099381,224914.65942837,,
128.24437,41.714306,224923.22737009,,
117.558014,2.9713726,224935.83905306,,
119.56899,20.659132,225002.23804726,,
117.55816,3.6407473,225007.80300947,,
117.4992,-1.3402078,225032.25109444,,
130.18132,44.341625,225070.91308167,,
239.59418,24.572344,225340.09188263,,
119.628586,21.471497,225391.11905077,,
165.37056,61.611298,225397.95608814,,
125.919044,38.361595,225408.43327858,,
118.03551,12.538779,225683.12366075,,
142.41411,54.661854,225790.01224674,,
126.105446,39.012978,225901.54833149,,
241.73505,15.029198,226021.26532872,,
133.31226,48.185963,226021.70976291,,
241.79945,14.824754,226142.33531521,,
241.91066,14.0805235,226172.03557816,,
132.84525,47.821674,226197.03047016,,
144.15414,55.79695,226413.82702472,,
242.62627,7.9206314,226472.13524373,,
117.12689,2.8605473,226474.8477848,,
120.175865,25.073038,226499.12020925,,
118.09599,15.321084,226748.55989312,,
127.80244,42.190144,226765.36478114,,
117.11528,5.09125,226801.48880143,,
125.18783,38.04041,226833.04563995,,
143.08907,55.471485,226980.78530866,,
135.39433,50.522594,227111.73138961,,
129.78172,44.981056,227121.27440706,,
118.202156,16.825047,227178.65460935,,
117.00076,5.471391,227275.82708464,,
119.4875,23.41795,227332.56474019,,
118.791275,20.426907,227414.25646316,,
124.77983,37.7908,227542.56766067,,
125.647316,39.34524,227561.48263236,,
132.13531,47.799557,227572.51523228,,
132.59697,48.317158,227699.36497391,,
130.77928,46.45071,227721.81304222,,
117.385414,11.989962,227736.83306971,,
117.50896,13.1539345,227776.22657473,,
125.26745,38.90533,227879.97676125,,
118.78589,21.124018,227912.15208301,,
137.26517,52.32602,227975.80709704,,
168.80537,62.779507,228019.90889876,,
129.35754,44.985863,228062.62682041,,
121.59996,31.146519,228080.24721526,,
141.83379,55.245903,228140.61248749,,
128.87428,44.484543,228238.7814722,,
241.53429,20.115932,228286.50245116,,
142.92824,55.90826,228362.48744943,,
117.12874,11.329757,228390.77210317,,
117.3683,13.4601,228396.31051061,,
116.866394,8.537877,228437.33327625,,
118.46589,20.484804,228531.39227396,,
116.51035,-0.2711833,228563.89241003,,
120.23841,27.69984,228672.27554555,,
117.61322,15.886683,228692.35125619,,
117.02917,11.197406,228693.23503797,,
139.78793,54.287056,228699.23701894,,
132.8109,49.113297,228915.10758354,,
119.32005,24.71603,228915.6142014,,
116.735146,8.63645,228929.89605109,,
119.92038,26.957539,228968.5061107,,
138.90656,53.89555,229085.88385672,,
132.84163,49.285065,229211.09157735,,
119.76954,26.723177,229225.96749525,,
129.1073,45.364025,229294.44017429,,
116.30218,0.3022053,229313.57015491,,
215.7829,56.932644,229421.13015172,,
119.58127,26.340689,229473.96281536,,
117.17882,14.688377,229602.82441365,,
117.80393,19.271523,229954.81938663,,
127.3341,43.4947,230037.41911332,,
143.0874,56.629898,230074.27684106,,
140.402,55.24136,230187.19600915,,
127.71946,44.23621,230408.70591559,,
124.54403,39.388245,230429.13149407,,
190.35638,63.56353,230496.12881252,,
168.1095,63.428158,230549.05299993,,
124.77692,39.886562,230562.35263217,,
128.76036,45.64856,230564.29402491,,
116.41423,11.048388,230803.40185984,,
130.71008,47.996326,230838.51912224,,
127.822266,44.64905,230885.21384098,,
243.82635,8.513961,230890.57607957,,
124.11533,38.99403,230965.0597775,,
120.849495,31.79871,230985.50905009,,
124.233475,39.406254,231247.37406051,,
118.579475,24.695236,231258.53454595,,
244.01097,7.518715,231303.1519027,,
116.44437,12.741439,231318.92958293,,
128.66748,46.04613,231479.72769439,,
125.84753,42.36498,231698.77733673,,
117.539894,20.655632,231712.28848846,,
117.288734,19.360033,231733.81368169,,
215.1222,58.10975,231835.42814932,,
123.75378,39.005306,231912.34639436,,
116.53646,14.888703,231912.71692675,,
115.67204,5.625454,232057.87645721,,
117.46428,20.93041,232142.30459221,,
118.81239,26.651379,232148.18092479,,
125.61894,42.337944,232203.59637773,,
115.569214,4.2924185,232227.55979867,,
116.409065,14.697598,232265.81632784,,
159.56354,62.67075,232269.44663044,,
118.89395,27.111246,232294.24307943,,
130.96931,49.040573,232363.00834777,,
127.82199,45.5317,232416.67801118,,
115.71982,9.013576,232633.83067605,,
115.470856,4.695757,232634.58902109,,
115.58504,7.1133223,232653.32186703,,
123.21006,38.53341,232672.23706603,,
127.39378,45.139862,232689.23189365,,
116.82443,18.564337,232824.21294745,,
115.70762,9.664547,232859.61321678,,
119.4089,29.445658,232862.97388961,,
115.37676,4.8556895,232994.6619437,,
128.0203,46.128506,233030.49331954,,
123.57627,39.485664,233039.88829056,,
115.473045,7.427101,233120.68036176,,
123.175835,38.850163,233192.89246981,,
126.01599,43.566822,233216.96969656,,
120.46877,32.841927,233224.24699168,,
116.57365,17.87752,233287.22447281,,
125.194214,42.386707,233298.36271193,,
126.92252,44.94896,233420.77085848,,
126.67295,44.66024,233500.00256074,,
125.45433,42.976746,233597.71721659,,
115.162125,3.6896336,233617.13923021,,
117.97502,25.311365,233673.30267431,,
115.15748,4.4681973,233727.39957914,,
140.04596,56.44571,233754.14826331,,
117.056435,21.4538,233833.12124488,,
124.91878,42.353287,233909.19367064,,
244.81721,7.14984,234095.46297807,,
115.86773,14.855957,234206.38068191,,
123.935165,41.002193,234298.56798036,,
131.65785,50.70496,234379.140108,,
146.77931,59.799603,234410.2880226,,
116.82318,21.407288,234571.0763747,,
115.50928,12.8560705,234626.94076967,,
245.14326,3.1981223,234664.53027821,,
117.60364,25.163055,234736.18458358,,
114.84702,4.107715,234796.01995617,,
114.80335,2.9300554,234832.53939476,,
126.3338,45.145115,235074.74838794,,
114.97442,8.331606,235104.86418294,,
117.56659,25.576794,235179.15563473,,
119.76376,32.770336,235182.07119633,,
115.275024,12.202801,235204.93413265,,
114.82125,6.3425965,235227.05643194,,
125.46343,44.031967,235248.68455062,,
125.69661,44.383904,235275.77169796,,
117.10266,23.79231,235306.83674922,,
116.41643,20.61376,235411.1851453,,
115.5338,15.163021,235495.32068801,,
115.88725,17.850855,235598.36326743,,
122.767426,39.85508,235620.48526414,,
114.65412,6.0644135,235774.65991942,,
122.76078,39.998917,235835.12633336,,
126.35507,45.632343,235840.95545612,,
114.60192,5.7742677,235912.04201336,,
114.49801,4.2941422,236070.94110149,,
136.31961,55.139206,236099.39954391,,
132.32771,52.144077,236131.00717961,,
116.28636,21.092009,236141.08455063,,
126.95071,46.589684,236159.6431079,,
114.84496,10.534096,236164.86319571,,
123.32766,41.25865,236177.80256491,,
115.20806,14.45742,236315.08849172,,
119.009384,31.85713,236432.06343813,,
116.195465,21.24452,236537.72473891,,
119.21208,32.565086,236565.40316019,,
116.09159,20.782183,236593.00546256,,
114.83674,11.913978,236639.56187194,,
244.83458,15.059232,236720.17841197,,
244.49799,17.548986,236748.35653727,,
130.33818,50.658394,236783.50254434,,
117.01923,25.428223,236799.33239491,,
117.34166,26.727411,236812.22314261,,
114.68567,10.820693,236814.1974118,,
114.527176,8.954517,236847.81647952,,
129.67992,50.063766,236891.06968684,,
129.61378,50.01708,236930.04342094,,
115.98271,20.76232,236941.90701175,,
119.32247,33.249165,236963.52080056,,
133.58209,53.566353,236992.67849959,,
116.23182,22.157078,237006.49619973,,
122.84831,41.003483,237010.58597416,,
140.11635,57.76686,237026.0388355,,
244.87218,15.500419,237044.76203942,,
114.55144,10.183687,237096.8032294,,
114.23669,4.984514,237098.94995342,,
114.22333,4.6991687,237107.84642282,,
116.049324,21.547483,237211.98349223,,
114.07316,-2.544141,237427.44619967,,
114.24501,7.1441627,237438.5922167,,
126.82187,47.18096,237460.33595765,,
114.43599,10.226153,237516.82207014,,
121.365005,38.54276,237518.76734854,,
115.33105,17.973392,237547.59276044,,
114.04914,3.192901,237565.96108372,,
114.90589,14.955281,237571.15858054,,
126.30231,46.594833,237579.82918422,,
114.55537,11.979415,237648.41847531,,
138.68307,57.250664,237698.15294305,,
245.97873,4.7425866,237838.05927886,,
167.32599,65.440735,237877.55581277,,
139.49875,57.78148,237901.08436698,,
114.05766,6.108867,237915.02830218,,
115.88466,21.861748,237954.56455227,,
245.22772,14.816878,237973.92328756,,
114.56507,13.066949,238000.55684492,,
114.81169,15.42467,238099.68275218,,
115.103,17.593271,238126.56006374,,
131.45242,52.37403,238183.09704544,,
117.509476,29.02731,238245.45152292,,
117.98064,30.689075,238338.0335108,,
113.81736,2.9586194,238378.84898518,,
115.54239,20.796007,238423.16118424,,
121.00327,38.524364,238448.57092974,,
113.89587,5.9609337,238468.73756973,,
113.86699,5.5679836,238509.23172785,,
113.88863,6.743144,238632.451814,,
114.719,15.938488,238647.35192226,,
114.64211,15.384543,238666.34287223,,
151.48407,62.781204,238690.49626297,,
127.65573,48.897247,238753.18707459,,
115.409805,20.856628,238899.46451412,,
116.36359,25.46582,238911.16795089,,
113.76907,5.9670544,238923.27963517,,
113.84176,7.4608874,238940.75664082,,
113.87269,7.996918,238945.18446587,,
117.7903,30.769894,238982.56821321,,
115.47553,21.49493,239071.21659282,,
118.0746,31.766321,239090.90565847,,
140.28943,58.670265,239119.09222748,,
122.6151,42.089577,239121.85262905,,
114.154076,12.179141,239122.59977343,,
114.01338,10.697444,239146.0995838,,
114.10253,11.732289,239154.73596537,,
114.47257,15.179949,239162.80970149,,
113.75041,7.128559,239199.56075381,,
122.31326,41.777836,239426.67498319,,
242.63783,29.859163,239433.38286038,,
131.71173,53.21097,239460.91527164,,
113.54444,4.1968927,239480.96403749,,
127.02772,48.587364,239491.43620307,,
125.54162,46.77782,239548.83112947,,
113.59268,6.5257435,239649.65326745,,
126.10284,47.57608,239679.70204643,,
113.65539,8.319987,239790.56697828,,
114.65467,17.904161,239805.24866176,,
126.798965,48.501095,239814.1623136,,
135.93053,56.46978,239819.97264108,,
115.15621,21.004074,239828.5966897,,
115.02991,20.329618,239852.39728577,,
113.41793,3.4437625,239856.74312113,,
114.24076,15.1290045,239941.16768236,,
113.38103,3.3864224,239983.98386957,,
127.785416,49.756927,240056.67819065,,
116.22072,26.40407,240076.62297994,,
116.24058,26.644209,240199.92611991,,
127.23913,49.290306,240312.00602236,,
113.38282,6.5419774,240402.21252039,,
113.25833,3.29477,240416.52857517,,
113.458954,8.008411,240419.91112471,,
116.11089,26.438747,240449.20319131,,
113.46948,8.425296,240475.4045479,,
119.072334,35.853817,240502.95160512,,
113.59307,10.2736635,240507.08246309,,
135.51692,56.506683,240531.11338984,,
113.444046,8.288457,240534.80976379,,
115.96143,25.954113,240553.34711832,,
146.61995,61.877747,240556.81654848,,
113.604485,10.782886,240612.67770682,,
113.420906,8.446974,240652.9850437,,
113.84734,13.555414,240682.62693791,,
113.21269,4.4079227,240695.89564578,,
122.03233,42.194084,240700.78581964,,
113.362045,7.8666573,240734.36837775,,
113.45946,9.41228,240749.52855718,,
113.19475,4.619806,240785.96187758,,
113.94291,14.708576,240797.38296512,,
246.84848,3.2747476,240798.52702553,,
113.40739,8.898944,240807.00441102,,
113.44829,9.774232,240883.04222792,,
113.18626,5.5196486,240938.92971496,,
113.61226,12.223539,241035.67496547,,
113.642296,12.5474,241039.44079071,,
160.727,65.50066,241040.56491542,,
113.40193,9.923613,241086.77356658,,
137.08226,57.713127,241099.06106365,,
114.59885,20.007015,241108.05725461,,
131.88655,54.145184,241124.18168728,,
140.633,59.621357,241147.45075929,,
113.19147,6.9126287,241152.64863145,,
113.04936,4.1758633,241255.24033287,,
113.029465,3.7171977,241278.35065133,,
134.0738,55.86281,241286.40555607,,
114.515114,19.828413,241289.2076869,,
113.38505,10.460536,241293.93758156,,
247.03043,-1.508425,241339.84286471,,
113.001495,3.8749325,241394.74546332,,
113.08991,6.226775,241394.83790075,,
121.202576,41.193703,241400.16048488,,
123.52213,45.110092,241418.67151005,,
122.66382,43.84549,241533.19419783,,
127.439384,50.197666,241552.90383806,,
113.033714,6.2924004,241606.67618548,,
246.38757,13.873957,241618.63469477,,
113.183975,9.347259,241709.2016659,,
113.08581,7.884849,241721.57993926,,
113.23898,10.326477,241772.19924007,,
113.06343,7.7766647,241778.69478846,,
121.64783,42.289925,241779.34889183,,
246.44643,14.175333,241937.21272481,,
118.03508,34.5237,241981.85859683,,
113.03947,8.486396,242017.4361125,,
113.46454,13.602972,242032.67150877,,
113.663445,15.473404,242076.54264266,,
185.9912,67.12847,242137.50974932,,
113.51765,14.428824,242159.42265273,,
112.80907,4.970693,242213.47165671,,
118.85366,36.84248,242214.75420804,,
130.03981,53.128826,242258.25579042,,
127.324135,50.469944,242278.10922615,,
134.76198,56.779644,242307.46804497,,
112.74736,3.9546587,242315.38177553,,
112.95333,8.544507,242336.63863803,,
117.384514,33.030052,242343.21151504,,
245.20149,23.163897,242344.9403291,,
247.33972,0.6992918,242429.4057134,,
112.711365,4.003565,242449.71268982,,
113.38481,14.12312,242503.1892205,,
114.19948,20.121304,242505.73639473,,
112.88351,8.395502,242551.42782719,,
112.71591,5.164441,242573.14019864,,
112.82716,7.684551,242601.31899698,,
133.97821,56.42358,242699.58936372,,
118.50732,36.49676,242778.87615806,,
113.005356,11.045226,242800.28811314,,
124.694916,47.688755,242892.30323316,,
134.46458,56.845177,242909.58923907,,
112.76137,8.079692,242917.3786339,,
112.642105,5.783168,242926.12981712,,
113.34999,15.104663,243006.68829479,,
113.675545,17.664505,243013.41000948,,
113.355896,15.284376,243059.04907706,,
126.34104,49.8365,243107.126999,,
112.49795,3.849608,243200.09517419,,
113.470436,16.691484,243265.35881947,,
114.759964,24.411068,243291.59427157,,
113.21526,14.6542,243294.50749805,,
113.13354,14.01354,243334.88552029,,
125.34339,48.828808,243416.5613626,,
120.78472,41.934616,243433.18233301,,
112.500336,6.1036396,243482.89337409,,
113.197266,15.137748,243547.42909889,,
112.51592,6.969159,243574.03173337,,
113.19174,15.417452,243679.46802664,,
117.64901,35.188007,243764.78410383,,
112.919876,13.173119,243778.07557795,,
247.65172,5.172075,243891.33441637,,
116.688644,32.896378,244239.68169934,,
116.43242,32.233727,244370.5144336,,
113.32757,18.119429,244411.89277309,,
125.1635,49.20208,244423.87256906,,
112.1605,3.975114,244424.264662,,
247.0567,15.147764,244428.53596652,,
247.61688,9.025492,244471.40670791,,
150.6194,64.50425,244694.58216198,,
112.043625,3.257264,244777.85939541,,
112.13011,6.175243,244818.09190457,,
248.04189,0.0310587,244950.81621831,,
111.97252,-2.4828324,244977.04635774,,
112.019875,5.151783,245065.32772957,,
113.32181,19.45726,245093.78644283,,
113.08901,18.043701,245185.19888351,,
116.82884,34.30821,245200.89314343,,
115.32896,29.397688,245218.05623759,,
118.742775,39.195637,245229.07100086,,
165.10707,67.338104,245301.85041839,,
112.72273,15.446153,245308.36338291,,
125.625984,50.274776,245318.61217746,,
160.90211,66.7993,245319.46863832,,
111.97476,5.8435993,245323.1880802,,
112.36865,12.404203,245450.48148666,,
111.889786,4.8715644,245496.06453427,,
112.00548,7.924093,245575.60428471,,
111.79824,2.8629336,245629.28664032,,
112.57269,14.975308,245642.02983565,,
115.49659,30.657776,245759.02998026,,
118.08658,38.16671,245789.4398339,,
112.56389,15.378593,245829.46713996,,
118.34823,38.819817,245834.99084399,,
111.85106,6.396348,245850.81576843,,
115.332054,30.199764,245869.82285519,,
150.17653,64.77635,245887.30714201,,
125.8292,50.871964,245956.63244657,,
120.60766,43.6125,246125.59716559,,
216.41895,62.74815,246162.67417657,,
124.16805,49.01011,246182.78595144,,
111.651596,3.6027012,246216.04506449,,
116.37159,34.0558,246265.64737677,,
124.91921,50.0915,246435.24882807,,
112.77014,18.451944,246458.9440373,,
119.40431,41.606506,246465.27168905,,
113.024345,20.1898,246469.56737767,,
247.41032,17.136665,246472.67597507,,
111.66588,6.4942527,246528.36182411,,
111.72795,8.439565,246668.73686635,,
116.231285,34.136677,246746.4745516,,
246.417,23.90756,246766.35753388,,
112.79123,19.274462,246786.14187599,,
154.887,66.184494,246794.57512872,,
111.800964,10.479244,246890.80536559,,
119.17513,41.5931,247026.60503464,,
118.87928,41.113228,247182.55066386,,
205.96017,66.21555,247463.33087167,,
114.12327,27.55461,247521.18234165,,
111.27969,3.8651938,247575.81362511,,
112.48791,18.807783,247582.39989365,,
111.51093,9.351891,247640.04385594,,
111.28464,5.998517,247815.092641,,
117.161804,37.770344,247850.36157331,,
122.017555,47.140583,247900.2606478,,
112.21521,17.63707,247969.74891229,,
140.75435,62.31556,248082.10366023,,
131.44348,57.070312,248082.47022267,,
111.791794,14.530826,248180.7530892,,
111.752686,14.41693,248275.66966409,,
111.22848,8.224445,248400.87585401,,
112.330475,19.510105,248452.00039607,,
139.87134,62.08984,248503.70197242,,
112.12061,18.216496,248550.81508382,,
111.18013,8.403082,248608.85489344,,
111.66206,14.796739,248726.38070103,,
134.09517,59.15026,248740.80475086,,
110.8742,3.7638412,249022.51230318,,
115.37001,33.924522,249027.39702687,,
186.78688,69.060165,249169.40027967,,
130.14787,56.643696,249249.77817969,,
111.00132,9.5074,249481.79146744,,
113.722305,28.565517,249511.47717173,,
130.96635,57.392506,249518.81421547,,
114.55284,31.831327,249576.30255545,,
114.24264,30.86223,249703.31706971,,
130.46648,57.16695,249830.46617114,,
111.21338,13.730634,249914.90842483,,
113.043686,26.227829,249996.25607439,,
111.36297,15.441961,249997.91893835,,
113.861305,29.778097,250001.45793886,,
134.83247,60.164497,250077.48459143,,
115.207085,34.757626,250267.7136235,,
110.49,-2.225935,250294.15725265,,
110.54709,4.870363,250309.55412844,,
153.50041,67.01842,250374.44062874,,
113.158134,27.392439,250427.24839517,,
169.48582,69.20343,250446.08919313,,
110.456154,3.9668026,250542.13861551,,
111.82546,20.324339,250546.39189547,,
249.38988,8.204587,250596.95446504,,
119.04255,44.21809,250702.63055279,,
110.3541,3.678826,250882.89727669,,
110.750885,11.785041,250941.69834983,,
115.277664,35.694443,250952.42607053,,
137.71661,62.110935,251112.11960605,,
129.19865,56.809525,251130.55314575,,
111.4768,19.191776,251174.85380684,,
230.84425,56.819965,251221.56642127,,
139.84126,63.13919,251277.01685094,,
110.262726,4.8211055,251323.53263188,,
249.51855,9.966569,251428.23010969,,
136.35622,61.560562,251428.81389855,,
111.30788,18.589645,251472.88690484,,
111.545715,20.397884,251517.92671715,,
123.10866,50.979618,251586.38919406,,
114.6554,34.616055,251716.15015444,,
110.07817,-0.8788053,251727.45608302,,
110.11933,3.9097795,251746.24134422,,
133.29042,59.972145,251754.7972167,,
138.59358,62.908707,252097.91029011,,
165.23448,69.346565,252209.22962574,,
118.91401,45.14211,252216.29019397,,
111.23726,19.885376,252304.44964,,
119.78752,46.794262,252419.35555812,,
114.50583,34.96032,252456.9953751,,
127.36232,55.957764,252504.92239628,,
131.81885,59.41406,252601.89278125,,
111.133286,19.805935,252616.20920586,,
129.5153,57.79249,252633.74356877,,
197.731,69.156815,252682.42986445,,
114.26801,34.60027,252813.27340651,,
109.88405,5.9186964,252814.9677761,,
109.98348,8.201115,252826.0173006,,
130.68011,58.803764,252962.48192628,,
111.544655,23.23166,253002.13395385,,
249.63882,14.192203,253031.31952547,,
249.43964,16.208855,253049.56126536,,
249.11714,18.969547,253079.00865871,,
135.94835,62.065952,253169.92528043,,
114.42969,35.598915,253257.76493536,,
110.68223,18.020473,253350.65558001,,
154.26486,68.13332,253428.22668024,,
112.59135,29.262457,253509.59259785,,
109.57989,-1.0468487,253524.64134198,,
249.63963,15.63301,253527.24009217,,
114.20743,35.223385,253546.160005,,
135.39078,61.93978,253564.38626656,,
151.50374,67.61566,253608.70534177,,
115.43595,38.8472,253647.15607476,,
131.03569,59.41555,253747.43361331,,
110.20796,15.261881,253922.65365371,,
111.02268,21.807251,253962.13411581,,
117.93197,44.70183,253988.73216667,,
115.68099,39.867493,254060.42828542,,
160.11835,69.33666,254229.392751,,
250.43323,7.91046,254256.82936245,,
114.81589,37.813007,254288.67049007,,
110.42377,18.260632,254329.14498354,,
110.097626,15.567882,254410.70957563,,
121.28637,50.639862,254775.22004624,,
250.05682,15.12021,254789.74401865,,
250.1444,14.696444,254951.64362333,,
113.18311,33.487366,254998.39556331,,
109.157684,0.8385872,255040.01257132,,
118.68567,46.94664,255137.20057277,,
109.28233,7.484588,255198.11330858,,
110.17412,18.469519,255263.42446196,,
112.17524,30.06376,255361.11829511,,
109.79408,15.442026,255415.03657606,,
117.369415,44.80761,255469.7964596,,
109.03462,-0.4643297,255477.70480909,,
109.296196,9.311175,255484.45592724,,
130.25014,59.689724,255486.50111827,,
111.53777,27.354675,255491.94437332,,
110.69152,22.68829,255507.0641304,,
110.34442,20.375208,255525.34212635,,
112.51742,31.68964,255534.87553439,,
250.28687,15.02403,255553.61799946,,
109.12811,6.8266573,255645.77718619,,
250.3102,15.077299,255652.13133368,,
166.57895,70.46958,255685.1977193,,
117.513626,45.26108,255688.40552059,,
250.27759,15.665875,255739.71486718,,
109.98301,18.145874,255779.42586677,,
250.95242,5.906746,255806.6902985,,
109.144394,8.51135,255868.2738254,,
250.24051,16.70299,255983.75170228,,
108.88873,1.1971958,256015.97779263,,
117.3057,45.14504,256039.10815486,,
108.86785,-0.1569864,256076.00459508,,
130.1363,59.890965,256080.2446776,,
109.84608,17.759974,256091.29720003,,
110.428955,22.144379,256094.81354632,,
117.3047,45.210854,256122.95968397,,
117.40449,45.45078,256184.18350873,,
109.05601,8.526019,256185.2380286,,
119.3191,48.81623,256282.42182879,,
250.56184,14.598139,256367.87949985,,
113.41928,35.893856,256381.92856182,,
112.42536,32.568146,256488.42937151,,
109.8212,18.562849,256498.77474641,,
201.66057,69.77062,256516.69843424,,
108.75359,-2.6533368,256562.15195201,,
109.20455,12.5012455,256564.60390352,,
250.58087,15.039788,256576.69292516,,
110.12939,21.172642,256615.1961147,,
121.78558,52.489616,256653.24081641,,
109.60295,17.168447,256693.59754128,,
109.92644,19.90988,256717.05799068,,
109.88594,19.613546,256723.60808967,,
128.94543,59.38652,256791.58960946,,
250.38947,17.638504,256846.98428854,,
109.637886,18.08554,256928.76848358,,
112.81909,34.557964,256945.72419906,,
108.86052,9.375887,257042.70691211,,
108.562195,-0.6911134,257181.13678418,,
112.585075,34.036346,257192.26497759,,
109.18289,14.524368,257230.59575684,,
251.25093,8.871744,257340.41508473,,
109.13685,14.44817,257366.71543982,,
108.537025,3.4335551,257390.85118021,,
108.50239,1.149595,257405.28913333,,
150.2044,68.57319,257462.0355383,,
108.5145,3.937302,257510.80615075,,
111.11449,28.476181,257542.34709865,,
138.21594,64.91,257642.11721097,,
108.7729,10.914544,257684.47712733,,
109.57766,19.502935,257714.45088857,,
115.89975,43.75632,257793.76255027,,
121.373695,52.73869,257855.74175483,,
135.40375,63.748646,257910.52745767,,
251.53183,6.4358816,257948.57278748,,
108.34853,1.0406199,257956.57459788,,
122.96997,54.721027,258051.71468618,,
251.13396,14.069155,258192.89966795,,
120.71759,52.147995,258239.28275519,,
113.74757,38.906265,258253.69771464,,
129.90764,60.77256,258280.09081922,,
109.607475,21.15383,258343.88252286,,
111.84681,32.79866,258378.65548107,,
108.49588,9.599113,258380.15765642,,
251.57407,9.014095,258514.76331243,,
122.51374,54.518627,258555.61781765,,
108.46463,10.021145,258577.2087058,,
250.73784,19.067497,258598.01651737,,
109.60326,21.695,258609.24528099,,
124.60133,56.70637,258614.17562234,,
123.777725,55.9419,258690.96981895,,
108.13589,1.5886952,258736.76550659,,
207.02591,69.590706,258847.07954951,,
108.0913,0.1720198,258871.62369102,,
108.31239,9.590959,259028.85570195,,
112.07968,34.512005,259042.99570121,,
160.36598,70.83051,259144.6851068,,
107.986176,0.0614053,259249.80485749,,
111.477974,32.691322,259389.37629896,,
117.23233,47.700874,259428.07721823,,
108.45275,13.452692,259455.67887855,,
108.52031,14.64331,259567.22203857,,
108.02026,6.5931597,259570.67727182,,
108.62614,15.877432,259592.51450032,,
251.81361,10.199317,259598.88546301,,
252.10805,-2.5226696,259653.50983604,,
121.32641,53.845455,259695.68562125,,
252.12311,-2.472766,259705.14280492,,
252.11395,3.2785506,259719.1599569,,
109.23865,21.482038,259720.99068358,,
107.85318,-0.1511732,259728.78324645,,
110.155556,27.190691,259747.40950359,,
114.52932,42.41891,259749.14938281,,
111.82506,34.576523,259830.78552497,,
108.74282,17.77657,259858.51293427,,
109.18782,21.50064,259898.36626389,,
110.4762,29.151722,259960.62264262,,
122.524086,55.38167,259974.20321531,,
107.85956,5.1609087,259974.96002913,,
120.74182,53.35087,260043.69296677,,
111.69862,34.412582,260066.56021587,,
139.39069,66.31973,260091.07374862,,
108.84517,19.328728,260112.76212616,,
111.382324,33.305027,260133.62182469,,
109.01821,20.802784,260151.87704122,,
249.65654,28.86542,260188.87022592,,
130.70111,62.171158,260194.66350616,,
110.040695,27.385595,260225.91247985,,
109.113434,21.780415,260273.20673338,,
109.0842,21.640411,260306.15725153,,
107.89157,8.705853,260357.0903845,,
252.33028,-0.8156224,260395.66544805,,
115.078255,44.41803,260559.9082047,,
160.65034,71.28499,260560.55394977,,
250.17737,26.781546,260561.29703788,,
109.056,22.112444,260616.68664858,,
116.3364,47.02669,260631.1011919,,
111.59465,34.7475,260632.13645204,,
111.55111,34.768566,260774.43643874,,
250.57713,24.869612,260784.84607861,,
107.60522,4.2292423,260799.41073387,,
248.7312,33.744675,260800.26111022,,
107.59605,4.1668983,260827.1146068,,
130.36363,62.2725,260866.3293072,,
111.06157,33.053528,260890.75794127,,
130.35413,62.302025,260942.93990816,,
107.56411,4.777205,260995.97347105,,
108.80176,21.411652,261141.70885827,,
109.13712,24.38586,261458.97616112,,
117.43882,49.616947,261465.94416367,,
249.34888,32.17182,261471.48530792,,
107.874725,13.721752,261546.78094055,,
107.560814,8.951488,261575.61811016,,
122.56061,56.393074,261609.82632855,,
109.13481,24.835648,261698.03596191,,
108.74188,22.21068,261700.6464802,,
117.15493,49.45619,261871.79442794,,
111.50348,35.97707,261879.25117186,,
108.672035,22.190212,261922.21465131,,
122.4085,56.430267,261940.19262633,,
142.33107,68.024055,261970.83625957,,
134.83572,65.17344,262007.79154076,,
252.12419,15.439446,262043.39962589,,
107.77533,14.6003475,262140.69637896,,
114.61728,44.849022,262162.9212563,,
108.45929,21.179573,262180.36205014,,
139.10155,67.03147,262241.45867078,,
108.18774,19.1973,262281.52525885,,
133.75716,64.79431,262333.77430187,,
109.26618,26.964014,262429.69481563,,
107.65977,14.332419,262465.5087045,,
107.447495,11.409282,262468.82139087,,
125.93886,59.9888,262543.61328399,,
109.1195,26.438591,262603.45577765,,
252.52623,12.603092,262657.09861232,,
129.78278,62.770256,262711.35435415,,
107.18803,8.436244,262813.09578477,,
114.49052,45.17704,262832.97881296,,
107.12665,7.5512786,262895.05195627,,
111.11371,35.890144,262916.92437564,,
108.927826,25.948166,262949.93040309,,
114.41975,45.12813,262949.94663392,,
119.8782,54.16117,262950.2506428,,
110.22402,32.5127,262985.36706257,,
252.29709,16.547697,262990.73097661,,
107.04355,6.2551684,263019.57147296,,
108.98093,26.437416,263044.30617637,,
107.23151,11.384464,263224.0873408,,
115.87538,48.46629,263447.18656272,,
126.52244,60.91162,263455.53272766,,
110.03909,32.569588,263575.61310686,,
173.2004,73.12855,263702.63458252,,
109.88189,32.102093,263724.05483842,,
107.30091,14.495272,263758.72980766,,
111.60345,38.60538,263802.78537912,,
253.0461,9.435512,263816.14867355,,
249.89612,33.251728,263861.73322736,,
107.26072,14.489664,263896.82042094,,
107.254845,14.453031,263907.03066124,,
106.98556,10.578219,263921.89202881,,
107.24971,14.458856,263926.49867185,,
250.73747,29.806269,264117.95108744,,
119.10263,53.988075,264180.19177053,,
111.52459,38.812042,264196.3486448,,
106.61845,3.0876324,264262.94331568,,
106.640755,5.147338,264341.85444265,,
109.48243,31.345371,264422.5929188,,
113.70745,44.950817,264485.37619391,,
250.92607,29.45649,264486.30022254,,
106.653534,7.287956,264545.56523945,,
109.44455,31.578543,264689.24682633,,
108.36118,26.131268,264859.58056081,,
109.93444,34.032536,264915.66528121,,
129.3882,63.578224,264954.13087316,,
106.57991,8.968643,265062.74769141,,
157.5024,72.265434,265156.8640195,,
106.36982,4.154667,265227.85106429,,
106.50229,8.773513,265306.4082466,,
106.32709,3.5309036,265337.16407086,,
106.83846,14.464577,265357.47739634,,
106.83618,14.659935,265418.75810581,,
107.4374,20.827532,265445.62880255,,
121.16983,57.48037,265840.62571999,,
253.82599,3.539402,265887.66440163,,
106.368355,9.646254,265929.98424276,,
253.88623,3.642041,266110.76455125,,
106.123955,4.6878014,266153.20355951,,
106.133,6.314502,266283.0809315,,
117.44423,53.39695,266577.33808793,,
110.93001,39.801167,266655.34318394,,
107.68296,25.429888,266682.65285442,,
170.31873,73.8554,266729.28518179,,
106.33872,13.622978,266879.72771607,,
107.48208,24.4987,266888.07112943,,
115.85087,51.22177,266946.59113933,,
115.31543,50.343998,266990.29922128,,
118.2524,54.82967,267039.0866153,,
106.46544,16.076889,267104.62019756,,
136.7255,68.07038,267198.64291002,,
105.9993,10.059405,267311.13984066,,
110.92142,40.583374,267352.92082445,,
106.46343,16.979446,267383.75126849,,
105.98517,10.577237,267456.69040046,,
107.25712,24.417486,267581.5979274,,
125.58319,62.343967,267589.59388993,,
106.14572,14.0217905,267652.46190593,,
114.69866,49.797344,267669.34813561,,
105.75517,7.39376,267765.09076333,,
106.09564,13.930913,267804.20557777,,
112.016396,44.144547,267822.3020002,,
112.21003,44.70061,267891.05608402,,
254.32584,7.4399223,268060.12803897,,
253.47493,19.857574,268139.21697739,,
106.46922,19.515285,268205.25856616,,
253.26347,22.136158,268305.58233283,,
106.90726,23.817377,268453.02224088,,
107.88131,29.997448,268482.86394564,,
111.5354,43.78881,268681.00606946,,
127.1419,64.05091,268849.59077923,,
111.427635,43.77974,268942.67028873,,
115.60993,52.430904,268990.0121305,,
128.48679,64.97658,269055.2937797,,
110.28682,41.149216,269517.13946477,,
109.45537,38.53705,269634.31444368,,
105.22352,7.1909456,269636.7050788,,
107.11459,27.913374,269738.02027634,,
105.12774,6.5711284,269906.37138099,,
129.56664,66.02264,269993.12895657,,
131.09894,66.929184,270260.43872026,,
120.317314,59.33139,270286.23729712,,
105.0483,8.915124,270495.77986086,,
117.90531,56.77895,270514.28790354,,
131.78323,67.39831,270584.76415243,,
254.60768,15.383613,270619.45946947,,
125.32404,63.730732,270621.86860871,,
109.742546,40.86797,270719.82655294,,
104.82029,8.798918,271288.97888586,,
104.830215,9.411832,271346.07070365,,
106.57221,27.779657,271380.06975328,,
104.631165,3.360602,271420.39870496,,
117.52954,56.991524,271498.96676777,,
111.18505,45.871872,271536.36256334,,
114.0612,52.01598,271684.28824396,,
117.291595,56.83208,271699.13835107,,
104.49734,-1.2825998,271822.93842567,,
104.72467,10.169195,271842.29208272,,
183.0217,75.49695,271863.19970832,,
109.19453,40.51398,271891.28907653,,
104.47067,-0.318257,271906.40919166,,
110.64671,44.89235,271924.16831745,,
125.00023,64.20862,271974.24911995,,
110.28807,44.149845,272137.96591735,,
104.58152,9.255416,272204.77236276,,
111.697624,47.881554,272317.43295923,,
135.23859,69.58014,272363.84138223,,
106.80105,31.290558,272518.6181143,,
255.58115,7.686115,272568.45882822,,
255.64821,7.452712,272779.26176576,,
255.76698,2.8930943,272827.80923084,,
255.78476,4.5616474,272990.63394226,,
116.85187,57.216663,273036.60521904,,
163.27197,75.27303,273273.94899756,,
105.46687,24.215563,273324.95556392,,
115.03755,54.927258,273331.56362384,,
104.24587,8.905742,273345.96298714,,
152.93213,74.192535,273462.53108678,,
255.78262,9.524133,273537.46157908,,
153.26743,74.290344,273621.14234418,,
105.34665,24.197504,273709.89815432,,
108.36341,40.127804,273820.4710164,,
105.55439,26.23698,273896.66957075,,
107.51646,36.95325,273897.78013447,,
110.25514,46.050247,273950.42906293,,
112.28331,50.771496,274050.26432244,,
256.10675,3.7111862,274091.2812144,,
103.91981,5.1712694,274096.73506792,,
256.1367,2.976056,274160.77205209,,
114.601204,54.936413,274187.31339414,,
103.819885,3.0216115,274318.95286388,,
103.96558,9.091628,274368.09930834,,
256.18466,4.590982,274427.50250848,,
109.47945,44.478825,274447.50439659,,
255.27599,20.58751,274447.85821566,,
106.74987,34.37318,274461.1101995,,
256.2133,3.7445364,274475.92337465,,
104.06525,11.908194,274476.47444324,,
117.42674,59.097374,274738.53066142,,
111.50395,49.870483,274803.19402595,,
104.32004,17.447405,274866.72308056,,
256.27475,6.208048,274884.47738945,,
256.30185,6.9933586,275060.60907679,,
109.729294,45.905956,275091.66481118,,
130.58334,68.857994,275146.11203115,,
256.42734,4.219567,275273.39146086,,
103.59897,6.0880146,275325.07197851,,
117.14647,59.206318,275370.3948734,,
103.96698,14.704268,275397.37023289,,
111.174866,49.75676,275418.63778445,,
256.4917,2.9487395,275435.72562188,,
103.58119,7.43261,275526.29230883,,
105.05971,26.56085,275620.96963729,,
157.21494,75.41604,275674.91948509,,
108.351875,42.77083,275892.03843324,,
127.174164,67.54342,275958.95915476,,
104.32631,21.49406,276080.60484621,,
103.41091,7.4027853,276130.55336533,,
126.00501,67.144005,276483.81355825,,
105.35605,30.48652,276510.85277588,,
108.70178,44.648067,276529.59009997,,
118.68397,61.81223,276824.66705257,,
103.54033,14.640235,276866.11204325,,
103.09091,5.0938334,277062.13479931,,
108.64437,45.174877,277112.11588315,,
106.87196,39.203625,277210.05450329,,
117.96076,61.36614,277256.1218373,,
256.9573,5.613743,277275.41434119,,
254.01968,35.35887,277290.19809027,,
103.894615,21.043148,277375.45344201,,
104.261284,24.532732,277379.02901811,,
103.11294,9.124647,277401.22850183,,
108.54132,45.27625,277451.02377602,,
103.4858,16.684427,277531.11976073,,
103.06399,8.988579,277557.22015262,,
257.013,6.960737,277597.35448662,,
257.1148,3.9771495,277726.90389059,,
104.33608,26.164227,277774.22645089,,
107.25392,41.627007,277885.99971783,,
102.83952,4.8122973,277943.43542865,,
256.75873,14.856003,277952.33852632,,
102.7753,3.032542,278074.41027296,,
102.80323,5.10199,278094.07063281,,
256.7007,16.729538,278183.76696978,,
103.12167,14.541229,278300.85039546,,
113.35713,56.45521,278442.00751856,,
107.053474,41.70654,278471.6068246,,
108.05652,45.064373,278474.77421736,,
103.58235,21.468779,278554.3148674,,
106.88929,41.22607,278563.11574248,,
257.35556,5.811947,278717.84966195,,
111.820694,54.195812,278785.94792885,,
107.97946,45.25748,278821.61892025,,
109.06224,48.338463,278861.05744829,,
103.413246,20.783537,278907.42275154,,
102.65648,8.78929,278980.43962065,,
104.1075,27.343752,278985.57680073,,
102.53033,3.8024402,278991.72186697,,
106.923134,41.97737,279008.82904286,,
103.920654,26.138838,279098.39996045,,
106.60372,40.9918,279159.30308352,,
125.43167,68.173,279188.49917211,,
257.55862,4.391281,279344.61050804,,
257.51447,6.6061516,279355.29336658,,
102.85888,15.335637,279383.05466194,,
179.61192,77.61927,279430.41059965,,
104.03793,27.977215,279469.51706442,,
109.65779,50.51266,279532.09850134,,
257.17413,16.002184,279644.71831672,,
103.669556,25.487843,279658.38555353,,
103.22233,21.358515,279721.97378127,,
103.483116,24.048857,279743.25451526,,
102.42227,8.624005,279793.38422972,,
128.44948,70.02046,279838.7654531,,
103.75023,26.695127,279862.70955511,,
125.72385,68.685646,279888.71968472,,
103.52653,25.017536,279947.81672572,,
103.845116,27.69316,279961.50451479,,
102.316025,7.835923,280082.71397029,,
102.59969,14.460121,280100.48673804,,
110.82807,53.587383,280135.46789855,,
257.82315,3.3653026,280240.08968434,,
103.4497,25.270742,280289.32627025,,
112.30752,56.363,280304.85724011,,
157.12718,76.81689,280331.85719689,,
108.98623,49.8027,280363.31264481,,
102.2298,7.6353645,280369.03438826,,
106.66457,42.9787,280401.37488254,,
102.119705,-2.5274127,280412.14811758,,
109.02746,49.99769,280449.71617324,,
102.1284,4.7993855,280493.16620478,,
103.73081,28.532572,280669.16536694,,
106.61775,43.20627,280685.87923882,,
104.01232,30.657562,280720.6457426,,
118.70651,64.30902,280733.22047197,,
103.13083,23.575514,280736.27461297,,
103.309494,25.26592,280741.68535154,,
248.84851,54.801113,280783.21809007,,
104.24345,32.34294,280808.42542782,,
109.63944,51.81612,280829.30488568,,
103.51351,27.233467,280829.5362382,,
103.48136,27.044216,280857.76899517,,
258.03375,-0.1328762,280921.61755984,,
102.969185,22.574354,280943.34575415,,
102.15358,10.19391,280948.07003403,,
120.146576,65.65678,280989.40114924,,
108.89723,50.27631,280996.06506865,,
120.68293,66.10193,281050.70269567,,
103.11933,24.48564,281083.62484047,,
102.20286,12.37739,281105.9440986,,
157.30902,77.07191,281116.36742044,,
103.323364,26.467373,281141.2644974,,
102.821785,21.809393,281195.58533767,,
101.853584,-2.0822165,281355.68227721,,
257.76636,14.732418,281428.08010416,,
158.93474,77.32186,281454.49522115,,
102.096596,12.330621,281471.49338266,,
103.21449,26.652609,281559.84063094,,
101.83929,6.2244635,281633.42494485,,
101.98104,11.7559805,281785.96969695,,
114.46639,60.665947,281856.90010088,,
114.61115,60.879036,281904.4422714,,
101.707726,3.176205,281917.84557593,,
102.01664,13.504582,281953.27727158,,
257.89307,15.213894,281964.49312747,,
103.38035,29.12289,282012.46633253,,
109.886024,53.574482,282051.41340068,,
103.73309,31.75213,282073.56010351,,
258.25244,8.081594,282134.67851128,,
161.85188,77.7714,282198.30552744,,
102.862755,25.33177,282212.01067258,,
101.678154,6.2659917,282213.30862914,,
103.760506,32.266884,282228.86784318,,
154.51149,77.139046,282272.85957961,,
103.90111,33.42069,282357.09360729,,
102.39211,21.107033,282424.18627409,,
111.15488,56.336384,282457.00085227,,
102.849304,25.936363,282469.31395193,,
102.574615,23.625965,282580.0780869,,
127.18713,70.766685,282655.23852158,,
102.08194,18.407013,282761.31836448,,
105.79972,43.164158,282762.28521191,,
103.6665,32.886196,282802.04846025,,
124.24348,69.393326,282878.11734054,,
101.45461,4.907308,282916.5961858,,
101.73368,13.78756,282992.4361424,,
101.37428,0.1442267,283052.72346205,,
103.61952,33.20085,283091.21825854,,
102.70835,26.686226,283191.90838077,,
103.49436,33.052204,283395.41387821,,
101.26236,4.1302953,283562.17658551,,
114.446754,62.02814,283706.12420747,,
103.38772,33.16559,283767.1177038,,
257.23218,28.895962,283837.37204292,,
258.69296,9.316102,283838.48622126,,
105.60425,44.008045,283840.73180479,,
258.85626,0.8029889,283886.52619776,,
101.885185,20.51687,283963.16656338,,
115.35339,63.235897,283976.02299455,,
103.16797,32.226505,284000.01468623,,
101.40375,13.389691,284076.78820012,,
102.4191,26.684246,284116.96133726,,
101.3984,14.016844,284203.20935715,,
102.58544,28.471527,284246.02788941,,
101.12357,8.584272,284409.37931389,,
101.12149,9.118166,284474.89040002,,
101.99768,23.987679,284587.0414117,,
259.05508,-1.230548,284607.48712182,,
101.4385,17.017319,284647.07990493,,
105.161934,43.566452,284672.65024424,,
102.2295,26.619326,284701.2947265,,
109.72362,55.865833,284701.70921626,,
105.237686,43.9518,284735.267979,,
101.395905,16.79128,284745.84207974,,
259.0798,4.283175,284798.4194898,,
101.78226,22.597681,284881.66435485,,
259.07428,6.173799,284898.30822238,,
182.6323,79.14912,284978.54910996,,
102.71735,31.35982,284993.76882948,,
101.649506,21.417963,284994.35576705,,
101.521454,20.441492,285167.01608668,,
101.08026,13.88858,285291.34697235,,
104.94213,44.06023,285559.35548251,,
101.96429,26.755335,285597.33003207,,
101.49301,21.791475,285617.75990309,,
257.2272,33.486324,285748.11139648,,
100.77514,9.874681,285790.88627931,,
102.77945,33.684376,285817.06228724,,
103.13282,36.139538,285936.74621822,,
101.96107,28.076664,286069.4280745,,
109.49997,56.924427,286213.10026945,,
101.058426,18.494858,286269.68826705,,
108.32554,54.692898,286308.29157772,,
100.54096,8.332504,286457.63509179,,
102.09941,30.732595,286632.9167052,,
106.335075,50.228184,286684.12093949,,
100.412285,7.183763,286813.26166663,,
101.091286,21.31595,286833.97974198,,
102.996056,37.226864,286865.31617487,,
100.30427,2.9170334,286953.21745782,,
101.6146,27.520884,286973.75395788,,
101.40493,25.715704,287055.261133,,
102.97413,37.61811,287122.85630557,,
101.56852,27.772118,287205.73576179,,
205.8021,78.651825,287265.6701774,,
194.81316,79.45549,287315.09749,,
118.94237,68.597404,287382.61064102,,
245.8907,64.48049,287511.48133033,,
109.1719,57.62014,287534.57644895,,
259.76752,8.289632,287552.02682732,,
112.34294,62.55717,287675.57248352,,
192.96727,79.66455,287751.25807013,,
100.17493,8.899943,287815.88276828,,
259.24054,20.833973,287825.81571539,,
257.834,34.604977,288039.14621993,,
110.38439,60.139496,288047.07733224,,
114.77294,65.63695,288166.27263811,,
107.308685,54.567577,288243.65935073,,
102.00117,33.95702,288246.66914328,,
186.04214,80.014404,288253.58486597,,
102.49158,37.158916,288265.5706583,,
103.83067,44.17763,288461.38365185,,
103.14982,41.218468,288528.42291435,,
174.74164,80.145004,288672.80163466,,
100.55601,21.58086,288689.66158368,,
102.58925,38.663322,288724.09843533,,
108.25446,57.262924,288890.64819067,,
131.50606,75.19016,288890.74012149,,
111.06413,61.909473,288923.91946207,,
100.349556,20.24383,289066.12176675,,
187.26085,80.23147,289118.02343197,,
111.227196,62.307137,289127.14812027,,
108.05649,57.146763,289151.65977057,,
101.25387,30.80624,289261.74609394,,
100.308205,20.533026,289271.34885985,,
101.25863,30.919395,289288.48764078,,
101.176865,30.2825,289310.2522733,,
110.02473,60.761654,289338.12808819,,
120.960236,71.04934,289377.5337382,,
107.32729,55.890087,289387.95060673,,
103.8763,45.93472,289434.73200916,,
101.566895,34.00818,289555.64958455,,
155.24115,79.454735,289561.16904999,,
100.18687,20.185516,289601.5277273,,
100.6033,25.78151,289665.29980064,,
107.68827,57.00803,289716.61066105,,
100.32974,23.107487,289825.29474132,,
184.18918,80.486374,289843.29679045,,
99.89465,16.71319,289898.18896783,,
99.793076,15.58169,290052.66457042,,
99.83023,16.54356,290089.78460795,,
101.32,33.541515,290101.95282193,,
105.88231,53.38255,290179.82103238,,
118.09606,69.767845,290256.03016406,,
105.75184,53.565388,290598.5070364,,
101.45429,35.753826,290612.85223526,,
100.08682,23.177874,290645.31626209,,
115.16927,67.80611,290719.05118847,,
103.13886,45.04998,290731.15761302,,
258.90256,33.65786,290810.9848313,,
260.74838,6.2377024,290893.06529464,,
99.76345,20.460344,291088.61186419,,
260.8565,-1.5011885,291094.79441938,,
100.98336,33.577637,291119.98981033,,
114.366,67.46335,291246.87234536,,
101.240524,35.963406,291320.37319818,,
258.78683,35.801758,291332.37515609,,
108.53769,60.31231,291385.5947201,,
192.70781,80.718185,291410.93779465,,
114.48087,68.084465,291969.17791862,,
99.958046,26.718796,292011.74100164,,
109.63638,62.65493,292032.34104795,,
109.59004,62.61899,292066.40608826,,
109.24769,62.1872,292147.82151588,,
261.1637,4.2264557,292276.51700103,,
102.352356,44.321217,292307.05092207,,
193.40843,81.01391,292538.87956884,,
260.8043,19.010721,292715.4671488,,
103.923904,51.214767,292790.08737561,,
115.04414,69.1573,292814.24109536,,
108.89588,62.349407,292882.24871529,,
157.71312,80.67099,292944.36147467,,
103.75459,51.087772,293079.43350177,,
108.50589,62.059437,293209.97901635,,
100.47741,35.462624,293336.47354104,,
261.49966,-2.3312538,293424.29017416,,
104.12524,52.804955,293458.08190298,,
116.66118,70.89354,293594.87792532,,
103.84945,52.25071,293663.66739597,,
122.541374,74.397,294052.2149572,,
101.91254,45.887405,294260.58168217,,
108.12788,62.648434,294412.56879219,,
100.2038,36.214897,294418.12828383,,
101.77105,45.850956,294591.77469336,,
98.14071,-1.1107165,294698.98793077,,
259.71274,37.69856,294756.46603632,,
100.39511,38.57568,294806.59383948,,
261.89313,4.214638,294894.72003978,,
100.06214,36.656277,294993.8413128,,
118.794266,73.1282,295070.56013973,,
102.99547,51.75528,295194.00796186,,
100.21189,38.99736,295489.19493208,,
102.86156,51.984673,295633.67147621,,
102.71237,51.677395,295766.10769826,,
97.813705,-1.5588413,295881.13723687,,
97.75207,-1.0142651,296096.94743941,,
101.11772,45.93509,296255.29807007,,
180.79211,82.35423,296477.87406678,,
116.771225,72.835304,296499.73934874,,
100.653946,44.04903,296510.38238471,,
215.60458,80.64354,296655.21598731,,
119.84674,74.664696,296772.30836764,,
124.8403,76.88646,297189.48643916,,
262.48544,8.709297,297261.28608562,,
262.56342,3.202279,297270.35061179,,
100.73048,46.21844,297353.59143079,,
262.44864,12.394744,297452.29524882,,
262.53683,9.662697,297515.88117946,,
209.92674,81.6061,297834.57359243,,
180.47983,82.736275,297851.51192207,,
113.72843,71.6922,297857.52892999,,
100.18871,44.761917,298024.67086724,,
262.32816,20.159496,298082.63799945,,
262.72916,9.102514,298156.34862303,,
262.72977,9.099397,298158.29013939,,
173.8504,82.78468,298175.10818975,,
100.05812,44.501526,298239.95324255,,
97.127335,-1.6378295,298352.1308083,,
102.11505,53.908012,298433.21848125,,
97.101944,-1.0465274,298437.28832136,,
101.72413,52.570457,298460.72039132,,
262.74728,13.507573,298616.15078653,,
262.50616,20.479433,298736.10534469,,
262.75125,14.609833,298752.58603274,,
262.9897,4.414777,298838.17433736,,
262.8923,13.515011,299124.34190711,,
134.87111,80.19677,299162.57799,,
109.33044,68.82947,299283.02745308,,
110.62165,70.16829,299295.36649971,,
263.01724,10.820682,299311.19445057,,
263.03018,10.559645,299335.63316613,,
262.9225,16.079973,299522.64294429,,
262.92828,16.519783,299597.71935958,,
262.96164,17.065855,299782.86464991,,
263.02188,15.600517,299808.58044009,,
205.43701,82.590096,299922.79057553,,
263.2432,9.003075,299976.57003985,,
101.49959,54.463177,300045.51050016,,
263.1614,14.81677,300203.37054099,,
112.480934,72.591515,300351.52072528,,
263.43658,5.935888,300498.92999697,,
100.12754,50.322136,300794.01378362,,
96.441536,-1.633484,300819.9338849,,
101.18683,54.77083,300867.68748909,,
263.5651,5.274306,300932.85466378,,
101.54693,56.44526,301131.85086156,,
99.835556,50.811886,301693.06166484,,
108.82413,70.465935,301703.02321137,,
263.85272,-2.517649,301891.23567405,,
227.30977,80.95168,301963.53504836,,
108.50029,70.524605,302138.00367548,,
113.08673,74.56273,302431.4473823,,
215.40915,82.949036,303329.17329705,,
264.15207,14.796771,303647.91513481,,
183.2621,84.35313,303704.31394426,,
120.791084,79.005714,303830.90882819,,
264.20847,15.363875,303898.01060631,,
99.86438,56.074,304247.70524565,,
264.47092,7.828443,304281.38669042,,
264.55835,3.2950852,304442.54454187,,
264.54434,6.174746,304473.91083629,,
263.19302,37.48512,304571.8975764,,
264.7273,-1.2037435,305022.48087965,,
264.45126,20.685831,305315.98267475,,
196.53773,84.71297,305756.1568976,,
264.94376,5.430173,305879.43507094,,
264.9576,3.833011,305888.07009954,,
264.97293,2.94797,305926.55880286,,
264.8828,11.347471,305939.12458717,,
167.297,84.89645,306078.07944862,,
265.1535,6.958556,306681.42076732,,
265.19568,-2.3229303,306718.6939132,,
265.22382,-1.9783679,306816.02472299,,
265.23077,13.340348,307295.08539337,,
265.16196,17.65395,307405.11626564,,
265.4396,6.202541,307678.86652152,,
264.69333,32.080654,307819.68915336,,
265.5673,8.051989,308199.9110992,,
264.59,35.964478,308244.58720203,,
106.90369,76.013054,309492.1932578,,
117.02396,81.112274,309508.59720073,,
179.36671,86.0259,309694.11531435,,
100.77521,68.98993,310163.73318861,,
266.27493,-2.08984,310598.6800574,,
100.4507,69.64595,310977.91609553,,
127.072945,84.1932,311411.87441851,,
99.30399,68.56295,311805.14618301,,
102.47646,74.2847,311923.38310761,,
266.48505,20.831625,312174.30555761,,
266.80185,-0.1903783,312486.72362267,,
157.0336,86.56189,312604.9393921,,
154.87692,86.56045,312790.23495439,,
125.29138,84.65299,312889.80966809,,
201.07642,86.71114,312952.95942851,,
266.86627,12.318146,312978.54277847,,
128.52768,85.0863,312989.72629211,,
266.73358,24.091269,313266.11901329,,
128.5437,85.25308,313359.16315125,,
116.222694,83.40763,313532.14413525,,
126.312805,85.35251,314099.09518948,,
266.764,34.896603,314446.82747217,,
92.62269,-0.8254667,314559.29654885,,
267.45554,8.960681,314951.81047303,,
92.49891,-0.3333354,315004.07634037,,
126.49457,85.885994,315196.44644166,,
267.66107,3.1158009,315592.30625149,,
100.21215,76.73513,315606.7257535,,
267.6467,20.158224,316047.3346135,,
267.4315,31.91083,316151.55711488,,
92.12068,-0.2980117,316365.65531572,,
267.91165,1.8657374,316485.92735967,,
125.263054,86.38649,316493.02869939,,
267.9241,2.067854,316531.62873547,,
267.9055,19.631392,316898.26391066,,
268.0114,9.492786,316939.11069384,,
160.91325,87.97225,317101.56928445,,
268.05905,13.939503,317218.43046362,,
268.22937,14.6677885,317833.53068032,,
268.39362,11.526759,318333.69551934,,
268.4231,7.1062303,318366.77758055,,
268.42572,14.405256,318510.81611911,,
91.511284,-0.6855977,318559.76718979,,
268.43604,20.250277,318717.83062677,,
268.4873,14.463907,318726.91937986,,
268.53748,7.049888,318774.74227064,,
268.53143,13.153004,318851.87312257,,
268.53894,12.175096,318858.51438316,,
268.56964,9.866122,318926.8733782,,
99.506874,82.04642,319285.58572918,,
106.4484,85.67882,319599.06215955,,
268.72437,16.81809,319604.18200389,,
268.77292,8.924348,319635.99799836,,
268.81912,3.58119,319757.13447661,,
268.8092,15.34414,319865.95162112,,
268.89044,17.770248,320196.18771381,,
268.90503,27.847292,320514.64227096,,
268.9262,28.662004,320608.04897462,,
106.61124,86.75366,320660.6547076,,
269.05548,16.33238,320736.95248492,,
269.14825,3.1824956,320938.42928258,,
269.11383,17.672411,320960.35239274,,
269.1542,16.070774,321074.12057899,,
269.207,9.312967,321182.83113904,,
269.22375,15.51318,321307.31245196,,
269.25974,4.223953,321342.30297439,,
107.79607,87.70536,321475.89292562,,
269.30066,3.9979682,321488.50288248,,
269.41318,13.098371,321942.41335745,,
269.42828,2.6513288,321944.01130539,,
269.37808,33.05133,322123.39454843,,
269.50372,9.023351,322235.50270393,,
269.50952,10.324049,322262.85999108,,
269.5193,4.9936104,322276.04849511,,
269.56094,2.8949783,322421.40124119,,
269.63757,8.095099,322708.25306272,,
269.78278,2.7015774,323218.8771275,,
269.8456,5.390371,323446.61806036,,
269.90366,15.548267,323665.86804084,,
269.95618,29.915922,323863.26716532,,
270.1776,3.8515007,324637.9159973,,
270.17923,3.8500164,324643.77186682,,
270.48996,30.517376,325519.51342564,,
270.4979,30.45227,325545.17088916,,
270.47012,17.125414,325617.3922172,,
270.50415,3.98468,325810.55257173,,
270.53632,6.7084107,325917.5327479,,
270.69485,24.142275,326282.65455477,,
270.76834,26.582603,326473.61317367,,
270.80576,24.073233,326648.42949119,,
270.86874,20.030727,326938.2675675,,
270.93063,26.989769,326985.35515473,,
270.908,8.352345,327234.12659442,,
271.16388,27.01359,327732.78456672,,
271.127,9.428596,328002.38242538,,
271.39313,33.365585,328188.51845249,,
80.99109,82.236694,328363.25456421,,
271.39874,29.298029,328391.25372519,,
271.2987,17.175201,328466.79664705,,
271.39438,15.23092,328843.41495238,,
271.57843,17.516283,329418.80367781,,
271.50702,2.2488632,329421.09257412,,
271.86786,28.50381,329908.97457612,,
83.78053,73.825096,330225.92184084,,
271.8017,16.150091,330230.07452207,,
271.91473,18.978743,330518.18978513,,
83.47999,73.2506,330750.93345086,,
272.1664,28.57253,330848.8400076,,
272.26508,32.565094,330871.75585735,,
272.41263,16.176115,332341.41805618,,
272.44394,17.784702,332377.49024134,,
272.45734,14.838882,332551.22206406,,
272.6936,27.188963,332624.82486442,,
86.430145,47.77963,332632.9203575,,
86.47001,47.17701,332635.11474057,,
272.46414,12.938862,332645.53400411,,
272.75674,26.897837,332849.90422051,,
272.63394,17.866245,333024.60922633,,
272.77026,16.95943,333538.91185385,,
272.71783,4.2182946,333757.66322282,,
272.83713,17.097137,333761.95746425,,
71.2994,81.42077,333869.31479084,,
273.22488,30.743225,333976.66105575,,
273.25497,30.85793,334057.70293806,,
86.02146,45.195755,334088.96172641,,
83.70763,63.066887,334244.0630374,,
272.92697,12.90188,334270.84824616,,
85.47676,49.54003,334560.38073199,,
85.24163,49.01188,335228.33032579,,
84.24941,56.802616,335321.5940559,,
86.34819,30.516348,335323.5378642,,
86.46151,26.707663,335378.04009035,,
86.02139,37.26725,335395.16015959,,
273.64417,29.573547,335408.02895097,,
86.49061,24.338835,335509.73985583,,
86.59956,19.414639,335544.75030947,,
273.72247,30.087788,335593.18029386,,
273.48752,20.989632,335721.0535578,,
86.423546,24.237427,335739.02368723,,
86.60489,15.769351,335761.87881819,,
273.4649,19.012203,335792.42930103,,
273.3793,12.445765,335879.27633442,,
84.83786,49.85468,335971.96079906,,
273.90137,30.9106,336047.66821685,,
273.54813,17.212864,336200.4943314,,
86.53589,4.3766184,336434.38669344,,
273.54584,8.116722,336636.98923606,,
85.86541,29.260366,336982.67516792,,
85.92699,26.440308,337126.88901827,,
86.297226,8.794706,337173.04455022,,
85.34379,38.03747,337196.63935123,,
273.83182,15.803723,337272.38698624,,
85.98639,23.217625,337277.14071294,,
85.79063,28.764412,337281.07692317,,
79.083435,69.92431,337418.03142303,,
83.593254,54.129215,337496.21357115,,
84.21803,49.036163,337632.78508906,,
85.84347,23.737612,337695.62305161,,
85.61625,29.348227,337752.82612629,,
274.02344,17.491846,337813.5947156,,
85.27044,35.354053,337881.3209012,,
274.03122,16.61392,337905.60551917,,
274.09317,18.21597,337995.78067641,,
274.035,15.131009,338021.61421018,,
85.53342,28.973177,338063.91070671,,
274.10925,15.755958,338236.56973681,,
85.30178,31.7575,338376.87260502,,
85.56468,25.560076,338401.81772952,,
85.408394,29.302797,338411.016927,,
85.477356,27.498688,338438.85193087,,
276.35037,50.600597,338492.83229297,,
85.2097,32.22243,338584.22879841,,
85.81897,13.813725,338615.62813299,,
85.34609,27.554216,338850.21778288,,
274.4649,20.305328,339072.92923847,,
85.36401,25.316675,339083.65065777,,
274.49518,20.129484,339192.3178559,,
85.23923,26.478815,339337.38566905,,
274.3706,11.505728,339417.38217672,,
84.705696,35.810024,339448.96974907,,
274.50336,16.105804,339574.55140882,,
279.96518,64.13064,339588.88945836,,
83.466,48.141724,339677.36098226,,
83.01865,51.091534,339761.70092311,,
85.46527,14.487479,339804.89505162,,
84.75287,32.33295,339954.51155031,,
84.368095,37.84998,339999.70666664,,
274.74036,19.165306,340117.47088421,,
275.54553,36.026146,340137.04402564,,
85.48816,4.119083,340200.58131371,,
274.61066,12.054923,340231.58008712,,
275.46555,34.295063,340247.40374527,,
84.86128,26.871067,340497.40574044,,
85.41567,1.0856214,340500.6192419,,
274.92755,20.720339,340589.21630554,,
274.7322,12.618719,340623.52047916,,
276.16623,40.720848,340810.26682967,,
275.26,27.357471,340813.13420036,,
84.76786,26.540298,340846.11545438,,
274.7855,10.809585,340921.41412956,,
274.8804,15.480018,340930.62138814,,
85.14292,14.197359,340950.19814274,,
274.8685,14.584342,340960.56059609,,
84.76284,25.42511,341023.35330323,,
84.138565,35.990776,341062.8878223,,
82.556496,50.087746,341164.55633649,,
84.78829,23.125069,341250.93185791,,
274.9601,14.940561,341251.26806385,,
82.77977,48.132114,341322.48686535,,
274.98096,12.559313,341501.33637537,,
84.98397,13.062065,341589.32850341,,
274.9538,4.755402,341772.13832509,,
84.906876,13.4968605,341827.59379281,,
275.13126,14.931645,341847.20198749,,
84.94058,5.0886707,342141.93804955,,
82.7313,45.416893,342342.90706234,,
83.846,33.326275,342500.45456785,,
84.229805,25.775337,342699.94530893,,
275.227,4.811526,342750.7047008,,
83.79885,32.691463,342777.06720565,,
84.09908,27.417923,342849.98865114,,
275.46347,15.10168,342987.28057073,,
84.17154,24.609976,343070.76073208,,
83.9266,28.830353,343145.82806854,,
84.51969,13.397173,343190.65723934,,
83.58482,33.743793,343191.4664848,,
84.102646,25.20289,343203.28050453,,
275.52393,13.927485,343299.7794203,,
275.3843,2.915741,343358.31254949,,
83.2502,36.682205,343470.94132878,,
275.50012,9.103463,343550.27625111,,
83.89664,26.800144,343604.38969409,,
280.15915,57.27358,343698.85607979,,
275.62546,12.78393,343748.08760983,,
313.30948,81.94978,343844.30633636,,
84.385895,8.491101,343988.54380634,,
83.90477,24.300348,343992.29896907,,
275.81415,17.195175,343992.38492324,,
84.24442,14.797633,344030.67829037,,
76.96348,64.50205,344060.74704274,,
83.84975,24.933233,344070.48301106,,
79.11307,58.783127,344223.25042397,,
83.56982,28.362722,344360.14805941,,
83.935165,21.101048,344364.46046176,,
275.8071,10.379386,344562.32151513,,
83.91298,19.768833,344617.35576547,,
275.9936,16.8977,344642.18641051,,
276.9674,34.099007,344754.03225509,,
80.88698,50.412766,344853.72772053,,
82.66853,37.452374,344931.33018688,,
276.0029,14.138864,344953.48814339,,
83.72875,21.57583,344988.91109948,,
82.8284,35.33846,345042.35492349,,
82.92138,33.83524,345150.51961893,,
277.05478,32.85568,345318.73329329,,
74.70511,66.96148,345331.34302014,,
80.529564,51.07489,345361.88750327,,
84.03538,5.3805804,345377.678388,,
276.0615,11.545173,345378.28795116,,
276.27014,18.345118,345421.06813552,,
83.92576,8.562552,345622.62751595,,
276.20447,12.773407,345781.22974157,,
276.4816,20.58711,345837.84889261,,
83.33382,23.94829,345924.10200785,,
82.66993,33.37409,346018.47274176,,
82.55403,33.72307,346275.52077309,,
277.43127,33.54137,346278.75235538,,
277.23572,30.782646,346363.08414565,,
83.409,18.714027,346468.03727151,,
74.8226,65.41942,346507.94514587,,
83.559685,13.145868,346575.07828854,,
276.52924,14.980976,346703.0604855,,
83.39568,16.432903,346800.29965524,,
81.22189,43.514603,346874.46269553,,
83.41371,14.314033,346971.44382806,,
297.58386,76.08979,347008.42823121,,
81.78769,38.701866,347041.26082603,,
276.7623,16.76416,347305.12573099,,
82.75716,26.299662,347362.97379635,,
83.28945,13.799457,347457.62978337,,
80.43929,46.601223,347589.82657626,,
277.4693,26.405876,348070.43344757,,
80.29585,46.24554,348099.38075096,,
277.5723,27.510729,348162.70849669,,
83.084625,13.528246,348201.38801571,,
82.81489,20.558363,348211.22340553,,
81.68575,35.835266,348236.07205993,,
83.230934,4.0637484,348307.08490912,,
277.5779,26.524725,348394.67823671,,
82.70349,21.139141,348491.171181,,
81.92998,31.581707,348726.72330994,,
73.96908,64.29328,348767.26814247,,
80.75504,41.213726,348989.09861564,,
277.14703,13.239232,349042.05592709,,
76.867744,57.781673,349046.51983672,,
277.78006,25.856855,349189.39603453,,
278.193,31.197712,349206.20572237,,
278.46002,34.042873,349207.57589489,,
278.3564,32.389854,349376.81293494,,
76.164215,59.056347,349427.61050686,,
81.53746,33.23346,349454.40916753,,
277.57413,20.492508,349532.19293484,,
281.46594,51.233444,349740.37847702,,
278.0232,26.500893,349831.7310046,,
277.42032,14.293398,349881.78611984,,
82.68032,9.992694,349948.96370871,,
80.85092,37.653187,350035.13014888,,
82.64675,9.907068,350074.82432338,,
81.31032,33.40759,350083.60336841,,
277.82773,22.089666,350099.76953491,,
72.49393,65.17013,350124.41598765,,
82.704994,4.7868023,350169.92692176,,
278.04535,24.693289,350299.58769902,,
277.49054,12.218525,350351.71370499,,
82.560295,9.186684,350437.49766313,,
81.18198,33.382572,350475.57298207,,
277.36948,1.1273676,350524.96401848,,
82.09438,20.598907,350630.13020266,,
78.33131,50.328346,350706.47099979,,
81.38181,29.648605,350938.4464175,,
279.6261,38.13407,351208.48245178,,
81.85134,21.442331,351292.38451747,,
81.66456,23.875214,351423.84232758,,
81.73238,22.520325,351479.68890339,,
67.83205,69.378975,351491.3308288,,
82.2656,6.9026213,351640.80219122,,
74.43319,59.799267,351929.85034503,,
81.93645,12.444908,352342.3316766,,
278.1716,15.24135,352376.34970813,,
334.8429,81.228294,352562.48689505,,
79.57122,39.66409,352835.57601097,,
80.59173,31.218666,352930.04192309,,
281.2795,44.201572,353018.19893763,,
75.15273,56.714916,353103.00580019,,
280.8354,41.552513,353114.03317527,,
279.05588,26.491684,353153.65512258,,
74.62642,57.873722,353177.01030411,,
279.10068,25.958063,353433.27695501,,
79.23868,40.053032,353581.33358892,,
78.37504,44.752487,353618.06503047,,
71.66401,62.939533,353621.5159918,,
79.25172,39.80823,353652.25428057,,
282.865,49.810497,353739.67557329,,
62.904087,71.42444,354034.19312352,,
79.94699,32.832947,354363.28089044,,
81.34861,12.574555,354392.42313034,,
78.169395,44.11798,354469.71455122,,
278.71762,13.088271,354562.06265893,,
77.43873,46.963882,354728.10486308,,
80.91854,19.146288,354870.76917667,,
80.676506,22.498817,354989.67344746,,
279.31897,22.201595,355041.29487347,,
279.34872,22.488117,355075.83078047,,
41.35266,78.41075,355224.39390489,,
77.15093,47.14471,355318.57003643,,
279.80618,27.26282,355348.24946392,,
287.3272,59.051033,355717.47173363,,
65.08979,68.42692,356073.13698046,,
80.84213,13.1486225,356096.86815908,,
281.86127,40.748184,356250.01000268,,
79.25149,33.043175,356379.06260638,,
80.45495,15.711196,357067.03477163,,
343.32684,80.25206,357603.69469228,,
279.7746,16.680897,357694.14844243,,
72.078674,57.743977,358028.24966856,,
65.48534,66.61115,358130.00389693,,
280.19504,19.124874,358656.57127627,,
73.330864,54.314587,358676.64013065,,
280.97577,28.477205,358683.17180868,,
280.5319,22.591812,358976.02538971,,
78.422325,32.467735,359095.11705118,,
71.28299,58.06422,359182.33212111,,
76.07912,44.74499,359418.78082458,,
74.484314,49.820396,359778.09510337,,
280.43616,17.24779,359863.04355476,,
77.532234,36.671257,359897.821787,,
282.11343,33.941803,360092.70287599,,
78.73892,26.690153,360172.69133936,,
79.932205,-3.319913,360182.60317057,,
281.51566,28.707047,360303.68906092,,
280.53555,16.20697,360404.52388673,,
66.76198,63.5366,360455.50031069,,
74.237434,49.53493,360555.04323114,,
280.23642,2.9156725,360802.89441825,,
66.67017,63.37349,360804.30680245,,
72.99372,52.60617,360831.79595271,,
74.6979,47.64366,360871.06679471,,
280.6378,15.228307,360936.54817171,,
76.33679,40.78862,361088.69264229,,
280.88123,18.427496,361141.22735754,,
280.63055,13.457062,361207.54588348,,
69.36652,59.220135,361400.6845095,,
280.67538,12.753347,361472.53476057,,
347.45688,79.26382,361717.22292851,,
283.42532,38.374084,361755.08442273,,
75.534836,43.214867,361760.17146267,,
280.82257,14.166946,361762.67433383,,
280.86,14.733208,361795.70288074,,
45.759766,74.75504,362054.66136346,,
282.07962,28.405504,362185.98069918,,
78.02822,27.391691,362206.57509912,,
281.0036,15.049313,362238.26999469,,
283.95544,40.114967,362261.1546712,,
282.67978,32.810738,362271.71582618,,
78.82906,16.80693,362476.88853484,,
78.83432,16.540266,362513.07090413,,
281.0947,15.093305,362546.51081952,,
78.63358,18.832193,362701.78946337,,
77.14124,32.990273,362729.68182346,,
281.0424,12.941307,362730.72237035,,
281.2394,16.686178,362737.28112248,,
281.02823,12.552619,362741.16946781,,
64.79862,63.889095,362883.78720546,,
281.19437,14.932917,362922.05133661,,
76.09527,38.66094,362935.6222935,,
281.20514,14.834049,362977.55219194,,
78.59447,18.046894,363014.7952305,,
76.806435,34.20802,363168.73687063,,
78.6316,16.60048,363199.13200238,,
72.43704,51.126026,363300.49526255,,
295.46024,63.722763,363496.49390719,,
281.1988,11.106164,363551.16044776,,
75.69081,39.38047,363648.11919324,,
77.030975,31.445477,363737.77640222,,
281.9151,21.789597,363789.55394717,,
281.29782,10.624594,363965.9410984,,
78.68455,10.566324,364035.99162418,,
282.604,27.878462,364036.53853562,,
281.64417,17.093784,364043.04556841,,
75.525024,39.21999,364196.66908181,,
70.72954,54.055912,364212.86337033,,
292.43472,59.384163,364345.69490937,,
281.7681,14.458221,365005.1867191,,
77.257324,26.312908,365052.86096422,,
76.76677,29.829643,365235.43649096,,
77.969475,17.308496,365321.34717434,,
282.91446,26.999065,365351.63401045,,
70.94197,52.31513,365451.16787446,,
76.88231,28.374302,365467.03754699,,
34.747967,75.89909,365571.6017283,,
68.37368,57.098454,365574.35201628,,
285.08838,39.652863,365621.07908256,,
78.21252,9.39463,365857.76758499,,
78.03462,13.227645,365916.29363237,,
77.59238,19.9633,365944.54990079,,
305.09302,69.38649,366038.97307552,,
74.79123,39.35294,366133.88593867,,
283.31854,28.019466,366241.3042236,,
78.23049,-1.6847728,366351.65785683,,
75.802956,33.602097,366433.44373469,,
34.925705,75.5704,366440.76671268,,
64.11223,62.073483,366476.88813079,,
62.66602,63.502125,366558.44247164,,
305.29208,69.188835,366642.34869236,,
76.59395,27.693468,366647.59699484,,
62.146038,63.885612,366723.93256538,,
282.21475,13.186508,366796.47525927,,
72.86268,45.51379,366898.41917553,,
77.45097,17.898926,366956.94053985,,
283.5952,28.301176,367000.03549353,,
285.8344,40.442917,367146.76353508,,
282.10492,7.910605,367156.83651688,,
70.77172,50.771465,367276.6182477,,
75.48536,33.7811,367284.72054836,,
283.93448,29.923498,367368.36375009,,
77.23526,19.088154,367387.30516913,,
67.36095,57.06838,367484.24834689,,
282.1757,6.87958,367512.14561634,,
293.006,57.509525,367627.10840344,,
71.485985,48.598907,367639.47114519,,
286.72327,42.987366,367743.83437548,,
77.296036,16.222195,367884.79108898,,
63.93732,61.258003,367908.56328566,,
76.46011,25.32621,367982.31558994,,
74.67778,36.48995,368156.30198973,,
283.7842,26.64131,368267.09612964,,
73.82849,39.96985,368368.15626249,,
72.06617,46.07892,368398.74249314,,
284.85443,33.522556,368426.16076463,,
282.69504,13.187826,368477.55233724,,
284.42072,30.775877,368478.20693808,,
72.82917,43.2284,368718.52593994,,
73.62463,40.246075,368736.00266322,,
75.50751,30.688845,368739.3164073,,
69.95665,51.032715,368809.00480219,,
69.95033,51.024784,368830.56325288,,
69.33825,52.20642,368956.38710431,,
77.21017,11.966232,369026.47205208,,
66.83184,56.51442,369132.47129458,,
75.053154,32.45235,369254.71860613,,
76.07528,24.948421,369370.21306424,,
287.1158,41.863277,369579.08847272,,
51.495068,69.37651,369602.23233059,,
284.16888,26.214706,369668.76379092,,
284.15475,25.92789,369737.15704042,,
72.10226,44.193714,369825.21965703,,
12.491467,76.8565,370177.19169189,,
68.5463,52.61235,370193.40895034,,
284.5399,27.765114,370207.02244898,,
284.2515,25.168896,370346.02482592,,
330.62158,75.07119,370702.10207226,,
284.16037,23.114264,370809.9960591,,
73.78473,36.069386,370962.08424602,,
73.79981,35.872868,371037.84092941,,
286.2719,36.05188,371135.17128594,,
283.96542,19.948582,371203.32266804,,
65.00743,57.52446,371203.63270601,,
286.2094,35.561558,371251.84087996,,
76.13814,18.574942,371255.33954332,,
286.58496,37.1388,371348.89228302,,
285.2434,29.88793,371435.53338609,,
76.35456,14.480742,371534.29411857,,
75.83505,20.95983,371556.23623087,,
69.514336,49.16078,371628.0557757,,
72.718475,39.52178,371689.82026908,,
285.8213,32.671192,371763.87093878,,
75.81324,20.257647,371853.29956128,,
284.963,26.44418,372119.57181735,,
16.127213,76.036674,372252.09568634,,
75.31434,23.753502,372301.87933518,,
284.6417,23.359428,372305.15274666,,
67.13083,53.182346,372482.91059408,,
75.25509,23.720713,372508.4625085,,
75.22659,23.84994,372552.66889148,,
71.11038,43.66631,372757.80364724,,
67.793846,51.66184,372810.36002774,,
74.92703,25.565035,372842.66701301,,
75.37992,21.225742,372990.40991937,,
286.19604,32.33753,373071.34416771,,
70.262405,45.5778,373222.49137121,,
75.44519,19.799828,373237.44365062,,
73.0385,35.77445,373287.9009562,,
342.18515,75.59289,373328.81549911,,
287.7256,38.885113,373352.78195171,,
69.187584,47.908726,373602.55489548,,
73.175606,34.384167,373750.52680109,,
47.751923,69.135704,373876.49286074,,
286.71207,33.585033,373897.70055071,,
286.26495,31.124836,373940.58057737,,
286.21765,30.62713,374060.95049091,,
69.06163,47.647137,374151.74542259,,
74.99323,21.115881,374320.26106765,,
74.9907,21.117865,374328.03140592,,
298.22885,59.22869,374414.47145657,,
16.62496,75.34286,374513.75520221,,
54.46625,65.31738,374564.74846054,,
306.34088,65.8204,374570.32182479,,
284.13666,6.022533,374605.29641176,,
75.63913,10.43728,374825.80367112,,
75.4871,12.723869,374936.32327181,,
70.49809,42.711758,375117.61179169,,
72.27873,36.049538,375288.49481795,,
349.64575,75.43341,375567.34833215,,
288.8611,40.013508,375606.66576469,,
74.0952,24.993649,375773.42082959,,
73.969864,24.86742,376234.0559857,,
287.57513,33.92777,376235.28766042,,
287.57587,33.929703,376236.25280807,,
339.16205,74.43039,376300.64226632,,
74.23936,22.329674,376385.64954307,,
307.5102,65.62869,376388.07849541,,
287.35864,32.484905,376474.8071125,,
71.460434,37.379616,376685.97372162,,
72.139946,34.483944,376716.27994718,,
65.48679,52.367226,376830.68236585,,
68.37756,46.519016,376878.24641395,,
74.49269,18.152645,376983.28629901,,
70.69681,39.76537,376992.30055714,,
347.36298,74.87681,377094.30043464,,
74.59637,16.49357,377118.24266349,,
351.30545,75.065704,377131.50475294,,
70.279205,40.920155,377179.6043194,,
69.031624,44.40591,377323.59337292,,
63.57229,54.877823,377410.53120086,,
288.12616,33.33707,378234.66127362,,
305.825,63.600822,378304.04066602,,
73.87765,20.232157,378370.94116657,,
306.60568,64.04117,378469.60198964,,
66.42709,49.121883,378620.93668431,,
65.89042,50.09089,378694.77185598,,
74.202736,15.241508,378820.38683554,,
67.657646,46.168964,378948.88843141,,
292.9869,47.558372,379008.45415326,,
72.69518,27.519785,379064.06526287,,
68.03199,45.13988,379080.24371513,,
44.76808,68.09525,379291.55430752,,
286.8884,23.747343,379515.96511943,,
67.8139,45.219048,379533.29781496,,
307.97662,64.241005,379838.55554306,,
288.7726,33.61,379965.98848611,,
292.91266,46.478355,379984.88647055,,
314.54922,67.53102,379986.55320279,,
73.26358,20.815138,380214.45021783,,
73.22214,20.97562,380291.33665744,,
70.199585,37.19278,380358.39751748,,
43.72777,68.05983,380392.00192174,,
308.90833,64.5295,380413.18139987,,
64.63865,50.845764,380487.58814594,,
73.232086,19.875942,380672.09508067,,
288.5931,31.63868,380703.36871143,,
287.80963,27.1249,380866.1751589,,
69.867485,37.51681,381035.34283547,,
71.40692,31.089397,381044.34272075,,
71.0072,32.935474,381065.22928804,,
71.107216,32.441425,381091.42700536,,
350.05765,73.889244,381104.54640205,,
72.83048,20.60865,381744.11795899,,
69.24052,38.695988,381814.26768631,,
73.66305,10.291636,381840.94706831,,
68.153534,41.880096,381905.34242639,,
69.038185,38.79825,382281.45249966,,
70.75231,32.102306,382375.36990886,,
62.906178,52.134434,382442.09587122,,
70.87402,31.221758,382578.09728621,,
70.63725,32.16679,382677.67141399,,
50.42225,63.83931,382730.56973878,,
37.473625,69.26327,382752.77602707,,
72.59157,20.00877,382777.99806036,,
290.84637,37.494205,383041.2636112,,
290.06113,34.307518,383255.79858174,,
70.752785,30.621567,383326.98362949,,
68.53533,39.17004,383330.94939275,,
290.8698,37.070072,383450.03536863,,
72.40627,19.815502,383475.90258194,,
63.57317,50.283886,383479.05874414,,
71.79303,24.118164,383649.51743324,,
289.1822,29.775064,383653.93629504,,
70.5493,30.671259,383915.83426452,,
295.04565,47.388233,383959.00241846,,
290.16638,33.6958,384005.35070534,,
25.220005,71.513,384013.0803273,,
345.2071,72.717,384095.01326851,,
71.115295,27.395796,384121.08594063,,
71.52338,24.938898,384121.52716406,,
71.204346,26.518932,384321.23827095,,
297.4677,51.213768,384458.85944995,,
48.843952,63.838314,384724.29147954,,
71.27885,25.255548,384749.64574406,,
71.72813,22.15884,384768.34663941,,
72.782776,10.187146,384975.12322861,,
291.42892,37.064625,385018.61900789,,
291.5701,37.47692,385067.64183016,,
70.580284,28.089962,385404.99683147,,
64.33446,47.29968,385491.80400588,,
345.2575,72.30059,385554.44405659,,
48.702663,63.532894,385580.77430303,,
71.593346,21.19739,385636.55538333,,
62.19983,50.69215,385864.60440129,,
72.55786,9.690833,385867.59489518,,
291.81454,37.16296,386012.93760993,,
291.84073,37.19157,386061.72309847,,
290.63168,32.70572,386089.94677491,,
290.8543,33.505333,386164.24453696,,
290.8921,33.48012,386293.98773684,,
67.30557,39.38957,386453.49098535,,
47.315304,63.90127,386468.90105165,,
67.82849,37.732597,386514.65928917,,
47.84638,63.576378,386555.89695572,,
292.26703,37.972034,386568.45395428,,
291.74,36.248104,386568.62173478,,
70.41209,26.971275,386585.50687143,,
70.661964,25.40748,386655.54020784,,
291.24933,34.184505,386806.62030246,,
301.57254,55.042538,386845.92143414,,
70.44924,26.124205,386945.84285721,,
352.17758,72.3067,387083.86872502,,
71.812744,14.939915,387187.53922445,,
40.606377,66.59469,387188.83573105,,
69.93484,27.91785,387530.97084166,,
70.33453,25.655464,387572.3023005,,
291.28677,33.289955,387596.62282153,,
67.49057,37.522232,387633.46400858,,
287.77963,5.9047546,387655.82484944,,
291.41434,33.62605,387716.26520179,,
302.80402,55.847404,387744.77801812,,
72.02913,9.445488,387788.7086584,,
308.04648,60.302414,388000.6253324,,
46.77921,63.513645,388019.37926669,,
292.85214,37.866383,388272.58234958,,
313.96338,63.77169,388319.45038486,,
292.49435,36.64621,388355.71132321,,
292.4281,36.372566,388404.85642441,,
66.86393,38.555805,388419.26796849,,
332.2127,69.671745,388435.89418102,,
292.10153,34.98481,388636.35284723,,
71.05232,18.227415,388668.74743261,,
290.82953,29.843565,388673.38859052,,
293.455,39.188557,388687.9655938,,
333.13696,69.75095,388742.83661047,,
300.42645,52.409756,388780.83744734,,
63.96538,45.206676,388847.85386295,,
291.9925,34.05407,389070.62972392,,
347.78174,71.45286,389204.10789159,,
67.8462,34.448788,389222.38607398,,
292.10797,33.816883,389595.34596521,,
312.51,62.434875,389597.82436443,,
292.5993,35.5018,389630.67386987,,
12.878691,71.237434,389785.14953448,,
13.9795065,71.1381,389819.32093444,,
300.8508,52.248173,389873.06765084,,
64.46959,43.137638,389990.09813339,,
300.2813,51.335396,390106.06099551,,
338.80142,70.244,390129.9467498,,
298.63516,48.880417,390133.2058253,,
293.96353,39.007282,390231.35856373,,
300.5831,51.494293,390483.14022573,,
70.45731,18.567228,390555.08410918,,
357.34613,71.487434,390571.16770597,,
357.0315,71.473816,390601.52110298,,
352.10397,71.29678,390669.89365267,,
292.49115,33.862057,390676.14610257,,
293.33768,36.516644,390833.71205043,,
65.46873,39.92244,390841.51302712,,
13.116559,70.891304,390929.81212868,,
318.1667,64.64173,390991.56307975,,
295.1218,41.249054,391011.00416795,,
56.190434,54.944614,391099.03546339,,
318.98917,64.92724,391136.42480561,,
293.77658,37.447598,391204.29730699,,
323.96176,66.6108,391405.07167675,,
352.21265,71.06787,391503.55324456,,
63.04685,44.619427,391758.56976434,,
17.089985,70.24706,391849.16410277,,
64.93193,40.294598,391875.84198777,,
292.7505,33.259773,391921.00893538,,
316.8176,63.6082,392085.28032216,,
350.23062,70.773674,392172.53380202,,
18.473246,69.97522,392228.4966995,,
350.45065,70.75539,392283.6083802,,
292.99606,33.45598,392480.67183213,,
68.349686,27.703135,392635.72968824,,
289.23126,6.506493,392769.25507019,,
295.4004,40.267864,392776.96255738,,
306.94452,56.974022,392838.85560241,,
350.92065,70.61272,392885.46300664,,
301.74597,51.42519,392947.33690607,,
313.01865,61.224026,393022.27025459,,
301.776,51.36529,393101.96987028,,
54.192783,55.79197,393131.7014557,,
68.34996,26.917187,393141.81497092,,
351.6042,70.564995,393186.5662666,,
65.61021,36.972565,393347.75538848,,
70.09989,13.48371,393585.95609107,,
16.224682,69.821556,393631.4097881,,
63.243404,42.580715,393694.21012408,,
70.2934,9.62581,393904.51876389,,
14.568312,69.83714,394156.3708206,,
350.7613,70.221535,394241.11624836,,
314.16565,61.278736,394420.72413979,,
69.76429,14.082315,394568.03945568,,
4.5560727,70.32325,394603.27365741,,
50.73587,57.836227,394880.88776877,,
37.376835,64.878555,394978.81187821,,
66.69844,31.309872,395110.20902774,,
302.75168,51.29609,395180.61757283,,
54.544037,54.226345,395360.29555987,,
18.059952,69.08686,395417.73974541,,
350.82935,69.87956,395468.53009953,,
350.2384,69.842476,395471.89758282,,
64.06145,39.026398,395513.35815764,,
67.56441,27.046566,395536.32657912,,
65.16297,35.948586,395565.48638632,,
58.96473,48.688828,395633.45055934,,
54.56296,54.034706,395670.45909707,,
350.16037,69.781006,395671.98666542,,
350.1337,69.73022,395845.71454219,,
69.24602,15.063539,396035.02187514,,
63.76291,39.1848,396141.93469962,,
333.35956,67.4491,396169.11343805,,
61.10787,44.802296,396176.48988133,,
344.5356,69.135864,396272.02174175,,
303.80734,51.83417,396395.84344374,,
48.03866,59.05149,396402.72608778,,
63.63692,39.20777,396452.80065866,,
298.5718,43.988808,396455.86268585,,
69.83012,3.4720864,396472.50788493,,
294.41388,33.535168,396550.26425131,,
61.744587,43.099693,396800.10868207,,
53.91612,54.027493,396865.16783914,,
62.04091,42.445534,396866.9648264,,
63.387627,39.39666,396910.37670615,,
304.49823,52.32462,396910.44497164,,
349.38223,69.338806,397050.1533808,,
26.577843,67.18081,397059.37971175,,
63.947853,37.788773,397111.77337299,,
65.29323,33.5136,397421.54239861,,
67.70001,23.187689,397490.94372727,,
63.07142,39.563446,397563.62581489,,
68.22555,19.674408,397599.74937262,,
60.320835,45.1301,397605.26270897,,
3.7589376,69.50644,397610.99177679,,
295.1438,34.583687,397713.02336404,,
314.03687,59.780647,397724.10217439,,
350.47977,69.21766,397739.35789277,,
61.69116,42.404346,397791.55382699,,
69.198204,9.358222,397844.56624422,,
48.04225,58.3885,397851.6806909,,
65.54953,32.137383,397861.28207957,,
296.25543,37.498142,397967.38365077,,
296.1563,37.15419,398049.55790096,,
68.98319,10.868604,398240.86212445,,
328.01013,65.46226,398244.90838533,,
65.26536,32.37126,398501.9433114,,
346.30087,68.61513,398692.74593528,,
341.25128,68.01155,398757.55599491,,
305.28305,52.0929,398829.38034559,,
353.26974,69.05205,398868.7532684,,
65.19687,32.018238,399007.95680767,,
298.9829,42.75223,399033.40444758,,
291.73407,15.826117,399135.03333543,,
67.99709,17.946379,399170.90114762,,
64.678345,33.507168,399214.61854021,,
62.739273,38.840286,399246.2580562,,
64.591965,33.6527,399332.33229727,,
63.46112,36.927124,399336.72945155,,
67.57261,20.513643,399368.54824998,,
296.79517,37.483772,399457.57253856,,
63.282898,37.24364,399496.90260965,,
63.227978,37.311024,399576.5578948,,
296.83115,37.417397,399626.06224523,,
52.27355,54.135365,399627.11795543,,
296.8858,37.487423,399701.13365762,,
62.59626,38.742886,399736.04614652,,
297.45386,38.853683,399746.42450688,,
67.82582,17.384155,400001.37273757,,
358.8052,68.86989,400051.06453431,,
65.703445,28.78907,400093.94272337,,
331.99973,65.86284,400194.25902271,,
332.00107,65.861115,400200.61781108,,
63.751377,35.254417,400215.91191777,,
65.22126,30.184689,400466.5844845,,
62.584545,38.101677,400475.5268869,,
47.373,57.615425,400562.43991225,,
63.22589,36.350662,400583.1936333,,
41.557316,60.966576,400660.05301616,,
64.30017,33.12139,400667.25377723,,
48.167416,57.000324,400679.12535631,,
65.62957,28.200306,400769.41018145,,
66.07659,26.247393,400780.15847583,,
310.0277,55.52127,400866.13381499,,
3.699228,68.543304,401075.22274985,,
2.9513786,68.52503,401202.27025485,,
62.095203,38.558167,401281.72152542,,
68.46315,-0.5239849,401529.25592548,,
357.2888,68.43482,401543.40519818,,
64.65831,30.902246,401567.47188938,,
67.85962,12.833795,401613.08210537,,
302.35278,46.63128,401614.66619329,,
61.25533,39.9796,401844.70235067,,
67.18181,18.1353,401852.95551998,,
64.93059,29.44506,401950.57143393,,
58.65806,44.764816,402021.77662427,,
332.8703,65.47327,402053.02260602,,
61.193027,39.933907,402061.55299933,,
33.999847,63.4358,402341.99331555,,
62.060257,37.475662,402585.13840916,,
301.67624,44.90671,402602.48817715,,
58.17535,45.08234,402695.18877722,,
61.85681,37.802296,402772.94362399,,
55.436573,48.82828,402948.49877937,,
354.4902,67.957855,402966.0205088,,
62.23363,36.60123,403065.18129026,,
67.647766,10.158357,403140.2334506,,
299.23077,39.793842,403333.86271675,,
7.8799305,67.70411,403467.21039162,,
346.17987,67.21874,403511.04763553,,
357.79138,67.89056,403531.73897085,,
35.014862,62.655415,403554.97290501,,
346.38242,67.21304,403603.16319748,,
62.691807,34.86372,403606.39037012,,
346.16248,67.18853,403609.86482371,,
62.904736,34.209045,403659.4766336,,
322.9855,61.82773,403728.98669832,,
66.16086,21.112133,403741.90577925,,
345.9897,67.09318,403878.55926683,,
60.37148,40.103706,403986.0218442,,
7.5452185,67.54983,404083.21536805,,
330.40753,64.17759,404126.08509797,,
346.0001,67.02269,404127.31344994,,
307.66135,51.501995,404476.08568557,,
333.1631,64.74383,404560.09076849,,
302.40332,44.64371,404684.60696368,,
302.6221,44.926384,404777.73965375,,
53.173916,50.391933,404876.31264446,,
66.44938,16.182402,405233.33632754,,
67.43137,0.373241,405245.24905255,,
300.79654,41.43839,405254.52043365,,
302.84653,44.857265,405401.79082677,,
59.956047,39.821716,405412.56044176,,
61.517746,36.184895,405495.73170488,,
67.32834,2.8624384,405510.48349551,,
61.371758,36.419773,405639.56325153,,
350.25677,66.96743,405654.01567239,,
58.95319,41.558594,405722.09019694,,
64.38989,26.726086,405755.93037826,,
57.51186,44.0345,405774.69660581,,
49.108852,53.83443,405809.69039907,,
62.238632,33.948025,405829.02525434,,
64.27796,27.057537,405853.67276686,,
30.168606,63.429173,405901.25979925,,
65.60892,20.506609,405918.56012397,,
62.194664,33.947144,405955.8863685,,
306.34402,49.177376,406057.53910733,,
302.94638,44.525467,406129.00364574,,
34.230354,62.014618,406180.49751853,,
347.69925,66.60352,406182.89131583,,
333.6369,64.33879,406190.85083,,
62.15167,33.500774,406531.33061363,,
44.28429,57.025005,406554.76266061,,
66.2674,14.353974,406614.84760542,,
315.9031,57.102535,406650.00313285,,
304.84503,46.92727,406680.06975333,,
47.55811,54.670048,406692.31832362,,
62.840073,31.238438,406702.13025945,,
29.77346,63.261253,406755.20498954,,
66.445465,12.188501,406773.66534787,,
61.801956,34.148476,406871.76133153,,
333.43887,64.07015,406887.12318552,,
40.930416,58.805965,406928.63651025,,
66.898994,3.5521836,406994.61537463,,
61.80813,33.970665,407038.19464264,,
303.44574,44.625042,407143.12596723,,
337.51764,64.878784,407144.71079467,,
334.28265,64.18263,407166.35599482,,
303.75604,45.0346,407235.12686251,,
66.09195,14.302687,407243.25284276,,
63.503242,28.327488,407246.08305487,,
333.25684,63.87842,407349.51512203,,
303.57413,44.6671,407377.39705358,,
65.040474,21.108929,407457.21797805,,
336.9752,64.64768,407549.26426704,,
58.908066,40.25133,407563.39117145,,
65.06595,20.411118,407781.29032732,,
297.94913,32.449066,407872.18351455,,
333.68906,63.80851,407902.83570102,,
333.4934,63.684414,408142.73524289,,
334.5,63.916508,408172.84506876,,
65.555244,16.458574,408175.1906664,,
333.73618,63.727394,408194.80116973,,
309.9595,51.799038,408246.9402338,,
45.878876,55.20831,408259.58582066,,
304.29248,45.149956,408285.95721418,,
353.8406,66.432686,408323.21225375,,
337.53842,64.506485,408376.77365235,,
334.63684,63.884,408377.68535004,,
335.20175,63.792366,409084.76529996,,
52.690495,48.54952,409159.46528207,,
336.86462,64.09314,409280.58924888,,
305.29843,45.941864,409291.13853324,,
313.2874,54.04573,409461.75485868,,
310.33826,51.451187,409643.74865151,,
304.65833,44.81566,409649.53969782,,
345.92465,65.40878,409703.0478609,,
303.11755,42.337177,409752.09737742,,
309.7287,50.80708,409760.48916152,,
335.72604,63.663116,409878.44106528,,
28.97844,62.445442,409935.27377994,,
65.8205,8.465034,410038.39303399,,
64.919334,17.03342,410075.58734051,,
305.9838,46.27662,410257.57425027,,
54.65631,45.372757,410318.83920122,,
352.7032,65.799126,410373.00716572,,
65.12602,14.750855,410405.4966732,,
304.34427,43.855118,410417.78978132,,
347.0811,65.2748,410612.87351621,,
351.1945,65.60297,410727.99205868,,
7.3174744,65.67537,410809.92630057,,
8.188629,65.61618,410829.51179959,,
59.506424,36.182407,411041.83693607,,
306.93536,46.992462,411110.25257085,,
28.439548,62.16558,411266.40218496,,
4.1406775,65.67708,411319.22132405,,
65.10194,12.5389,411355.38045938,,
359.2727,65.71374,411423.037674,,
311.13107,51.250523,411526.00560837,,
311.13596,51.250362,411535.43866285,,
312.94852,52.793823,411589.16356687,,
347.59024,65.02486,411671.41920887,,
311.4643,51.44204,411753.86511951,,
302.87665,40.400536,411903.38148289,,
64.68699,14.704687,411943.00569893,,
311.23517,51.13149,411961.45578978,,
356.5978,65.499374,412036.60828928,,
309.22342,49.052265,412138.24947997,,
39.200836,57.66986,412141.01193219,,
339.66046,63.7687,412141.96253084,,
346.51846,64.77399,412144.04446021,,
357.16806,65.45137,412260.02653229,,
8.328403,65.18731,412321.1212206,,
341.49225,64.01213,412387.09410045,,
64.78362,12.75499,412388.49859006,,
65.00741,10.221969,412449.79904505,,
48.991848,50.592743,412621.76837558,,
311.7155,51.212563,412688.85220282,,
311.62738,51.098923,412758.4093128,,
19.378382,63.727623,412850.85919195,,
52.985317,46.07939,412858.81211054,,
294.7236,2.9157908,412882.02100805,,
330.55075,61.326748,412908.84175714,,
348.14844,64.72772,412909.25302901,,
311.93414,51.26753,412979.72488854,,
58.988853,35.732018,413000.42589896,,
61.603016,28.37546,413049.70072991,,
312.04318,51.315033,413082.32293704,,
344.40253,64.227806,413127.90210377,,
48.089283,51.133743,413212.58600892,,
305.78424,44.193203,413234.2590797,,
307.2262,46.130253,413234.63618298,,
8.363902,64.921486,413257.19260037,,
8.480376,64.895256,413321.69330564,,
294.85703,3.1294568,413342.83005364,,
64.7981,9.533296,413388.30236578,,
311.27292,50.45739,413396.60645243,,
42.92457,54.992653,413422.42174986,,
345.02307,64.16799,413616.42032872,,
52.460693,46.274563,413666.88073952,,
343.60138,63.918728,413804.97899889,,
300.56213,33.904015,413863.51282474,,
51.65165,47.096783,413944.11528725,,
57.94827,37.177677,414048.47123642,,
312.79028,51.50008,414060.46503506,,
353.33807,64.798515,414070.43055653,,
343.30496,63.788692,414101.64541189,,
19.528305,63.292213,414220.53112806,,
35.677494,58.5671,414228.22285477,,
58.548492,35.715904,414232.99982031,,
314.1599,52.483562,414373.84946831,,
311.2564,49.946316,414393.48403312,,
1.7976019,64.86581,414435.46276086,,
344.81494,63.8977,414454.30513143,,
318.1975,55.263935,414486.18830304,,
311.28506,49.92225,414496.91972389,,
18.995352,63.278873,414579.48126826,,
20.324795,63.025208,414623.70406195,,
29.765175,60.655838,414633.61168092,,
311.26093,49.775486,414744.75170495,,
311.32425,49.805717,414806.34364263,,
297.33203,21.82145,414826.6129567,,
46.731865,51.537056,414846.22398221,,
64.11573,12.206654,414926.4893946,,
20.212349,62.896896,415120.8855505,,
59.59339,32.27645,415209.69773466,,
346.23242,63.853455,415228.29414146,,
310.7476,49.01224,415254.5682312,,
19.420616,62.998775,415267.10821256,,
308.11697,46.02134,415369.33158948,,
307.85928,45.698906,415373.25006492,,
8.358159,64.32472,415379.10055128,,
300.98148,33.515366,415494.92746316,,
63.77928,13.711503,415509.34917457,,
45.921345,51.858845,415598.95687289,,
311.6512,49.66287,415724.5948849,,
350.07022,64.09771,415750.35354509,,
308.52542,46.26484,415820.43359043,,
48.019745,49.86973,415936.45108603,,
308.31638,45.94059,415946.65836168,,
347.02664,63.67355,416178.09080019,,
46.45607,51.12851,416218.96367476,,
311.38525,49.15246,416232.72840987,,
311.62183,49.369263,416259.77373363,,
36.6314,57.361557,416326.13889709,,
314.9365,52.191032,416368.58339247,,
311.55383,49.24301,416381.08403363,,
44.803246,52.38449,416384.93524154,,
310.30728,47.95525,416421.10577019,,
301.37668,33.59608,416527.1465855,,
63.950787,8.674775,416625.37387794,,
334.88184,61.33745,416664.81908162,,
55.89551,39.224136,416681.63523461,,
18.854826,62.666145,416720.65361367,,
308.33102,45.50062,416758.75739876,,
35.930103,57.515953,416799.40999777,,
7.6671457,63.9636,416831.14955734,,
7.9216437,63.94614,416832.69798552,,
311.64374,49.090652,416862.60632528,,
7.975966,63.92844,416882.46531145,,
345.85272,63.292152,417012.67101984,,
56.000847,38.755737,417070.2344468,,
347.80722,63.503796,417073.32764703,,
8.212938,63.848633,417107.49574528,,
0.8776639,64.11516,417173.68165897,,
5.1173496,63.965675,417322.16106295,,
296.51004,11.509284,417372.48760734,,
312.1102,49.266,417416.60960233,,
308.22974,44.89716,417596.02627944,,
59.32897,30.706083,417650.21626959,,
351.447,63.654243,417710.25327813,,
316.3175,52.53664,417945.48282551,,
296.31458,6.7530646,418025.37359344,,
311.98267,48.78067,418151.09730399,,
296.19034,2.7438617,418168.92788624,,
296.4679,8.398555,418184.58893433,,
62.94452,13.916666,418319.01222841,,
309.41415,45.933056,418338.59725218,,
312.10956,48.77367,418414.36488686,,
296.28204,3.2032645,418456.22330904,,
43.28503,52.545307,418592.81794542,,
52.36046,43.386894,418849.82471621,,
50.7484,45.437443,418888.3817924,,
305.7351,40.50211,418915.04155054,,
356.15836,63.511726,419126.89215559,,
315.72696,51.558296,419161.6461874,,
51.098038,44.79779,419266.88985145,,
339.95718,61.681217,419273.07332126,,
322.80225,55.931416,419404.49411947,,
296.6019,1.7624003,419717.97848476,,
310.3377,46.23289,419757.92939818,,
315.689,51.249783,419789.52152775,,
296.64523,2.6404588,419812.96244181,,
11.178634,62.79659,419925.77487658,,
299.81888,25.522362,419985.38560108,,
311.88513,47.754517,420013.94233236,,
311.30695,47.14016,420046.33177372,,
311.58044,47.373608,420149.7519664,,
58.518417,30.575386,420188.27970063,,
346.76178,62.490917,420188.38137606,,
43.474,51.71145,420196.78976059,,
15.762023,62.139706,420218.43973055,,
352.55392,62.990616,420348.13271202,,
310.6411,46.21778,420429.70672292,,
54.112972,39.74892,420437.50697076,,
62.688885,10.677381,420480.08220488,,
317.37448,52.19173,420521.74595636,,
340.4214,61.388298,420550.85203104,,
297.10803,7.9673367,420570.97954486,,
357.80576,63.1323,420647.10623543,,
345.03696,62.116226,420698.24368802,,
311.94983,47.443996,420762.55010541,,
311.57587,47.040398,420794.84138388,,
312.5729,47.972195,420954.41996779,,
351.4928,62.73488,420986.51621469,,
58.705467,29.200277,421069.64359724,,
60.90517,21.037643,421166.31833248,,
313.88992,49.095276,421192.63263828,,
349.65625,62.518547,421193.37665811,,
314.91238,49.935284,421302.79040638,,
311.34604,46.519287,421333.99748848,,
316.843,51.437542,421372.4768188,,
45.125134,49.771446,421590.87129042,,
355.64526,62.79591,421628.7530048,,
32.837036,57.063812,421857.75098987,,
297.50146,8.233536,421899.96767318,,
317.0386,51.32098,421978.81986581,,
311.34436,46.133957,422075.27966782,,
318.66214,52.41014,422131.27267241,,
44.77725,49.804688,422160.36563105,,
27.298765,58.94039,422238.09684589,,
311.89072,46.517143,422472.26735801,,
309.25272,43.414463,422506.39506699,,
319.86993,52.964638,422713.11542234,,
319.13333,52.395634,422932.49761932,,
317.62167,51.335453,422946.00118629,,
62.339928,5.7756305,423027.84056113,,
318.22894,51.728607,423046.06654161,,
316.72836,50.586845,423124.55407734,,
311.3313,45.55657,423156.98605033,,
311.70535,45.942398,423206.67657838,,
311.74756,45.951,423278.92261965,,
318.88272,52.071938,423307.88929171,,
311.49127,45.641212,423335.44201973,,
311.6074,45.763115,423346.93020434,,
312.2264,46.35521,423488.33051909,,
314.80112,48.82826,423496.57111912,,
311.75742,45.830875,423533.07202822,,
311.75912,45.780567,423634.30498508,,
348.85196,61.72543,423700.6840067,,
311.78458,45.758286,423731.39408993,,
49.924725,43.72248,423819.00876804,,
298.8525,15.31822,423853.0036745,,
349.3581,61.73358,423856.27900843,,
311.8636,45.772293,423871.23620283,,
303.4584,32.400707,423873.50637987,,
60.101986,20.922329,423894.76778365,,
318.50275,51.548042,423934.85000542,,
61.905426,8.46227,423943.54361141,,
319.011,51.893032,423950.88548678,,
62.19556,2.3123646,424007.42259936,,
318.36682,51.40457,424048.00736038,,
349.6339,61.70664,424048.09673433,,
61.64769,10.876593,424073.98802501,,
61.125237,14.987734,424099.24241663,,
312.1349,45.912956,424167.98851287,,
342.86728,60.758034,424181.46605495,,
298.9171,15.001167,424238.15127565,,
312.13617,45.86573,424263.26948801,,
305.4098,36.263847,424266.85479627,,
319.8356,52.282993,424341.22375074,,
309.969,43.280315,424375.38356398,,
301.64896,26.89649,424445.35753396,,
297.9988,4.493007,424458.80747246,,
304.53058,34.304478,424513.69876957,,
303.26184,31.367907,424527.25045337,,
57.882153,28.030247,424759.50868401,,
303.256,31.136162,424778.97525252,,
317.9966,50.79497,424856.81787227,,
318.96616,51.448814,424947.69318423,,
60.896263,14.769652,424998.54873796,,
41.21168,51.300003,425007.11202696,,
47.71142,45.64701,425013.31310828,,
302.2189,28.024828,425072.99574722,,
303.6116,31.634129,425229.53801986,,
303.5578,31.461143,425277.99547389,,
330.71457,57.219433,425443.95072121,,
303.67007,31.583656,425458.63995053,,
61.766933,-0.2417602,425638.05527724,,
43.767937,49.03868,425719.58535491,,
54.42087,35.529774,425741.88974078,,
319.1248,51.2185,425767.49757881,,
319.4223,51.39297,425841.69488475,,
302.57678,28.253183,425925.69301755,,
299.0785,12.308125,426055.39877281,,
318.74005,50.783993,426158.15793451,,
302.7644,28.429066,426309.99897075,,
302.5147,27.629025,426380.28477045,,
7.9439983,61.252483,426406.79817082,,
353.5158,61.338615,426460.43982143,,
319.53595,51.21104,426472.22377457,,
300.82568,21.479074,426525.28283842,,
302.5148,27.469507,426542.98481065,,
298.69455,6.549264,426564.32157547,,
302.59818,27.682625,426580.68083663,,
310.05087,42.1247,426621.72324808,,
60.47525,14.230155,426722.00055404,,
331.07764,56.911118,426761.70350743,,
356.79852,61.36508,426909.98560455,,
309.0792,40.603058,426942.69820848,,
320.3463,51.548115,426980.11926269,,
320.00198,51.31815,426982.61972884,,
319.84534,51.18027,427061.18227824,,
320.28928,51.47257,427073.81498348,,
338.0187,58.871693,427120.92871708,,
317.9778,49.793194,427166.01979856,,
319.82928,51.125725,427167.70092667,,
302.8301,27.622164,427351.58900326,,
60.04097,15.777727,427400.50968752,,
34.194984,54.434013,427524.26720171,,
302.95752,27.802422,427553.56609789,,
301.23303,21.861116,427557.42154814,,
303.16425,28.282984,427675.421966,,
303.01648,27.857658,427675.53819473,,
320.35236,51.21821,427804.73641613,,
318.44894,49.86627,427826.61516337,,
20.252272,59.05527,427837.16046388,,
332.75546,57.119473,427893.71287924,,
303.25464,28.331089,427897.69373823,,
353.78934,60.93782,427951.69126759,,
303.06396,27.686571,427998.91136453,,
336.54697,58.22271,428000.12696742,,
352.8462,60.86077,428007.15450432,,
320.77283,51.298603,428292.95241974,,
59.84875,15.227656,428362.14719419,,
299.08612,3.4428346,428503.00815204,,
319.54416,50.377083,428504.90616377,,
319.95053,50.651867,428525.96571874,,
351.88235,60.63402,428556.4339511,,
50.986282,39.519302,428588.26744518,,
320.88373,51.228462,428648.02614861,,
27.338934,56.823708,428703.43440204,,
343.3195,59.502533,428715.00928467,,
320.33835,50.755203,428921.52159297,,
60.306988,10.302283,429003.51308552,,
36.261288,52.78842,429066.93013633,,
351.20013,60.418972,429116.06231615,,
319.3811,49.994534,429145.5172354,,
306.4474,34.710423,429238.61194262,,
300.41916,15.133689,429333.4087387,,
46.532513,44.650787,429485.30091054,,
19.991913,58.60106,429531.27275836,,
354.62268,60.521233,429610.78876159,,
58.301594,21.17803,429616.74356632,,
30.14129,55.482574,429635.33718858,,
321.23035,51.054916,429645.28627636,,
41.977493,48.750324,429663.84567747,,
29.067986,55.883644,429680.43484068,,
59.81512,12.771257,429709.62201851,,
319.39587,49.75853,429736.56671343,,
321.2824,51.032734,429785.46071978,,
321.28476,51.028698,429799.41196145,,
302.99817,25.545527,429951.00544652,,
57.326015,24.197338,430200.52755828,,
28.656815,55.850468,430240.1846333,,
303.43402,26.551462,430305.02263832,,
319.27332,49.426228,430316.05010951,,
319.27322,49.424534,430319.9090532,,
320.2966,50.117283,430414.56771402,,
320.43042,50.17421,430501.69996484,,
35.573593,52.624287,430513.70951274,,
37.59203,51.417934,430609.9547025,,
318.7257,48.88236,430628.67835801,,
322.9598,51.74212,430634.31092917,,
43.1819,47.32442,430639.10846706,,
60.23259,4.838185,430742.56657023,,
59.089867,15.538385,430791.66793709,,
322.58514,51.419765,430883.89652291,,
322.86826,51.421925,431321.68653967,,
56.44135,25.85386,431395.80787154,,
28.35701,55.5717,431412.78253479,,
323.02518,51.35952,431728.19093867,,
304.02042,26.849691,431802.9381184,,
19.7967,57.953926,431819.66914718,,
304.07248,26.83572,431977.55858882,,
59.347607,11.277037,431996.44961825,,
322.1304,50.66156,432096.9166102,,
300.11966,3.479477,432210.25941294,,
323.27783,51.28864,432305.88214521,,
300.12305,2.5812104,432321.57409723,,
352.10715,59.556137,432451.34095305,,
33.14133,53.1484,432519.78741062,,
348.1829,59.128666,432533.23003393,,
315.9662,45.663002,432582.51752434,,
59.25202,10.21519,432753.08465361,,
301.49283,15.417575,432856.79321936,,
58.456734,15.637522,432901.15537975,,
320.431,49.171352,432950.68068804,,
319.92816,48.80489,432955.16442335,,
2.8848844,59.655285,433087.98028648,,
17.7119,57.9998,433145.79768362,,
329.42206,54.089108,433183.97484907,,
339.15735,57.273727,433252.17517572,,
35.298634,51.671577,433468.07938347,,
350.96008,59.071186,433812.05214051,,
56.827843,21.915264,433818.89227017,,
5.5787,59.331585,433827.43207993,,
35.09267,51.651424,433829.5612487,,
56.90494,21.306126,434080.56616282,,
318.83957,47.487167,434091.53093761,,
303.24185,21.60211,434311.17028483,,
302.17386,16.687466,434405.25840358,,
320.4453,48.55681,434466.16747647,,
303.3574,21.856245,434470.46194343,,
300.76593,3.1024985,434577.41935758,,
354.01498,59.06788,434682.54680114,,
323.09177,50.23235,434745.76656475,,
3.685629,59.148808,434809.56211185,,
303.62567,22.30579,434948.28787202,,
304.40427,24.733843,435156.40565545,,
305.27786,27.27124,435193.27477249,,
306.51428,30.34628,435229.5202978,,
303.75787,22.4286,435266.16074989,,
304.61823,25.289137,435268.64139047,,
304.17038,23.667551,435450.07834798,,
348.15216,58.237953,435633.81573386,,
29.581127,53.645195,435715.72987162,,
46.88752,41.01155,435760.01421408,,
319.68692,47.4051,435851.28395079,,
358.62274,58.918716,435856.70488076,,
58.87424,3.140447,435865.73852518,,
314.15985,42.17979,435893.16677321,,
325.7454,51.345623,435898.28545117,,
303.81894,21.884619,435942.7683254,,
46.74972,41.055702,435995.234545,,
314.03717,41.961174,436046.78070218,,
348.4565,58.066853,436369.13964784,,
325.4802,51.00273,436430.62634127,,
56.151432,21.418484,436441.8754624,,
320.5829,47.83202,436461.54518593,,
304.45847,23.499454,436526.41773588,,
314.1109,41.785763,436555.52799062,,
320.1773,47.46719,436602.40272153,,
345.25635,57.503136,436690.81663684,,
303.6171,20.12067,436760.26492874,,
305.5524,26.60925,436762.66111496,,
3.7974749,58.586674,436811.50449266,,
326.7104,51.442955,437041.39645973,,
308.76794,33.643406,437106.70998444,,
347.97906,57.79187,437112.24463206,,
305.9003,27.216278,437148.07219221,,
3.4335651,58.494026,437194.63218703,,
332.3889,53.924015,437229.81466686,,
306.68637,29.085737,437302.11915931,,
302.2176,11.66866,437307.99004905,,
6.700014,58.244976,437447.34495173,,
327.0959,51.488747,437468.20965838,,
304.48553,22.543747,437505.1685226,,
306.22675,27.74886,437525.57312485,,
56.533314,18.38095,437598.15885843,,
321.88174,48.29752,437615.14925165,,
303.9668,20.031786,437984.31321543,,
58.153244,5.776626,437998.33044515,,
303.57675,18.294521,438029.83882767,,
319.99777,46.660713,438183.20058059,,
326.89783,51.1131,438222.49143594,,
304.0398,19.843225,438377.25035975,,
56.31702,18.189426,438462.54262441,,
357.39435,58.113766,438657.79802396,,
319.57904,46.115944,438669.14996111,,
326.94363,50.949253,438741.22369333,,
327.39627,51.144325,438854.88783818,,
321.07043,47.166435,438948.43086826,,
53.54703,27.080566,438982.09726435,,
314.03214,40.435066,438986.30045528,,
53.5446,27.06125,439011.63978306,,
304.66248,21.353012,439146.58788266,,
303.9439,18.14286,439370.45797679,,
327.91095,51.15096,439569.69379069,,
328.18802,51.275105,439611.08601199,,
303.54916,15.765746,439672.81195916,,
328.24847,51.2662,439720.86752616,,
328.32498,51.300232,439731.78244284,,
47.544895,37.920742,439826.17660947,,
51.902973,30.26195,439930.02037456,,
320.19748,46.046528,440005.27532998,,
302.7808,9.912675,440033.95535414,,
320.4688,46.248775,440038.12350355,,
319.73035,45.63367,440079.45059516,,
304.6515,20.107224,440176.6476529,,
302.52362,6.725445,440181.23549313,,
351.09863,57.276974,440210.57654479,,
18.43474,55.660793,440473.37595715,,
357.46744,57.57873,440588.63896055,,
302.51224,2.9981763,440864.16178459,,
304.5135,18.565342,440954.89864225,,
3.1259072,57.437332,441029.67625572,,
350.61606,56.964104,441139.26315787,,
306.8521,26.25377,441142.77990948,,
305.60455,22.354177,441278.14943369,,
54.831215,20.709122,441360.1072664,,
47.078938,37.47228,441775.39006458,,
303.63065,12.547774,441810.31877358,,
315.64478,40.857605,441856.24840374,,
51.224792,30.16599,442017.44969714,,
303.42938,10.56042,442047.94415532,,
304.70938,17.866362,442140.30399428,,
302.87405,1.8477163,442277.27558305,,
304.56876,16.927492,442350.94593509,,
304.75806,17.607391,442496.27966517,,
56.93921,4.9740057,442513.63661123,,
310.52344,33.04932,442797.53014865,,
304.87073,17.608814,442873.55325333,,
304.93213,17.86781,442885.63385088,,
48.133266,35.171032,443025.89161719,,
304.51224,15.626323,443046.46893355,,
49.168346,33.431572,443050.56869085,,
304.4393,15.029899,443180.76877753,,
358.5657,56.806747,443453.43444128,,
348.84952,56.084774,443487.84059286,,
313.01834,36.549965,443643.25059822,,
330.91364,51.158676,443645.58725178,,
329.6246,50.543297,443692.07418082,,
51.217606,28.896065,443721.52996707,,
303.31274,2.7979124,443764.3111199,,
310.74854,32.730705,443898.81764485,,
51.62727,27.755852,443960.36386181,,
316.47726,40.742596,443966.27700205,,
305.1209,16.881872,444247.53497702,,
48.851223,33.15808,444335.74827916,,
56.335747,6.2235193,444382.74722809,,
304.37332,12.386259,444477.4282831,,
345.40295,55.24233,444542.60482977,,
25.52006,52.21784,444834.93497706,,
305.067,15.586563,444963.52901327,,
357.24435,56.342045,445009.86221911,,
43.24892,40.515568,445046.02944359,,
305.37772,16.881842,445114.20265297,,
19.945833,53.873253,445162.31070863,,
331.0242,50.595196,445441.5061312,,
43.443386,40.09137,445468.88896755,,
47.44821,34.775787,445475.24184861,,
53.958458,19.133938,445573.63706276,,
51.608974,26.460249,445598.87684176,,
308.2531,25.940115,445795.17000385,,
328.99484,49.44777,445916.83893601,,
55.97808,4.417434,446065.553115,,
305.58395,16.46931,446108.57464652,,
308.8506,27.026691,446299.37240651,,
54.395626,16.091755,446445.17924153,,
47.906895,33.217873,446800.06440478,,
53.141163,20.738846,446844.4704892,,
305.8536,16.678308,446868.82545134,,
306.13867,17.886744,446908.91648712,,
305.39896,14.19296,446995.62344541,,
53.6459,18.532389,447107.95700269,,
53.23559,20.00588,447201.35389446,,
53.997704,16.726307,447335.54737764,,
52.90526,20.865667,447493.47690103,,
349.11606,54.93433,447643.4204151,,
308.6003,25.23575,447683.5460125,,
55.453907,5.6027102,447688.30488138,,
312.0436,32.56529,447699.64358226,,
52.427834,22.226402,447711.48734051,,
50.831165,26.579834,447811.80157333,,
53.361626,18.728163,447889.59831882,,
309.29004,26.69706,448032.98919178,,
306.48364,17.823526,448112.10726159,,
337.64954,52.20146,448309.55876197,,
55.08298,7.0251927,448622.27720689,,
313.09366,33.735245,448637.23482851,,
304.8451,5.5826893,448762.02788202,,
311.08295,30.032627,448830.37516509,,
335.0549,51.1351,448837.20017215,,
308.16183,22.84294,448956.63943759,,
305.0895,7.809635,448981.22374636,,
310.49277,28.672237,449032.46980026,,
306.90073,18.292654,449122.93000734,,
335.1697,51.065662,449184.806267,,
313.66385,34.269855,449242.5504687,,
309.8627,26.975552,449405.93162797,,
54.942677,5.5323176,449532.94988123,,
347.61905,54.169292,449547.5411203,,
313.6957,34.097137,449620.09953451,,
313.998,34.50513,449711.52360849,,
314.5645,35.318035,449745.59707112,,
54.833866,5.9962325,449804.07037099,,
309.4396,25.612316,449815.40566113,,
305.05005,3.596141,449895.40322974,,
51.869114,21.696281,450035.39856991,,
54.757477,6.0643454,450058.67599903,,
327.79398,47.29207,450082.03096643,,
305.3025,6.0423727,450278.67830829,,
318.5545,39.89823,450376.54021318,,
328.9689,47.78919,450537.42792671,,
50.55518,25.01935,450539.78715436,,
309.50653,25.154066,450569.84836922,,
336.9173,51.232075,450620.08271306,,
53.222298,15.761794,450661.3559903,,
320.49414,41.64332,450758.10565497,,
329.1132,47.781754,450777.91895497,,
308.17938,20.992197,450888.60237616,,
339.45016,51.94632,450907.84788204,,
351.27072,54.26222,450941.8538324,,
50.717255,24.20228,450988.74968848,,
26.589357,49.71724,451161.0740499,,
305.48047,4.9905167,451172.8858021,,
320.07883,41.050632,451207.78381603,,
314.52432,34.404118,451255.28416775,,
310.40558,26.77531,451291.63716342,,
318.35342,39.245533,451295.00383759,,
324.23502,44.49392,451320.00832979,,
342.3148,52.579494,451354.20989825,,
315.3381,35.45079,451472.11479091,,
50.89549,23.115751,451646.59166812,,
356.57297,54.43549,451768.62723071,,
53.470463,12.717432,451782.66217957,,
308.29977,20.469395,451784.73093496,,
314.20407,33.601395,451803.46806065,,
330.0032,47.874264,451853.42033842,,
342.4467,52.4091,452031.13590554,,
6.844859,54.13622,452048.77838268,,
315.14578,34.849125,452070.10355143,,
318.9368,39.489063,452099.70253718,,
50.44073,23.940132,452150.52361228,,
54.157017,5.736429,452289.55930573,,
337.80743,50.980488,452368.62708711,,
326.43207,45.59822,452382.46159658,,
307.95227,18.525652,452417.14403092,,
41.094032,39.265766,452503.37106294,,
339.10214,51.306942,452642.77283308,,
314.96094,34.21947,452712.90681433,,
326.90646,45.74342,452805.32482947,,
309.3127,22.654531,452806.8614267,,
327.36758,46.028957,452814.09757056,,
310.75797,26.399567,452835.11445924,,
10.039765,53.555603,452876.9870426,,
321.1968,41.35531,452882.01059722,,
17.856293,52.07132,452908.59236527,,
340.69998,51.68794,452917.17859918,,
307.42755,15.637928,452957.20094958,,
307.49963,15.656359,453188.47053753,,
38.24582,41.721836,453191.57709156,,
44.043365,35.35421,453210.81255989,,
306.0923,5.168456,453321.56201584,,
26.827087,48.890285,453333.03052737,,
341.56332,51.687054,453689.51581928,,
309.65884,22.800362,453742.81585975,,
52.590473,14.427756,453743.68849586,,
52.988537,12.204757,453748.91203884,,
308.34662,18.449814,453789.60630589,,
44.4005,34.502106,453857.74816394,,
355.00262,53.749676,453926.83534107,,
52.217243,15.923615,453950.7389715,,
337.03366,50.191624,454030.96847521,,
53.52776,7.0186043,454159.83320344,,
321.47803,41.01633,454245.80604592,,
325.33972,44.124413,454278.31435885,,
51.271053,19.08795,454481.65403344,,
318.02603,37.207836,454706.74809295,,
319.20996,38.47559,454860.9919831,,
310.21606,23.214323,455034.16665858,,
49.596535,23.713331,455045.58630292,,
49.42951,24.115269,455091.82495318,,
52.787918,10.864585,455170.20591539,,
308.94528,19.025393,455250.83932581,,
339.0283,50.413002,455454.72312945,,
338.59824,50.25772,455509.58518516,,
317.08603,35.576214,455618.28480325,,
327.20425,44.843586,455707.16491287,,
310.17355,22.430449,455778.93245503,,
306.81238,4.1917863,456111.91746843,,
318.17752,36.67108,456144.2734919,,
51.394,16.5544,456241.67523552,,
309.1689,18.468702,456494.20350918,,
309.16287,18.408062,456528.72677141,,
347.30237,52.093002,456565.64718074,,
310.51978,22.358097,456955.57047705,,
312.0067,26.087683,456999.66125685,,
322.40054,40.556686,457236.61181001,,
11.085051,52.13957,457322.56021475,,
310.60776,22.082073,457540.55778062,,
310.49414,21.672964,457626.29384943,,
307.66455,8.8594885,457699.45555063,,
43.248096,33.966015,457792.6640967,,
322.8185,40.687122,457801.50085507,,
307.17297,-0.2541531,457821.15321242,,
348.92902,51.987274,457862.17759388,,
313.68225,28.793526,458092.790771,,
321.7214,39.54564,458110.20759193,,
358.63596,52.716232,458177.06774583,,
52.652977,3.1323493,458214.2268665,,
325.26788,42.361958,458606.99034374,,
352.9619,52.262478,458654.90459522,,
317.1604,34.029346,458721.6015918,,
15.681383,50.767662,459042.77437553,,
38.641968,38.743374,459112.92214912,,
339.61218,49.29949,459649.0183936,,
52.101215,5.302177,459749.48244389,,
318.0787,34.627853,459911.1533799,,
48.890945,21.25,460049.4169402,,
317.5854,33.875336,460094.23078116,,
39.864357,36.988377,460129.74403091,,
331.33206,45.633137,460243.25668881,,
24.626064,47.54033,460279.52412347,,
308.4605,9.217222,460350.85629214,,
51.640495,8.338871,460373.97504917,,
345.58838,50.625027,460477.92909694,,
309.71008,15.867238,460511.72505611,,
319.04065,35.519516,460535.41569771,,
314.47696,28.55936,460724.30904866,,
311.50864,21.483727,461068.66829262,,
11.371386,51.011917,461100.33144671,,
309.67502,14.945475,461107.41288906,,
308.10492,-1.124148,461146.58010426,,
310.64807,18.685349,461170.66950575,,
309.59882,14.371678,461271.46798373,,
345.75778,50.40771,461342.48127085,,
329.4899,44.186474,461357.40126543,,
318.20636,34.00476,461427.07917483,,
45.390427,28.330675,461453.83070492,,
49.36255,18.167425,461623.90453879,,
309.05814,10.796593,461663.43549866,,
308.27167,-1.6775745,461708.27327837,,
354.22098,51.49475,461786.21403983,,
345.0672,50.12032,461813.01221038,,
328.07312,43.080494,461912.69157298,,
317.49313,32.759388,461923.76137855,,
322.9288,38.92253,462136.12869538,,
10.66716,50.824753,462142.73903616,,
316.48346,31.047693,462276.30899809,,
332.7231,45.557144,462553.19655388,,
354.58362,51.3064,462560.34610712,,
328.8129,43.29595,462632.28980663,,
317.85452,32.78988,462808.00349387,,
38.203472,37.424362,463008.52497242,,
308.67438,2.5865932,463059.61401927,,
309.017,6.8676047,463264.85561977,,
310.01846,13.564502,463281.74574543,,
309.0472,7.0906134,463293.54606003,,
324.75726,40.01641,463385.21081416,,
45.524315,26.58003,463668.29468845,,
328.6847,42.759174,463852.03398596,,
319.4185,34.19837,464093.38280134,,
320.58173,35.558334,464175.06329748,,
30.632265,43.071102,464200.49032998,,
48.29405,19.108637,464221.90336843,,
325.6397,40.36101,464319.60603083,,
325.7588,40.43202,464380.27092353,,
50.46227,8.512416,464467.17463704,,
310.6182,14.658804,464533.908872,,
45.578663,25.766779,464669.71681542,,
47.11613,22.109213,464706.65929879,,
314.3665,25.538168,464827.04011265,,
348.51297,49.921936,464828.81398067,,
40.524338,33.87791,464867.63017517,,
355.67722,50.712727,464954.5880017,,
337.2054,46.75893,464996.53016928,,
311.55588,17.42289,465356.17212812,,
311.87662,18.517076,465370.55379229,,
309.54904,4.441479,465865.5618187,,
310.73553,13.315401,465918.72961925,,
316.2184,28.3758,465974.91925715,,
309.8269,6.9770765,466106.27690968,,
310.7456,12.9580555,466200.52680836,,
318.0401,31.154783,466276.33683144,,
311.21594,14.915158,466366.03896907,,
310.78708,12.842191,466422.2996921,,
352.2273,49.96589,466535.8247714,,
329.90955,42.542904,466575.0642674,,
325.53662,39.34202,466617.52024415,,
310.33932,9.627163,466766.97133523,,
338.86664,46.821434,466781.92756033,,
49.48225,10.693272,466821.8330049,,
310.14868,7.9515986,466868.04102905,,
44.935993,25.43626,467056.11186489,,
310.75818,11.464375,467208.19158746,,
322.82678,36.423695,467560.46633489,,
311.7888,15.697696,467662.21691504,,
349.6322,49.276844,467721.52111632,,
317.04965,28.54515,468049.07799437,,
316.75665,27.93507,468210.95798732,,
324.0251,37.28151,468303.63017303,,
335.36887,44.871155,468383.50772141,,
49.31842,8.570497,468481.89004026,,
310.87238,9.917552,468487.88774304,,
335.84088,45.03845,468526.22587366,,
327.66217,40.25589,468544.00245292,,
30.639631,41.457466,468547.00257956,,
310.42596,5.4219227,468748.59560967,,
338.46646,45.992172,468938.01124413,,
311.9224,14.563253,469044.12304189,,
312.144,15.408474,469103.86296572,,
310.72327,7.136642,469232.06389817,,
327.71286,40.006702,469282.01464868,,
317.28943,28.103828,469449.34762065,,
47.41732,16.682323,469454.60702487,,
36.940094,35.801453,469473.2093775,,
310.57727,4.262341,469590.09181431,,
318.30008,29.637728,469666.54845888,,
327.7279,39.78007,469892.44709756,,
36.27332,36.249588,469993.79237488,,
33.150055,39.050777,470001.75023885,,
326.01645,38.333565,470067.56359641,,
336.57364,44.84942,470092.08589696,,
311.10062,7.720677,470336.60651841,,
328.81433,40.38883,470384.26913376,,
351.14096,48.70895,470496.50109763,,
326.84158,38.844814,470499.00157097,,
322.0659,34.231174,470518.34473922,,
47.83472,13.585012,470626.84788947,,
316.82117,26.455784,470726.28576996,,
328.48227,39.995018,470788.30420498,,
21.487276,45.415176,470813.67549231,,
22.79974,44.865154,470871.46290427,,
328.78467,40.14409,470971.48388432,,
311.4483,8.9230795,471019.59501074,,
326.2803,38.138947,471091.0045415,,
327.19928,38.83886,471235.08027732,,
322.37698,34.20895,471314.83947862,,
335.79935,44.09667,471324.65982793,,
336.01044,44.140625,471486.39505165,,
30.172855,40.66027,471531.33744201,,
335.08047,43.654984,471625.21934445,,
329.32452,40.162357,471934.79373033,,
316.40573,24.764599,472031.68040189,,
341.1381,45.93035,472181.09088927,,
311.96188,9.968651,472279.40778887,,
348.06012,47.671368,472354.02533674,,
332.8959,42.22896,472445.53586812,,
47.431824,12.960934,472468.99913072,,
319.11743,29.26873,472551.10853041,,
37.370197,33.83616,472715.1022601,,
47.32396,13.121862,472721.5977848,,
357.64642,48.486305,473295.33738508,,
351.98422,48.01329,473345.54340748,,
311.64322,4.3267097,473393.47692988,,
349.6311,47.63044,473478.3667762,,
322.76587,33.6004,473544.21012491,,
28.91249,40.734104,473587.32142502,,
336.41235,43.588573,473723.1520759,,
312.8832,12.432581,473931.62268214,,
313.43408,14.491999,474234.43193335,,
313.17322,13.20552,474364.18078531,,
355.1691,48.038727,474402.66124136,,
319.95197,29.490513,474422.41900548,,
313.5611,14.693862,474495.84963731,,
349.0233,47.211876,474571.0301523,,
319.41293,28.481146,474750.31713306,,
317.1789,24.469372,474775.70989643,,
47.035847,11.52716,474829.32715074,,
312.6918,9.865925,474893.89353807,,
39.28521,30.261332,475034.66981505,,
47.642914,6.5611634,475257.11138754,,
342.4052,45.37252,475338.77692965,,
358.27164,47.849884,475655.49378024,,
40.135384,28.640593,475713.64776019,,
6.9590163,47.387814,476010.30610089,,
313.36798,11.812064,476036.91994682,,
312.52087,4.4121842,476515.28035726,,
349.551,46.651608,476848.77497001,,
317.08868,22.800531,476884.61843247,,
331.6047,39.850933,476932.42982158,,
323.9649,33.35361,476965.13212812,,
323.4888,32.790867,477021.45003644,,
336.59702,42.535778,477181.0682663,,
326.21875,35.536377,477215.16948824,,
334.56982,41.47344,477301.21442506,,
11.970118,46.224,477337.96485924,,
44.176605,19.311085,477350.94437595,,
331.74545,39.755463,477446.06206845,,
324.85156,34.06427,477495.75139859,,
47.118763,4.5493007,477769.79148802,,
330.35745,38.689438,477785.7724008,,
46.24088,10.943459,477970.2417348,,
46.91868,6.086102,478008.20833136,,
0.7077563,47.15488,478227.83716046,,
323.41727,32.119904,478261.93230707,,
358.35327,47.101852,478354.19294971,,
323.73163,32.412685,478419.46369542,,
317.12762,21.697985,478502.78344862,,
342.76547,44.489216,478617.63301368,,
336.10953,41.818287,478634.14397427,,
324.78333,33.344322,478938.23302064,,
333.14685,40.081463,478976.42386251,,
346.55502,45.3791,479128.47286495,,
315.8244,17.717031,479136.6334863,,
350.79858,46.202198,479141.85869122,,
15.600529,44.815414,479152.60759369,,
328.4532,36.702515,479156.48968602,,
359.51132,46.89009,479188.653118,,
313.59396,7.178996,479404.15364396,,
314.68564,13.344202,479430.42344941,,
313.3194,3.4240403,479602.89376041,,
333.73666,40.04468,480077.74738859,,
353.8198,46.270374,480282.93051326,,
320.8643,27.620384,480288.64166778,,
27.83379,38.971554,480360.21888084,,
333.91306,40.04536,480370.92996617,,
316.99777,19.873138,480435.22018733,,
317.4667,21.00198,480479.83652142,,
332.63138,39.172962,480632.15620316,,
318.14413,22.415855,480654.74596106,,
334.0698,39.939682,480935.3398281,,
316.90253,19.053677,481121.83259426,,
354.27603,46.06074,481192.55789687,,
334.38718,39.983883,481334.3581199,,
317.47754,20.339235,481370.83310212,,
353.35495,45.716213,482074.46183704,,
317.92096,20.846672,482106.00368044,,
45.117485,10.32811,482274.84738913,,
353.19153,45.61082,482381.92299001,,
359.02982,45.94908,482554.70814514,,
316.77655,17.389162,482608.47412916,,
325.57605,32.43565,482840.14215875,,
38.13389,27.671051,482959.95701427,,
355.10062,45.61067,483065.12353643,,
334.7569,39.56804,483146.07954417,,
355.37592,45.594627,483202.78338145,,
356.1186,45.645046,483215.76624712,,
342.20245,42.870472,483308.25749229,,
3.4306252,45.63236,483362.25400328,,
355.32727,45.538414,483389.97898331,,
355.841,45.55004,483487.68736371,,
357.02524,45.587273,483613.68984753,,
314.8115,7.3054514,483664.58802465,,
37.96711,27.432125,483855.83577649,,
45.449883,3.8433726,483924.25881161,,
18.750872,42.314796,483998.09469802,,
35.96732,30.090225,484018.4991845,,
354.76016,45.27629,484153.41694123,,
318.8631,21.473776,484185.99315614,,
37.847885,27.411783,484221.038895,,
314.65384,3.8006446,484306.11869216,,
322.25024,27.481653,484362.03868981,,
316.84323,15.90183,484390.98965209,,
314.92975,6.548968,484408.78730456,,
318.88367,21.272783,484528.33310127,,
38.06136,26.81481,484714.59695185,,
316.95694,15.908601,484761.95507173,,
328.57678,34.47731,484936.29360637,,
40.360916,22.448584,485165.24685463,,
339.58575,41.28227,485174.90023909,,
39.881535,23.274984,485363.77413436,,
316.68655,14.245766,485455.30629237,,
39.208694,24.461802,485472.54013553,,
350.00854,44.247803,485521.52316005,,
328.29877,33.98312,485527.50947636,,
350.1573,44.256622,485583.95208259,,
42.491344,16.320534,486163.31503891,,
20.169909,41.047062,486237.46296128,,
317.47546,15.819884,486574.45275043,,
323.43582,28.004614,486595.2282066,,
330.76532,35.64351,486596.12035927,,
319.05157,20.121471,486611.60807969,,
323.7183,28.367718,486645.40662167,,
316.17224,9.65683,487198.16223808,,
11.792796,43.389015,487246.74420276,,
316.9443,13.157334,487288.09976506,,
323.63745,27.840502,487453.2138715,,
318.71634,18.507587,487605.27548011,,
316.81183,11.902684,487853.9037942,,
324.0585,28.18445,487909.31409595,,
316.54968,10.460179,487993.09139489,,
328.91006,33.491585,488071.96943455,,
44.004246,6.824675,488077.19658185,,
317.22485,13.171149,488231.46719202,,
323.79056,27.648508,488235.32362939,,
324.2795,28.311996,488243.7407763,,
316.93198,11.904067,488266.16980654,,
316.55588,9.577552,488588.67917911,,
352.92636,43.827408,488592.45930571,,
316.65622,9.995812,488672.58653718,,
316.7124,10.139255,488774.24765722,,
353.97018,43.88931,488815.6888103,,
318.2417,15.99438,488931.25071083,,
316.17993,6.355142,488931.28484639,,
325.99844,30.022549,489140.71076935,,
329.4045,33.27765,489686.84975305,,
13.269089,42.303047,489751.61383207,,
39.154736,21.809921,489777.84358778,,
328.8406,32.38908,490571.92767472,,
41.07696,16.451513,490679.59155021,,
316.85123,7.6604185,490710.49748058,,
316.8182,6.860354,490978.20789887,,
341.8334,40.1002,491824.9422843,,
6.0106306,42.995865,492002.51832217,,
324.74414,27.008917,492044.79309304,,
318.08826,12.049266,492121.9917956,,
317.98227,11.55113,492155.43516916,,
23.959015,37.199287,492159.6946713,,
328.8697,31.742048,492175.94485539,,
318.16516,11.960594,492457.92183931,,
349.4411,42.107048,492589.19598036,,
30.848087,31.745605,492817.40355947,,
42.568928,7.30968,492935.56961654,,
322.9988,23.739561,493107.35438591,,
6.987226,42.453407,493500.60943297,,
329.46268,31.682755,493679.88582809,,
329.29337,31.475018,493786.51641596,,
317.94464,8.045912,494363.47211647,,
40.443123,14.899998,494446.20411097,,
322.14584,21.2794,494532.26665756,,
322.76,22.063478,495161.86840497,,
339.87387,38.108276,495465.16862637,,
40.62629,13.088503,495604.9524913,,
26.137697,34.55842,495627.89383145,,
343.0761,39.392803,495632.17982816,,
318.08322,5.83247,495914.02658615,,
34.37451,26.225435,495956.90678767,,
41.301506,9.498944,496123.47882817,,
30.360455,30.810888,496164.74150618,,
352.85294,41.668934,496199.81025678,,
26.202604,34.2905,496229.37517903,,
318.72064,9.42403,496250.39578803,,
19.960789,37.834934,496550.90858109,,
41.910713,3.8821552,496594.88679892,,
329.32736,30.248644,496752.80089154,,
29.382502,31.472345,496810.64210454,,
318.8182,9.058021,496828.86096833,,
318.39307,6.1027455,496903.45821092,,
41.240433,8.511826,496961.16224322,,
320.92023,16.627949,497004.50254377,,
318.09146,-0.2356477,497127.31229507,,
0.7231227,41.768505,497614.98956399,,
20.147924,37.383503,497671.61641318,,
36.920147,20.996433,497803.25862976,,
328.68317,29.107014,497811.78877784,,
39.83713,13.521271,497863.7204351,,
321.50754,17.432701,497911.79742176,,
321.1645,16.337494,498146.38929476,,
41.022255,7.7616715,498160.67016364,,
328.9537,29.189001,498289.3552852,,
36.868027,20.753136,498337.22982691,,
32.038597,28.028069,498387.16968905,,
328.6251,28.754898,498456.87258967,,
328.53134,28.614672,498535.90668462,,
328.90283,28.863735,498899.03485222,,
329.9226,29.811918,499184.57590915,,
328.46045,28.165771,499349.07254865,,
321.03207,14.89586,499353.08764169,,
328.76605,28.48723,499403.03889568,,
10.169587,40.196,499500.29100268,,
322.10382,17.570333,499647.17310919,,
41.061546,3.7149115,499681.62473564,,
321.3751,15.406999,499917.69891918,,
328.7899,27.893055,500777.59719752,,
322.4638,17.492039,500900.94238013,,
336.1796,34.20779,500981.63574907,,
37.78568,16.80211,500985.56116305,,
322.42056,17.139046,501221.07024161,,
39.89723,9.027703,501340.32559728,,
322.49484,17.127296,501474.82136637,,
36.3143,19.738647,501575.19768172,,
30.57705,28.243006,501579.54896885,,
323.10687,18.353458,501777.69809673,,
319.43405,1.6203407,501866.26271536,,
29.139242,29.612698,501866.55551785,,
324.2111,20.567818,501903.07427887,,
321.78085,14.517404,502250.69432603,,
35.144268,21.518867,502296.13266083,,
35.228905,21.327353,502361.41171739,,
320.92368,11.189466,502563.73984357,,
341.40802,36.458736,502806.3547705,,
355.03372,40.054848,502883.92841685,,
329.53384,27.67008,503139.23601803,,
320.95334,10.521147,503209.73946627,,
320.82944,9.669299,503426.84841051,,
319.88422,0.880478,503554.2887246,,
323.82278,18.242691,504186.29578203,,
36.614887,17.162804,504281.21140899,,
330.18924,27.828388,504411.61602979,,
320.3071,3.8613362,504542.35577197,,
12.811038,37.929924,504992.39895455,,
323.09027,15.860511,504997.01062277,,
346.0218,37.46049,505360.49861615,,
321.47745,9.872704,505525.42678962,,
320.55222,3.1903539,505599.91177408,,
38.087227,11.532147,505657.08627297,,
322.50974,13.585239,505680.88269262,,
35.83265,17.938213,505701.2922878,,
338.47598,33.95955,505789.02380452,,
320.56693,2.1421702,505865.75672757,,
36.464607,16.10319,506139.13885257,,
12.317027,37.689117,506287.1807756,,
321.36157,8.141487,506321.20537276,,
324.69067,18.495829,506536.92689884,,
38.965115,4.9748096,506767.60293261,,
35.063744,18.833725,506796.87449528,,
1.3839608,39.18239,506869.59080141,,
323.56635,15.549213,506930.51092807,,
12.971833,37.261497,507084.28855448,,
330.2518,26.640953,507237.74868107,,
19.690325,34.40771,507485.14817702,,
336.2687,31.865026,507709.59497514,,
27.783243,28.369452,508032.75049022,,
321.3054,2.7561917,508401.81898698,,
355.96957,38.575645,508489.33994383,,
32.54808,22.256933,508583.14763418,,
323.89633,14.868161,508835.30264335,,
329.84952,25.343946,509028.22624647,,
3.9245014,38.42462,509062.79768351,,
322.14526,7.513689,509460.11952691,,
321.88965,5.4867535,509602.3837811,,
326.93433,20.8347,509611.59025507,,
35.705853,15.136103,509813.12563284,,
325.0109,16.53233,510325.12486838,,
340.37323,33.470554,510429.22670829,,
337.75073,31.56453,511401.54967103,,
323.62787,11.104663,511903.81588016,,
339.6182,32.494053,512083.71279619,,
13.8037405,35.45899,512206.72677795,,
323.99783,11.828548,512479.97257314,,
322.83942,6.1978674,512639.28823786,,
324.9723,14.563285,512732.98346118,,
37.3945,3.9657238,512735.02062478,,
324.8489,13.942805,513065.40249911,,
333.7031,27.525581,513568.96375854,,
344.18896,34.250694,513664.22501494,,
35.279537,12.767031,513954.25285588,,
329.67142,22.470959,514448.29577392,,
329.60052,22.343124,514501.49003243,,
324.8436,11.8619375,515311.15047114,,
325.8868,14.708828,515543.193507,,
329.97977,22.171682,515897.22160477,,
4.4175725,36.38137,516197.61351381,,
3.9020858,36.37605,516398.46776961,,
324.79242,10.399655,516526.99639675,,
33.347263,15.764957,516625.98710015,,
350.7185,35.43044,516702.43862855,,
342.83963,32.584675,517026.93493978,,
36.052094,5.116346,517087.67948611,,
30.144217,21.348656,517145.13625511,,
36.15877,3.5232382,517295.90118091,,
6.22146,35.774933,517533.75067039,,
5.175017,35.884304,517658.83911434,,
344.57227,33.16671,517665.75979129,,
345.89438,33.68803,517687.41395674,,
11.936769,34.35397,517943.94824627,,
33.304146,14.83467,518012.1627493,,
350.44012,34.974583,518052.98007294,,
33.794117,13.161767,518468.09736257,,
336.21332,27.713127,518775.26198378,,
345.43454,33.17096,518794.60683222,,
337.46024,28.691652,518818.83787877,,
349.6524,34.510693,518963.135817,,
347.0282,33.66114,519129.13698699,,
328.3369,17.611622,519187.56874118,,
337.16782,28.249165,519406.38723884,,
338.50317,29.18207,519571.30080679,,
338.68826,29.219618,519830.22929813,,
34.642838,8.699761,519891.43229651,,
327.49008,14.9897,520373.23130188,,
5.0382595,34.994423,520886.12553328,,
331.93246,22.151701,521322.27043849,,
4.4553943,34.939453,521328.5288789,,
354.63144,34.822002,521345.87197421,,
34.00169,8.246489,522467.20970523,,
34.43427,5.1628957,522821.23589446,,
338.98593,28.280214,523053.78884355,,
325.4264,2.9572413,523137.03288607,,
328.21545,14.6675415,523148.58092598,,
346.73877,32.32482,523207.93172923,,
34.457623,4.019548,523215.07567434,,
338.29654,27.695572,523267.67042706,,
331.5767,20.598265,523474.62729304,,
30.201937,17.53948,523782.46604167,,
33.9505,4.2032437,524956.59188658,,
335.44736,24.401985,525337.96913765,,
355.65082,33.785984,525485.57741164,,
327.58023,10.664338,525793.9792436,,
332.22717,20.227907,526041.1424703,,
332.2121,20.095964,526258.58632574,,
355.79407,33.561226,526344.81668789,,
20.356068,27.198942,527397.57415463,,
329.88913,15.401297,527439.52263442,,
329.846,14.922914,528010.39801958,,
333.80136,21.24247,528306.84867436,,
327.6132,7.791521,528438.94169746,,
331.55676,17.58867,529015.47158013,,
327.08878,1.7896851,529364.23623549,,
328.61597,10.459719,529518.26117055,,
31.520576,9.94446,529569.50653198,,
23.917097,23.262093,529636.47847261,,
6.0118837,32.123486,530561.08919985,,
328.95154,10.5191145,530594.37532846,,
18.912033,26.931648,531010.71439802,,
349.82214,30.898664,531454.81781951,,
5.387063,31.830687,531950.24039822,,
339.5042,25.270435,532415.43756187,,
351.2438,30.846867,532989.47074738,,
348.38684,29.868816,533333.61114879,,
18.012188,26.60727,533671.05803364,,
351.5444,30.422375,534719.48995282,,
27.427313,16.0528,534736.64800959,,
344.4621,27.639551,534942.89436135,,
346.3061,28.462809,535192.24478294,,
346.5146,28.47962,535436.67651848,,
355.50577,30.966827,535466.99284771,,
15.351765,27.557882,535499.57458464,,
4.9231677,30.8798,535566.69028898,,
338.04895,22.772882,535615.15835853,,
343.55875,26.908518,535641.60308273,,
345.2317,27.542028,536485.33359576,,
23.216509,21.07376,536555.78926961,,
29.557219,9.344243,536862.88803737,,
333.40955,15.795558,537726.57290578,,
345.7609,27.408356,537731.69014321,,
355.6485,30.310308,537870.03877996,,
343.86105,26.28734,538046.12388351,,
336.52026,19.877758,538576.58473208,,
335.32062,18.102869,539036.37374191,,
348.8627,28.298954,539128.01638311,,
334.1862,16.302958,539174.34910459,,
338.24057,21.427073,539395.57491328,,
339.10458,22.194532,539582.88820232,,
348.6974,27.882196,540306.82675672,,
339.19318,21.372746,541859.48315354,,
335.27072,15.9765835,543002.20902986,,
19.434265,22.134108,543136.14140659,,
341.71823,22.921484,543570.46325821,,
339.7721,21.15566,543798.06806139,,
19.052893,22.207281,543806.14613378,,
355.92163,28.604893,544068.61066342,,
333.95493,12.664567,544441.35129273,,
352.3043,27.624344,545058.80529865,,
334.49808,13.2656355,545257.50557301,,
19.175308,21.510046,545364.70061943,,
1.2098174,28.309671,545999.85668567,,
17.043726,22.867535,546320.96720137,,
337.43176,17.445082,546325.83278845,,
356.9272,27.963598,546773.85765384,,
7.691624,26.970474,547320.48348982,,
339.4546,19.359966,547418.98759293,,
343.39133,22.774418,547472.97225958,,
355.26468,27.426025,547918.05717026,,
332.4566,2.9325328,548327.08182079,,
23.986317,14.127816,548553.04780082,,
22.812164,15.959722,548661.12614279,,
343.72003,22.549303,548780.35835936,,
340.18472,19.51238,548888.09413675,,
11.328781,25.22038,549017.02576356,,
355.21893,27.088135,549088.67203742,,
4.0879297,27.082062,549483.22702783,,
349.7323,25.383375,549888.41437405,,
350.442,25.632883,549923.1928452,,
333.18747,3.5141766,550710.30379268,,
17.220499,20.64321,552097.47355078,,
348.88995,24.237165,552521.67434837,,
339.00812,16.33668,553064.18562923,,
333.87265,3.2106564,553283.59855884,,
357.14584,25.982906,553937.8961742,,
16.903847,20.130344,554189.18710884,,
349.99802,23.91145,555101.22222887,,
339.99655,16.52541,555375.70595847,,
359.1055,25.47043,556253.69669629,,
336.22495,9.345313,556393.74607582,,
341.63208,17.884579,556490.93332483,,
334.94748,3.6541932,556917.8914911,,
334.93195,3.5156803,556928.67810274,,
341.99136,18.02396,557044.91581384,,
349.38852,22.656513,558362.39735637,,
336.8253,9.133408,558659.13523204,,
341.87924,17.007998,559242.05918238,,
341.52292,16.343641,559881.37184695,,
340.8766,15.529607,559979.64555082,,
11.768594,21.368576,560658.89489896,,
349.76288,22.114511,560661.37818947,,
14.091523,19.930592,560727.41325942,,
24.07218,2.565267,560878.619095,,
341.54208,15.883079,560992.02571729,,
350.20865,22.205715,560994.1455631,,
350.97684,22.469687,561145.18320204,,
10.868702,21.610897,561338.59290543,,
339.35168,11.768614,562900.65658183,,
350.32773,21.565401,563254.51197441,,
11.299735,20.748201,563378.78139153,,
355.1555,23.011843,563439.24094188,,
8.097742,22.037685,563729.02126951,,
351.07422,21.704458,563810.84513635,,
351.2957,21.775309,563861.59577814,,
17.043425,16.108406,564171.75553076,,
17.870438,15.1782255,564175.08119041,,
20.68131,10.695125,564570.08405836,,
18.352158,14.316935,564755.93974947,,
21.874964,7.5567913,564902.04477604,,
350.32834,21.027227,565009.28030241,,
337.08984,2.6320257,565010.06452744,,
21.198702,8.764092,565698.32180617,,
337.4365,3.7735622,565701.82276635,,
17.139713,15.214397,566044.10378928,,
337.46317,3.2590313,566067.2603928,,
342.8707,15.022976,566516.80994692,,
337.36725,0.0139996,566522.08523215,,
339.45987,9.377127,567018.2944222,,
344.11603,15.608506,568341.35993782,,
4.7392483,21.481009,568895.67000338,,
344.81918,15.916284,569308.97563828,,
339.02313,6.1333475,569461.41578246,,
4.160099,21.176558,570373.66108743,,
7.433366,20.247526,570545.99969459,,
341.0204,10.311384,570568.70869484,,
4.171643,21.064413,570761.69851877,,
18.485956,10.951879,571000.96021588,,
5.3036823,20.56254,571655.52788092,,
341.03268,9.628447,571713.25558692,,
338.93652,2.3627326,571717.4627327,,
13.794371,16.141594,571993.48419089,,
348.8809,17.61858,573338.61559945,,
351.86554,19.079067,573547.59305411,,
20.316395,3.575354,573784.21855165,,
344.1853,13.385241,573812.06337581,,
2.8496847,20.283562,574292.12790925,,
339.76053,2.6277957,574551.90233803,,
17.48124,10.634365,574649.66495238,,
5.312297,19.558876,575135.36737892,,
18.53316,6.6348796,577275.60492405,,
340.7041,3.389042,577511.6951024,,
16.209845,11.097127,577583.96900456,,
18.460184,6.548573,577623.29789283,,
19.439539,0.9475351,577937.78622125,,
341.19797,4.821063,578201.00091913,,
349.098,15.653246,579609.58662269,,
355.61255,18.49761,579624.86779706,,
351.90775,17.137785,579958.9549,,
353.3258,17.100338,582046.78485307,,
353.3037,16.73533,583237.20394781,,
357.90808,17.655619,584009.29347654,,
357.87152,17.584198,584249.36733305,,
352.4495,16.061562,584260.59037882,,
10.735291,13.941214,584890.52784667,,
8.590735,15.307912,584988.08234378,,
4.12663,16.647589,586305.49419236,,
16.511059,4.3980875,586544.34025202,,
351.84012,14.819772,587255.31723742,,
354.54346,15.987039,587269.58389195,,
357.77383,16.462019,588212.16468264,,
359.89886,16.46179,588736.46844409,,
348.08438,11.183224,589370.41058579,,
344.59506,3.4542658,591198.0748476,,
346.2145,7.469273,591680.06106806,,
346.60834,8.026508,591929.79297716,,
7.68118,13.497389,592219.36573871,,
353.8007,14.225376,592229.14465414,,
10.624471,11.106969,592833.78580834,,
353.04208,13.642794,592975.42113,,
11.122262,10.134854,593985.13980311,,
357.8516,14.791564,594204.02778484,,
350.95773,10.990134,596892.8281605,,
10.922509,9.065866,597025.80167844,,
6.6639233,11.857169,599118.94671612,,
352.91217,11.080731,600732.75261346,,
353.21127,10.693182,602478.26484717,,
6.2293377,10.593311,603824.11742185,,
5.9811144,10.138975,605679.23511198,,
358.48972,11.474604,606339.91016376,,
10.501447,3.591874,608068.04492945,,
4.8424435,9.670241,609103.39802735,,
4.4781327,9.721994,609498.85710016,,
358.7861,10.235391,610897.1010757,,
358.51086,9.008527,615132.8098031,,
7.846485,3.6733594,616827.98842361,,
357.68314,8.293122,617009.4213322,,
5.971717,5.954475,617668.2951906,,
359.41672,8.142137,618613.69653618,,
357.11194,7.635231,618623.42581128,,
357.20145,7.6510153,618681.91684258,,
359.4696,7.8735,619591.56232246,,
358.88593,7.793943,619658.36482007,,
358.90002,6.9939504,622513.80961422,,
357.9678,6.7159734,622744.72282015,,
358.95053,6.827759,623132.76405898,,
359.3042,6.856616,623190.01624113,,
5.4862347,3.8010366,623984.34230894,,
359.02832,6.570824,624088.91297663,,
359.37238,6.138898,625785.20914738,,
355.89532,4.4540257,626205.04618998,,
355.45105,3.9238384,626382.88281157,,
4.873412,3.4756978,626459.64265901,,
4.2169046,4.185745,626619.79184423,,
359.1397,5.731009,627137.97351191,,
354.83542,2.156117,627856.3582121,,
357.78073,4.0849376,631267.34642542,,
358.04236,4.1948724,631337.61544197,,
359.55313,4.4594245,631865.83124866,,
358.22458,3.9157107,632524.18780245,,
358.34946,3.661826,633541.8238304,,
